email,no. of player wins,no. of computer wins,no. of moves,draw,game
t@em.ie,1,0,7,no,1
t@em.ie,2,0,13,no,2
t@em.ie,2,1,22,no,3
t@em.ie,3,1,27,no,4
t@em.ie,4,1,34,no,5
t@em.ie,5,1,42,no,6
t@em.ie,5,2,50,no,7
t@em.ie,6,2,56,no,8
t@em.ie,7,2,69,no,9
t@em.ie,7,3,84,no,10
t@em.ie,8,3,94,no,11
t@em.ie,9,3,101,no,12
t@em.ie,10,3,115,no,13
t@em.ie,10,4,124,no,14
t@em.ie,11,4,130,no,15
t@em.ie,12,4,136,no,16
t@em.ie,13,4,147,no,17
t@em.ie,14,4,155,no,18
t@em.ie,15,4,160,no,19
t@em.ie,16,4,169,no,20
t@em.ie,17,4,179,no,21
t@em.ie,17,5,192,no,22
t@em.ie,18,5,203,no,23
t@em.ie,18,6,215,no,24
t@em.ie,19,6,221,no,25
t@em.ie,19,7,228,no,26
t@em.ie,20,7,235,no,27
t@em.ie,20,8,249,no,28
t@em.ie,21,8,259,no,29
t@em.ie,22,8,266,no,30
t@em.ie,23,8,273,no,31
t@em.ie,24,8,280,no,32
t@em.ie,25,8,286,no,33
t@em.ie,25,9,302,no,34
t@em.ie,26,9,308,no,35
t@em.ie,27,9,318,no,36
t@em.ie,28,9,324,no,37
t@em.ie,29,9,334,no,38
t@em.ie,30,9,341,no,39
t@em.ie,31,9,349,no,40
t@em.ie,32,9,353,no,41
t@em.ie,33,9,365,no,42
t@em.ie,33,10,372,no,43
t@em.ie,34,10,381,no,44
t@em.ie,35,10,392,no,45
t@em.ie,36,10,399,no,46
t@em.ie,37,10,404,no,47
t@em.ie,38,10,413,no,48
t@em.ie,39,10,423,no,49
t@em.ie,40,10,432,no,50
t@em.ie,41,10,445,no,51
t@em.ie,42,10,455,no,52
t@em.ie,43,10,463,no,53
t@em.ie,44,10,467,no,54
t@em.ie,45,10,476,no,55
t@em.ie,46,10,489,no,56
t@em.ie,46,11,499,no,57
t@em.ie,47,11,506,no,58
t@em.ie,48,11,515,no,59
t@em.ie,49,11,527,no,60
t@em.ie,50,11,534,no,61
t@em.ie,51,11,538,no,62
t@em.ie,52,11,549,no,63
t@em.ie,52,12,558,no,64
t@em.ie,52,13,568,no,65
t@em.ie,52,14,577,no,66
t@em.ie,52,15,584,no,67
t@em.ie,53,15,591,no,68
t@em.ie,54,15,600,no,69
t@em.ie,54,16,610,no,70
t@em.ie,55,16,619,no,71
t@em.ie,56,16,625,no,72
t@em.ie,57,16,631,no,73
t@em.ie,58,16,636,no,74
t@em.ie,59,16,645,no,75
t@em.ie,60,16,655,no,76
t@em.ie,61,16,665,no,77
t@em.ie,62,16,673,no,78
t@em.ie,62,17,683,no,79
t@em.ie,63,17,695,no,80
t@em.ie,64,17,704,no,81
t@em.ie,64,18,715,no,82
t@em.ie,65,18,726,no,83
t@em.ie,66,18,730,no,84
t@em.ie,67,18,735,no,85
t@em.ie,67,19,740,no,86
t@em.ie,68,19,749,no,87
t@em.ie,69,19,755,no,88
t@em.ie,70,19,762,no,89
t@em.ie,70,20,769,no,90
t@em.ie,71,20,778,no,91
t@em.ie,72,20,782,no,92
t@em.ie,73,20,787,no,93
t@em.ie,74,20,800,no,94
t@em.ie,75,20,809,no,95
t@em.ie,76,20,815,no,96
t@em.ie,76,21,827,no,97
t@em.ie,77,21,835,no,98
t@em.ie,77,22,844,no,99
t@em.ie,78,22,852,no,100
t@em.ie,79,22,861,no,101
t@em.ie,80,22,869,no,102
t@em.ie,81,22,879,no,103
t@em.ie,81,23,892,no,104
t@em.ie,82,23,904,no,105
t@em.ie,83,23,914,no,106
t@em.ie,83,24,925,no,107
t@em.ie,84,24,936,no,108
t@em.ie,85,24,949,no,109
t@em.ie,86,24,959,no,110
t@em.ie,87,24,969,no,111
t@em.ie,87,25,975,no,112
t@em.ie,88,25,985,no,113
t@em.ie,88,26,994,no,114
t@em.ie,89,26,1007,no,115
t@em.ie,90,26,1019,no,116
t@em.ie,91,26,1028,no,117
t@em.ie,91,27,1034,no,118
t@em.ie,91,28,1042,no,119
t@em.ie,92,28,1056,no,120
t@em.ie,93,28,1070,no,121
t@em.ie,94,28,1077,no,122
t@em.ie,94,29,1082,no,123
t@em.ie,94,30,1091,no,124
t@em.ie,95,30,1100,no,125
t@em.ie,96,30,1110,no,126
t@em.ie,97,30,1117,no,127
t@em.ie,98,30,1124,no,128
t@em.ie,99,30,1130,no,129
t@em.ie,100,30,1141,no,130
t@em.ie,101,30,1148,no,131
t@em.ie,102,30,1153,no,132
t@em.ie,103,30,1160,no,133
t@em.ie,104,30,1170,no,134
t@em.ie,105,30,1175,no,135
t@em.ie,105,31,1187,no,136
t@em.ie,106,31,1194,no,137
t@em.ie,107,31,1202,no,138
t@em.ie,107,32,1211,no,139
t@em.ie,108,32,1223,no,140
t@em.ie,108,33,1234,no,141
t@em.ie,108,34,1239,no,142
t@em.ie,109,34,1246,no,143
t@em.ie,110,34,1254,no,144
t@em.ie,111,34,1260,no,145
t@em.ie,112,34,1265,no,146
t@em.ie,113,34,1276,no,147
t@em.ie,114,34,1292,no,148
t@em.ie,114,35,1300,no,149
t@em.ie,115,35,1310,no,150
t@em.ie,116,35,1320,no,151
t@em.ie,117,35,1328,no,152
t@em.ie,118,35,1335,no,153
t@em.ie,119,35,1341,no,154
t@em.ie,120,35,1348,no,155
t@em.ie,121,35,1358,no,156
t@em.ie,122,35,1366,no,157
t@em.ie,123,35,1372,no,158
t@em.ie,123,36,1385,no,159
t@em.ie,124,36,1399,no,160
t@em.ie,125,36,1408,no,161
t@em.ie,126,36,1419,no,162
t@em.ie,127,36,1428,no,163
t@em.ie,128,36,1436,no,164
t@em.ie,129,36,1448,no,165
t@em.ie,129,37,1455,no,166
t@em.ie,130,37,1465,no,167
t@em.ie,131,37,1474,no,168
t@em.ie,132,37,1488,no,169
t@em.ie,132,38,1498,no,170
t@em.ie,132,39,1511,no,171
t@em.ie,133,39,1516,no,172
t@em.ie,134,39,1527,no,173
t@em.ie,135,39,1533,no,174
t@em.ie,135,40,1545,no,175
t@em.ie,135,41,1560,no,176
t@em.ie,136,41,1564,no,177
t@em.ie,137,41,1572,no,178
t@em.ie,137,42,1585,no,179
t@em.ie,138,42,1589,no,180
t@em.ie,139,42,1600,no,181
t@em.ie,139,43,1618,no,182
t@em.ie,139,44,1633,no,183
t@em.ie,140,44,1639,no,184
t@em.ie,141,44,1653,no,185
t@em.ie,142,44,1663,no,186
t@em.ie,143,44,1669,no,187
t@em.ie,144,44,1677,no,188
t@em.ie,145,44,1683,no,189
t@em.ie,146,44,1692,no,190
t@em.ie,147,44,1703,no,191
t@em.ie,148,44,1709,no,192
t@em.ie,148,45,1721,no,193
t@em.ie,148,46,1733,no,194
t@em.ie,149,46,1740,no,195
t@em.ie,150,46,1744,no,196
t@em.ie,151,46,1750,no,197
t@em.ie,151,47,1759,no,198
t@em.ie,152,47,1767,no,199
t@em.ie,153,47,1773,no,200
t@em.ie,154,47,1778,no,201
t@em.ie,155,47,1785,no,202
t@em.ie,156,47,1793,no,203
t@em.ie,156,48,1799,no,204
t@em.ie,157,48,1804,no,205
t@em.ie,157,49,1817,no,206
t@em.ie,157,50,1828,no,207
t@em.ie,158,50,1834,no,208
t@em.ie,159,50,1842,no,209
t@em.ie,160,50,1849,no,210
t@em.ie,160,51,1857,no,211
t@em.ie,161,51,1865,no,212
t@em.ie,162,51,1870,no,213
t@em.ie,162,52,1879,no,214
t@em.ie,163,52,1890,no,215
t@em.ie,163,53,1897,no,216
t@em.ie,164,53,1903,no,217
t@em.ie,165,53,1907,no,218
t@em.ie,166,53,1923,no,219
t@em.ie,167,53,1935,no,220
t@em.ie,167,54,1944,no,221
t@em.ie,167,55,1963,no,222
t@em.ie,168,55,1970,no,223
t@em.ie,169,55,1982,no,224
t@em.ie,169,56,1991,no,225
t@em.ie,170,56,1995,no,226
t@em.ie,171,56,1999,no,227
t@em.ie,171,57,2007,no,228
t@em.ie,172,57,2012,no,229
t@em.ie,173,57,2020,no,230
t@em.ie,174,57,2028,no,231
t@em.ie,175,57,2036,no,232
t@em.ie,176,57,2046,no,233
t@em.ie,177,57,2056,no,234
t@em.ie,178,57,2063,no,235
t@em.ie,179,57,2069,no,236
t@em.ie,180,57,2080,no,237
t@em.ie,181,57,2086,no,238
t@em.ie,181,58,2093,no,239
t@em.ie,181,59,2100,no,240
t@em.ie,182,59,2112,no,241
t@em.ie,182,60,2118,no,242
t@em.ie,183,60,2131,no,243
t@em.ie,184,60,2143,no,244
t@em.ie,185,60,2155,no,245
t@em.ie,185,61,2163,no,246
t@em.ie,185,62,2168,no,247
t@em.ie,186,62,2181,no,248
t@em.ie,186,63,2189,no,249
t@em.ie,186,64,2206,no,250
t@em.ie,187,64,2215,no,251
t@em.ie,188,64,2223,no,252
t@em.ie,189,64,2230,no,253
t@em.ie,190,64,2237,no,254
t@em.ie,191,64,2248,no,255
t@em.ie,191,65,2255,no,256
t@em.ie,192,65,2264,no,257
t@em.ie,192,66,2272,no,258
t@em.ie,193,66,2280,no,259
t@em.ie,194,66,2291,no,260
t@em.ie,195,66,2299,no,261
t@em.ie,195,66,2320,yes,262
t@em.ie,195,67,2331,no,263
t@em.ie,196,67,2345,no,264
t@em.ie,197,67,2350,no,265
t@em.ie,198,67,2362,no,266
t@em.ie,198,68,2368,no,267
t@em.ie,199,68,2378,no,268
t@em.ie,200,68,2384,no,269
t@em.ie,201,68,2396,no,270
t@em.ie,202,68,2406,no,271
t@em.ie,202,69,2413,no,272
t@em.ie,203,69,2422,no,273
t@em.ie,203,70,2429,no,274
t@em.ie,203,71,2438,no,275
t@em.ie,204,71,2449,no,276
t@em.ie,205,71,2454,no,277
t@em.ie,206,71,2458,no,278
t@em.ie,207,71,2463,no,279
t@em.ie,208,71,2467,no,280
t@em.ie,208,72,2477,no,281
t@em.ie,209,72,2482,no,282
t@em.ie,210,72,2489,no,283
t@em.ie,211,72,2499,no,284
t@em.ie,211,73,2503,no,285
t@em.ie,212,73,2508,no,286
t@em.ie,213,73,2517,no,287
t@em.ie,214,73,2527,no,288
t@em.ie,215,73,2531,no,289
t@em.ie,216,73,2540,no,290
t@em.ie,217,73,2547,no,291
t@em.ie,218,73,2558,no,292
t@em.ie,218,74,2569,no,293
t@em.ie,219,74,2578,no,294
t@em.ie,219,75,2586,no,295
t@em.ie,220,75,2593,no,296
t@em.ie,221,75,2598,no,297
t@em.ie,222,75,2606,no,298
t@em.ie,222,76,2613,no,299
t@em.ie,223,76,2626,no,300
t@em.ie,223,77,2639,no,301
t@em.ie,224,77,2648,no,302
t@em.ie,224,78,2652,no,303
t@em.ie,225,78,2657,no,304
t@em.ie,225,79,2662,no,305
t@em.ie,225,80,2666,no,306
t@em.ie,226,80,2675,no,307
t@em.ie,227,80,2681,no,308
t@em.ie,227,81,2691,no,309
t@em.ie,227,82,2697,no,310
t@em.ie,228,82,2708,no,311
t@em.ie,229,82,2715,no,312
t@em.ie,230,82,2719,no,313
t@em.ie,231,82,2729,no,314
t@em.ie,232,82,2741,no,315
t@em.ie,232,83,2752,no,316
t@em.ie,232,84,2764,no,317
t@em.ie,233,84,2770,no,318
t@em.ie,233,85,2781,no,319
t@em.ie,234,85,2788,no,320
t@em.ie,235,85,2795,no,321
t@em.ie,235,86,2799,no,322
t@em.ie,236,86,2804,no,323
t@em.ie,237,86,2817,no,324
t@em.ie,238,86,2823,no,325
t@em.ie,238,87,2831,no,326
t@em.ie,239,87,2838,no,327
t@em.ie,240,87,2847,no,328
t@em.ie,241,87,2852,no,329
t@em.ie,241,88,2868,no,330
t@em.ie,242,88,2876,no,331
t@em.ie,242,89,2888,no,332
t@em.ie,242,90,2897,no,333
t@em.ie,242,91,2905,no,334
t@em.ie,243,91,2915,no,335
t@em.ie,244,91,2921,no,336
t@em.ie,245,91,2934,no,337
t@em.ie,246,91,2939,no,338
t@em.ie,247,91,2954,no,339
t@em.ie,248,91,2962,no,340
t@em.ie,249,91,2970,no,341
t@em.ie,250,91,2979,no,342
t@em.ie,250,92,2984,no,343
t@em.ie,250,93,2994,no,344
t@em.ie,250,94,3002,no,345
t@em.ie,250,95,3010,no,346
t@em.ie,250,96,3015,no,347
t@em.ie,251,96,3022,no,348
t@em.ie,252,96,3028,no,349
t@em.ie,253,96,3037,no,350
t@em.ie,253,97,3044,no,351
t@em.ie,254,97,3051,no,352
t@em.ie,255,97,3065,no,353
t@em.ie,255,98,3077,no,354
t@em.ie,256,98,3088,no,355
t@em.ie,257,98,3101,no,356
t@em.ie,258,98,3115,no,357
t@em.ie,259,98,3121,no,358
t@em.ie,260,98,3132,no,359
t@em.ie,260,99,3145,no,360
t@em.ie,261,99,3152,no,361
t@em.ie,262,99,3156,no,362
t@em.ie,262,100,3163,no,363
t@em.ie,263,100,3171,no,364
t@em.ie,263,101,3176,no,365
t@em.ie,264,101,3182,no,366
t@em.ie,264,102,3192,no,367
t@em.ie,265,102,3196,no,368
t@em.ie,265,103,3204,no,369
t@em.ie,266,103,3210,no,370
t@em.ie,267,103,3214,no,371
t@em.ie,268,103,3222,no,372
t@em.ie,268,104,3232,no,373
t@em.ie,269,104,3242,no,374
t@em.ie,270,104,3252,no,375
t@em.ie,271,104,3261,no,376
t@em.ie,272,104,3273,no,377
t@em.ie,272,105,3283,no,378
t@em.ie,273,105,3294,no,379
t@em.ie,274,105,3302,no,380
t@em.ie,274,106,3315,no,381
t@em.ie,275,106,3325,no,382
t@em.ie,276,106,3334,no,383
t@em.ie,276,107,3348,no,384
t@em.ie,276,108,3358,no,385
t@em.ie,277,108,3367,no,386
t@em.ie,278,108,3376,no,387
t@em.ie,279,108,3386,no,388
t@em.ie,280,108,3395,no,389
t@em.ie,280,109,3402,no,390
t@em.ie,280,110,3413,no,391
t@em.ie,280,111,3420,no,392
t@em.ie,281,111,3432,no,393
t@em.ie,282,111,3439,no,394
t@em.ie,282,112,3444,no,395
t@em.ie,283,112,3448,no,396
t@em.ie,284,112,3456,no,397
t@em.ie,284,113,3461,no,398
t@em.ie,285,113,3473,no,399
t@em.ie,286,113,3478,no,400
t@em.ie,287,113,3485,no,401
t@em.ie,288,113,3493,no,402
t@em.ie,288,114,3499,no,403
t@em.ie,288,115,3510,no,404
t@em.ie,289,115,3519,no,405
t@em.ie,289,116,3531,no,406
t@em.ie,290,116,3540,no,407
t@em.ie,291,116,3545,no,408
t@em.ie,292,116,3551,no,409
t@em.ie,292,117,3564,no,410
t@em.ie,293,117,3573,no,411
t@em.ie,294,117,3579,no,412
t@em.ie,295,117,3591,no,413
t@em.ie,296,117,3605,no,414
t@em.ie,296,118,3617,no,415
t@em.ie,296,119,3627,no,416
t@em.ie,297,119,3636,no,417
t@em.ie,297,120,3653,no,418
t@em.ie,298,120,3664,no,419
t@em.ie,299,120,3671,no,420
t@em.ie,299,121,3675,no,421
t@em.ie,300,121,3682,no,422
t@em.ie,301,121,3693,no,423
t@em.ie,301,122,3700,no,424
t@em.ie,302,122,3720,no,425
t@em.ie,303,122,3729,no,426
t@em.ie,303,123,3742,no,427
t@em.ie,304,123,3750,no,428
t@em.ie,305,123,3756,no,429
t@em.ie,305,124,3773,no,430
t@em.ie,306,124,3779,no,431
t@em.ie,307,124,3787,no,432
t@em.ie,308,124,3794,no,433
t@em.ie,309,124,3800,no,434
t@em.ie,310,124,3810,no,435
t@em.ie,311,124,3816,no,436
t@em.ie,311,125,3826,no,437
t@em.ie,312,125,3839,no,438
t@em.ie,312,126,3850,no,439
t@em.ie,312,127,3857,no,440
t@em.ie,313,127,3870,no,441
t@em.ie,314,127,3881,no,442
t@em.ie,314,128,3886,no,443
t@em.ie,315,128,3892,no,444
t@em.ie,315,129,3904,no,445
t@em.ie,316,129,3910,no,446
t@em.ie,316,130,3915,no,447
t@em.ie,316,131,3923,no,448
t@em.ie,317,131,3935,no,449
t@em.ie,318,131,3944,no,450
t@em.ie,319,131,3953,no,451
t@em.ie,320,131,3968,no,452
t@em.ie,320,132,3981,no,453
t@em.ie,320,133,3985,no,454
t@em.ie,320,134,3993,no,455
t@em.ie,321,134,3997,no,456
t@em.ie,322,134,4010,no,457
t@em.ie,323,134,4022,no,458
t@em.ie,324,134,4032,no,459
t@em.ie,325,134,4038,no,460
t@em.ie,326,134,4048,no,461
t@em.ie,327,134,4054,no,462
t@em.ie,328,134,4060,no,463
t@em.ie,329,134,4071,no,464
t@em.ie,330,134,4078,no,465
t@em.ie,330,135,4089,no,466
t@em.ie,331,135,4100,no,467
t@em.ie,332,135,4107,no,468
t@em.ie,332,136,4117,no,469
t@em.ie,332,137,4124,no,470
t@em.ie,332,138,4134,no,471
t@em.ie,332,139,4145,no,472
t@em.ie,332,140,4156,no,473
t@em.ie,333,140,4168,no,474
t@em.ie,333,141,4179,no,475
t@em.ie,334,141,4188,no,476
t@em.ie,335,141,4195,no,477
t@em.ie,336,141,4206,no,478
t@em.ie,336,142,4219,no,479
t@em.ie,336,143,4227,no,480
t@em.ie,337,143,4234,no,481
t@em.ie,338,143,4240,no,482
t@em.ie,338,144,4250,no,483
t@em.ie,339,144,4264,no,484
t@em.ie,340,144,4274,no,485
t@em.ie,341,144,4283,no,486
t@em.ie,341,145,4294,no,487
t@em.ie,342,145,4306,no,488
t@em.ie,342,146,4318,no,489
t@em.ie,343,146,4328,no,490
t@em.ie,344,146,4338,no,491
t@em.ie,345,146,4347,no,492
t@em.ie,346,146,4354,no,493
t@em.ie,347,146,4373,no,494
t@em.ie,348,146,4383,no,495
t@em.ie,349,146,4391,no,496
t@em.ie,350,146,4397,no,497
t@em.ie,351,146,4408,no,498
t@em.ie,352,146,4418,no,499
t@em.ie,352,147,4423,no,500
t@em.ie,353,147,4428,no,501
t@em.ie,354,147,4439,no,502
t@em.ie,355,147,4453,no,503
t@em.ie,356,147,4466,no,504
t@em.ie,356,148,4479,no,505
t@em.ie,356,149,4488,no,506
t@em.ie,357,149,4502,no,507
t@em.ie,358,149,4512,no,508
t@em.ie,359,149,4516,no,509
t@em.ie,360,149,4523,no,510
t@em.ie,361,149,4529,no,511
t@em.ie,361,150,4539,no,512
t@em.ie,362,150,4549,no,513
t@em.ie,362,151,4564,no,514
t@em.ie,363,151,4573,no,515
t@em.ie,364,151,4579,no,516
t@em.ie,365,151,4586,no,517
t@em.ie,365,152,4598,no,518
t@em.ie,366,152,4609,no,519
t@em.ie,367,152,4615,no,520
t@em.ie,368,152,4621,no,521
t@em.ie,368,153,4631,no,522
t@em.ie,368,154,4637,no,523
t@em.ie,369,154,4641,no,524
t@em.ie,370,154,4648,no,525
t@em.ie,371,154,4656,no,526
t@em.ie,372,154,4665,no,527
t@em.ie,373,154,4671,no,528
t@em.ie,374,154,4681,no,529
t@em.ie,375,154,4686,no,530
t@em.ie,376,154,4698,no,531
t@em.ie,377,154,4710,no,532
t@em.ie,377,155,4722,no,533
t@em.ie,378,155,4731,no,534
t@em.ie,379,155,4741,no,535
t@em.ie,379,156,4746,no,536
t@em.ie,380,156,4755,no,537
t@em.ie,381,156,4764,no,538
t@em.ie,382,156,4776,no,539
t@em.ie,383,156,4784,no,540
t@em.ie,384,156,4792,no,541
t@em.ie,385,156,4799,no,542
t@em.ie,385,157,4811,no,543
t@em.ie,386,157,4820,no,544
t@em.ie,387,157,4824,no,545
t@em.ie,388,157,4833,no,546
t@em.ie,389,157,4837,no,547
t@em.ie,390,157,4847,no,548
t@em.ie,390,158,4855,no,549
t@em.ie,390,159,4860,no,550
t@em.ie,391,159,4869,no,551
t@em.ie,392,159,4874,no,552
t@em.ie,393,159,4882,no,553
t@em.ie,394,159,4891,no,554
t@em.ie,395,159,4897,no,555
t@em.ie,395,160,4905,no,556
t@em.ie,396,160,4910,no,557
t@em.ie,396,161,4922,no,558
t@em.ie,397,161,4929,no,559
t@em.ie,398,161,4937,no,560
t@em.ie,399,161,4946,no,561
t@em.ie,399,162,4952,no,562
t@em.ie,400,162,4959,no,563
t@em.ie,401,162,4966,no,564
t@em.ie,402,162,4971,no,565
t@em.ie,403,162,4980,no,566
t@em.ie,404,162,4990,no,567
t@em.ie,405,162,5000,no,568
t@em.ie,406,162,5011,no,569
t@em.ie,407,162,5019,no,570
t@em.ie,408,162,5024,no,571
t@em.ie,409,162,5035,no,572
t@em.ie,409,163,5041,no,573
t@em.ie,410,163,5051,no,574
t@em.ie,411,163,5057,no,575
t@em.ie,411,164,5065,no,576
t@em.ie,412,164,5072,no,577
t@em.ie,413,164,5081,no,578
t@em.ie,414,164,5086,no,579
t@em.ie,415,164,5095,no,580
t@em.ie,416,164,5103,no,581
t@em.ie,417,164,5108,no,582
t@em.ie,417,165,5113,no,583
t@em.ie,418,165,5126,no,584
t@em.ie,419,165,5137,no,585
t@em.ie,420,165,5144,no,586
t@em.ie,421,165,5155,no,587
t@em.ie,422,165,5161,no,588
t@em.ie,423,165,5167,no,589
t@em.ie,424,165,5175,no,590
t@em.ie,424,166,5186,no,591
t@em.ie,425,166,5194,no,592
t@em.ie,426,166,5207,no,593
t@em.ie,427,166,5216,no,594
t@em.ie,428,166,5225,no,595
t@em.ie,428,167,5240,no,596
t@em.ie,429,167,5245,no,597
t@em.ie,429,168,5252,no,598
t@em.ie,430,168,5256,no,599
t@em.ie,430,169,5264,no,600
t@em.ie,431,169,5279,no,601
t@em.ie,432,169,5290,no,602
t@em.ie,432,170,5303,no,603
t@em.ie,433,170,5314,no,604
t@em.ie,433,171,5325,no,605
t@em.ie,434,171,5331,no,606
t@em.ie,434,172,5338,no,607
t@em.ie,435,172,5352,no,608
t@em.ie,436,172,5360,no,609
t@em.ie,437,172,5371,no,610
t@em.ie,438,172,5377,no,611
t@em.ie,439,172,5386,no,612
t@em.ie,440,172,5397,no,613
t@em.ie,441,172,5411,no,614
t@em.ie,442,172,5425,no,615
t@em.ie,442,173,5435,no,616
t@em.ie,443,173,5441,no,617
t@em.ie,444,173,5453,no,618
t@em.ie,445,173,5462,no,619
t@em.ie,446,173,5467,no,620
t@em.ie,447,173,5476,no,621
t@em.ie,448,173,5489,no,622
t@em.ie,449,173,5493,no,623
t@em.ie,450,173,5499,no,624
t@em.ie,451,173,5505,no,625
t@em.ie,452,173,5516,no,626
t@em.ie,452,174,5525,no,627
t@em.ie,453,174,5529,no,628
t@em.ie,454,174,5540,no,629
t@em.ie,455,174,5545,no,630
t@em.ie,455,175,5553,no,631
t@em.ie,456,175,5563,no,632
t@em.ie,457,175,5571,no,633
t@em.ie,458,175,5582,no,634
t@em.ie,458,176,5591,no,635
t@em.ie,459,176,5601,no,636
t@em.ie,460,176,5606,no,637
t@em.ie,461,176,5614,no,638
t@em.ie,462,176,5620,no,639
t@em.ie,463,176,5631,no,640
t@em.ie,463,177,5647,no,641
t@em.ie,464,177,5653,no,642
t@em.ie,465,177,5661,no,643
t@em.ie,466,177,5668,no,644
t@em.ie,466,178,5676,no,645
t@em.ie,467,178,5684,no,646
t@em.ie,467,179,5699,no,647
t@em.ie,468,179,5706,no,648
t@em.ie,469,179,5718,no,649
t@em.ie,470,179,5722,no,650
t@em.ie,471,179,5728,no,651
t@em.ie,472,179,5739,no,652
t@em.ie,473,179,5751,no,653
t@em.ie,474,179,5758,no,654
t@em.ie,475,179,5771,no,655
t@em.ie,476,179,5779,no,656
t@em.ie,477,179,5790,no,657
t@em.ie,478,179,5799,no,658
t@em.ie,479,179,5808,no,659
t@em.ie,480,179,5818,no,660
t@em.ie,481,179,5826,no,661
t@em.ie,482,179,5833,no,662
t@em.ie,483,179,5848,no,663
t@em.ie,484,179,5860,no,664
t@em.ie,485,179,5867,no,665
t@em.ie,486,179,5875,no,666
t@em.ie,487,179,5886,no,667
t@em.ie,488,179,5896,no,668
t@em.ie,489,179,5909,no,669
t@em.ie,489,180,5914,no,670
t@em.ie,489,181,5918,no,671
t@em.ie,490,181,5929,no,672
t@em.ie,490,182,5942,no,673
t@em.ie,490,183,5951,no,674
t@em.ie,491,183,5959,no,675
t@em.ie,492,183,5968,no,676
t@em.ie,492,184,5978,no,677
t@em.ie,493,184,5990,no,678
t@em.ie,494,184,5998,no,679
t@em.ie,495,184,6007,no,680
t@em.ie,495,185,6014,no,681
t@em.ie,495,186,6026,no,682
t@em.ie,496,186,6033,no,683
t@em.ie,497,186,6045,no,684
t@em.ie,498,186,6053,no,685
t@em.ie,499,186,6061,no,686
t@em.ie,500,186,6068,no,687
t@em.ie,501,186,6078,no,688
t@em.ie,502,186,6083,no,689
t@em.ie,503,186,6092,no,690
t@em.ie,504,186,6097,no,691
t@em.ie,505,186,6108,no,692
t@em.ie,506,186,6113,no,693
t@em.ie,507,186,6123,no,694
t@em.ie,508,186,6131,no,695
t@em.ie,508,187,6137,no,696
t@em.ie,508,188,6148,no,697
t@em.ie,509,188,6161,no,698
t@em.ie,509,189,6167,no,699
t@em.ie,509,190,6173,no,700
t@em.ie,509,191,6185,no,701
t@em.ie,510,191,6194,no,702
t@em.ie,510,192,6202,no,703
t@em.ie,511,192,6208,no,704
t@em.ie,511,193,6213,no,705
t@em.ie,512,193,6219,no,706
t@em.ie,513,193,6226,no,707
t@em.ie,514,193,6236,no,708
t@em.ie,515,193,6243,no,709
t@em.ie,516,193,6254,no,710
t@em.ie,517,193,6269,no,711
t@em.ie,517,194,6275,no,712
t@em.ie,518,194,6284,no,713
t@em.ie,518,195,6295,no,714
t@em.ie,519,195,6302,no,715
t@em.ie,520,195,6307,no,716
t@em.ie,520,196,6313,no,717
t@em.ie,521,196,6321,no,718
t@em.ie,522,196,6330,no,719
t@em.ie,522,197,6339,no,720
t@em.ie,523,197,6344,no,721
t@em.ie,524,197,6352,no,722
t@em.ie,525,197,6364,no,723
t@em.ie,526,197,6369,no,724
t@em.ie,527,197,6377,no,725
t@em.ie,528,197,6388,no,726
t@em.ie,529,197,6398,no,727
t@em.ie,529,198,6410,no,728
t@em.ie,529,199,6421,no,729
t@em.ie,530,199,6426,no,730
t@em.ie,531,199,6432,no,731
t@em.ie,531,200,6440,no,732
t@em.ie,532,200,6452,no,733
t@em.ie,533,200,6458,no,734
t@em.ie,533,201,6468,no,735
t@em.ie,534,201,6483,no,736
t@em.ie,534,202,6489,no,737
t@em.ie,535,202,6496,no,738
t@em.ie,535,203,6505,no,739
t@em.ie,536,203,6513,no,740
t@em.ie,537,203,6519,no,741
t@em.ie,538,203,6533,no,742
t@em.ie,539,203,6545,no,743
t@em.ie,540,203,6551,no,744
t@em.ie,541,203,6559,no,745
t@em.ie,542,203,6573,no,746
t@em.ie,543,203,6583,no,747
t@em.ie,544,203,6591,no,748
t@em.ie,545,203,6601,no,749
t@em.ie,546,203,6609,no,750
t@em.ie,547,203,6613,no,751
t@em.ie,548,203,6620,no,752
t@em.ie,549,203,6628,no,753
t@em.ie,549,204,6643,no,754
t@em.ie,550,204,6655,no,755
t@em.ie,551,204,6661,no,756
t@em.ie,552,204,6673,no,757
t@em.ie,553,204,6682,no,758
t@em.ie,554,204,6686,no,759
t@em.ie,554,205,6704,no,760
t@em.ie,554,206,6714,no,761
t@em.ie,555,206,6723,no,762
t@em.ie,556,206,6732,no,763
t@em.ie,556,207,6741,no,764
t@em.ie,556,208,6751,no,765
t@em.ie,557,208,6766,no,766
t@em.ie,558,208,6773,no,767
t@em.ie,559,208,6787,no,768
t@em.ie,560,208,6793,no,769
t@em.ie,561,208,6803,no,770
t@em.ie,562,208,6812,no,771
t@em.ie,563,208,6819,no,772
t@em.ie,564,208,6827,no,773
t@em.ie,565,208,6839,no,774
t@em.ie,565,209,6847,no,775
t@em.ie,565,210,6855,no,776
t@em.ie,566,210,6865,no,777
t@em.ie,567,210,6877,no,778
t@em.ie,568,210,6889,no,779
t@em.ie,569,210,6897,no,780
t@em.ie,570,210,6908,no,781
t@em.ie,571,210,6914,no,782
t@em.ie,572,210,6919,no,783
t@em.ie,573,210,6926,no,784
t@em.ie,574,210,6934,no,785
t@em.ie,575,210,6943,no,786
t@em.ie,576,210,6947,no,787
t@em.ie,577,210,6951,no,788
t@em.ie,578,210,6964,no,789
t@em.ie,579,210,6977,no,790
t@em.ie,579,211,6988,no,791
t@em.ie,580,211,6992,no,792
t@em.ie,581,211,6999,no,793
t@em.ie,582,211,7008,no,794
t@em.ie,583,211,7020,no,795
t@em.ie,583,212,7029,no,796
t@em.ie,584,212,7035,no,797
t@em.ie,584,213,7046,no,798
t@em.ie,585,213,7057,no,799
t@em.ie,586,213,7061,no,800
t@em.ie,586,214,7070,no,801
t@em.ie,586,215,7078,no,802
t@em.ie,587,215,7086,no,803
t@em.ie,588,215,7092,no,804
t@em.ie,589,215,7098,no,805
t@em.ie,590,215,7104,no,806
t@em.ie,590,216,7117,no,807
t@em.ie,591,216,7126,no,808
t@em.ie,591,217,7139,no,809
t@em.ie,591,218,7153,no,810
t@em.ie,591,219,7160,no,811
t@em.ie,592,219,7171,no,812
t@em.ie,593,219,7179,no,813
t@em.ie,594,219,7189,no,814
t@em.ie,595,219,7200,no,815
t@em.ie,596,219,7209,no,816
t@em.ie,596,220,7226,no,817
t@em.ie,597,220,7236,no,818
t@em.ie,598,220,7240,no,819
t@em.ie,598,221,7248,no,820
t@em.ie,598,222,7255,no,821
t@em.ie,598,223,7261,no,822
t@em.ie,599,223,7275,no,823
t@em.ie,600,223,7281,no,824
t@em.ie,601,223,7293,no,825
t@em.ie,602,223,7303,no,826
t@em.ie,603,223,7313,no,827
t@em.ie,604,223,7323,no,828
t@em.ie,605,223,7327,no,829
t@em.ie,606,223,7339,no,830
t@em.ie,606,224,7349,no,831
t@em.ie,607,224,7357,no,832
t@em.ie,608,224,7366,no,833
t@em.ie,609,224,7381,no,834
t@em.ie,610,224,7387,no,835
t@em.ie,610,225,7402,no,836
t@em.ie,610,226,7415,no,837
t@em.ie,610,227,7433,no,838
t@em.ie,611,227,7444,no,839
t@em.ie,612,227,7454,no,840
t@em.ie,613,227,7465,no,841
t@em.ie,613,228,7471,no,842
t@em.ie,614,228,7483,no,843
t@em.ie,615,228,7492,no,844
t@em.ie,616,228,7502,no,845
t@em.ie,617,228,7509,no,846
t@em.ie,618,228,7514,no,847
t@em.ie,619,228,7525,no,848
t@em.ie,619,229,7532,no,849
t@em.ie,619,230,7537,no,850
t@em.ie,620,230,7551,no,851
t@em.ie,621,230,7558,no,852
t@em.ie,621,231,7567,no,853
t@em.ie,622,231,7572,no,854
t@em.ie,623,231,7585,no,855
t@em.ie,624,231,7595,no,856
t@em.ie,624,232,7606,no,857
t@em.ie,625,232,7615,no,858
t@em.ie,626,232,7624,no,859
t@em.ie,626,233,7635,no,860
t@em.ie,626,234,7650,no,861
t@em.ie,626,235,7656,no,862
t@em.ie,627,235,7666,no,863
t@em.ie,628,235,7674,no,864
t@em.ie,629,235,7685,no,865
t@em.ie,629,236,7692,no,866
t@em.ie,629,237,7699,no,867
t@em.ie,630,237,7706,no,868
t@em.ie,631,237,7718,no,869
t@em.ie,632,237,7729,no,870
t@em.ie,633,237,7736,no,871
t@em.ie,634,237,7749,no,872
t@em.ie,635,237,7755,no,873
t@em.ie,635,238,7765,no,874
t@em.ie,636,238,7777,no,875
t@em.ie,637,238,7786,no,876
t@em.ie,638,238,7794,no,877
t@em.ie,639,238,7803,no,878
t@em.ie,639,239,7815,no,879
t@em.ie,640,239,7824,no,880
t@em.ie,641,239,7830,no,881
t@em.ie,642,239,7839,no,882
t@em.ie,643,239,7848,no,883
t@em.ie,643,240,7863,no,884
t@em.ie,644,240,7867,no,885
t@em.ie,645,240,7874,no,886
t@em.ie,645,241,7887,no,887
t@em.ie,645,242,7897,no,888
t@em.ie,646,242,7904,no,889
t@em.ie,647,242,7914,no,890
t@em.ie,648,242,7926,no,891
t@em.ie,649,242,7939,no,892
t@em.ie,649,243,7947,no,893
t@em.ie,650,243,7953,no,894
t@em.ie,651,243,7961,no,895
t@em.ie,652,243,7969,no,896
t@em.ie,653,243,7981,no,897
t@em.ie,654,243,7993,no,898
t@em.ie,655,243,8002,no,899
t@em.ie,656,243,8007,no,900
t@em.ie,656,244,8018,no,901
t@em.ie,657,244,8023,no,902
t@em.ie,658,244,8032,no,903
t@em.ie,658,245,8040,no,904
t@em.ie,659,245,8046,no,905
t@em.ie,659,246,8054,no,906
t@em.ie,660,246,8066,no,907
t@em.ie,661,246,8072,no,908
t@em.ie,662,246,8080,no,909
t@em.ie,663,246,8093,no,910
t@em.ie,664,246,8103,no,911
t@em.ie,665,246,8107,no,912
t@em.ie,666,246,8113,no,913
t@em.ie,667,246,8123,no,914
t@em.ie,668,246,8128,no,915
t@em.ie,669,246,8136,no,916
t@em.ie,670,246,8143,no,917
t@em.ie,670,247,8150,no,918
t@em.ie,671,247,8157,no,919
t@em.ie,672,247,8162,no,920
t@em.ie,673,247,8172,no,921
t@em.ie,674,247,8178,no,922
t@em.ie,675,247,8183,no,923
t@em.ie,675,248,8197,no,924
t@em.ie,676,248,8206,no,925
t@em.ie,677,248,8217,no,926
t@em.ie,678,248,8228,no,927
t@em.ie,679,248,8234,no,928
t@em.ie,679,249,8246,no,929
t@em.ie,680,249,8255,no,930
t@em.ie,681,249,8262,no,931
t@em.ie,682,249,8268,no,932
t@em.ie,683,249,8272,no,933
t@em.ie,684,249,8284,no,934
t@em.ie,685,249,8293,no,935
t@em.ie,686,249,8305,no,936
t@em.ie,687,249,8311,no,937
t@em.ie,688,249,8321,no,938
t@em.ie,689,249,8331,no,939
t@em.ie,690,249,8339,no,940
t@em.ie,691,249,8345,no,941
t@em.ie,692,249,8358,no,942
t@em.ie,692,250,8367,no,943
t@em.ie,693,250,8374,no,944
t@em.ie,694,250,8387,no,945
t@em.ie,695,250,8392,no,946
t@em.ie,695,251,8398,no,947
t@em.ie,696,251,8408,no,948
t@em.ie,697,251,8419,no,949
t@em.ie,698,251,8428,no,950
t@em.ie,698,252,8436,no,951
t@em.ie,699,252,8447,no,952
t@em.ie,700,252,8452,no,953
t@em.ie,701,252,8462,no,954
t@em.ie,701,253,8470,no,955
t@em.ie,702,253,8476,no,956
t@em.ie,703,253,8489,no,957
t@em.ie,703,254,8500,no,958
t@em.ie,704,254,8505,no,959
t@em.ie,705,254,8512,no,960
t@em.ie,705,255,8518,no,961
t@em.ie,706,255,8523,no,962
t@em.ie,707,255,8529,no,963
t@em.ie,708,255,8534,no,964
t@em.ie,709,255,8543,no,965
t@em.ie,709,256,8553,no,966
t@em.ie,710,256,8560,no,967
t@em.ie,710,257,8569,no,968
t@em.ie,711,257,8575,no,969
t@em.ie,712,257,8584,no,970
t@em.ie,713,257,8594,no,971
t@em.ie,714,257,8605,no,972
t@em.ie,715,257,8613,no,973
t@em.ie,716,257,8631,no,974
t@em.ie,717,257,8635,no,975
t@em.ie,717,258,8650,no,976
t@em.ie,718,258,8663,no,977
t@em.ie,719,258,8668,no,978
t@em.ie,720,258,8676,no,979
t@em.ie,720,259,8693,no,980
t@em.ie,720,260,8701,no,981
t@em.ie,721,260,8707,no,982
t@em.ie,722,260,8717,no,983
t@em.ie,723,260,8729,no,984
t@em.ie,724,260,8736,no,985
t@em.ie,725,260,8744,no,986
t@em.ie,726,260,8755,no,987
t@em.ie,727,260,8762,no,988
t@em.ie,728,260,8771,no,989
t@em.ie,729,260,8781,no,990
t@em.ie,730,260,8802,no,991
t@em.ie,731,260,8813,no,992
t@em.ie,731,261,8818,no,993
t@em.ie,731,262,8831,no,994
t@em.ie,731,263,8841,no,995
t@em.ie,732,263,8851,no,996
t@em.ie,733,263,8860,no,997
t@em.ie,733,264,8871,no,998
t@em.ie,734,264,8876,no,999
t@em.ie,735,264,8887,no,1000
t@em.ie,1,0,10,no,1
t@em.ie,2,0,26,no,2
t@em.ie,3,0,39,no,3
t@em.ie,4,0,50,no,4
t@em.ie,5,0,54,no,5
t@em.ie,6,0,60,no,6
t@em.ie,7,0,64,no,7
t@em.ie,7,1,73,no,8
t@em.ie,7,2,85,no,9
t@em.ie,8,2,89,no,10
t@em.ie,9,2,94,no,11
t@em.ie,9,3,105,no,12
t@em.ie,10,3,110,no,13
t@em.ie,11,3,118,no,14
t@em.ie,12,3,130,no,15
t@em.ie,13,3,138,no,16
t@em.ie,13,4,150,no,17
t@em.ie,14,4,162,no,18
t@em.ie,15,4,171,no,19
t@em.ie,16,4,177,no,20
t@em.ie,16,5,184,no,21
t@em.ie,17,5,191,no,22
t@em.ie,18,5,203,no,23
t@em.ie,18,6,217,no,24
t@em.ie,18,7,223,no,25
t@em.ie,18,8,234,no,26
t@em.ie,19,8,243,no,27
t@em.ie,20,8,247,no,28
t@em.ie,20,9,252,no,29
t@em.ie,20,10,261,no,30
t@em.ie,20,11,269,no,31
t@em.ie,21,11,280,no,32
t@em.ie,22,11,293,no,33
t@em.ie,23,11,305,no,34
t@em.ie,24,11,315,no,35
t@em.ie,25,11,322,no,36
t@em.ie,26,11,328,no,37
t@em.ie,26,12,341,no,38
t@em.ie,27,12,345,no,39
t@em.ie,28,12,351,no,40
t@em.ie,29,12,357,no,41
t@em.ie,30,12,364,no,42
t@em.ie,31,12,374,no,43
t@em.ie,32,12,383,no,44
t@em.ie,32,13,389,no,45
t@em.ie,32,14,399,no,46
t@em.ie,33,14,403,no,47
t@em.ie,33,15,409,no,48
t@em.ie,34,15,419,no,49
t@em.ie,35,15,427,no,50
t@em.ie,36,15,432,no,51
t@em.ie,37,15,438,no,52
t@em.ie,37,16,445,no,53
t@em.ie,38,16,453,no,54
t@em.ie,38,17,463,no,55
t@em.ie,39,17,472,no,56
t@em.ie,40,17,479,no,57
t@em.ie,41,17,483,no,58
t@em.ie,42,17,487,no,59
t@em.ie,42,18,494,no,60
t@em.ie,43,18,500,no,61
t@em.ie,43,19,508,no,62
t@em.ie,43,20,523,no,63
t@em.ie,44,20,530,no,64
t@em.ie,44,21,541,no,65
t@em.ie,45,21,553,no,66
t@em.ie,46,21,560,no,67
t@em.ie,46,22,573,no,68
t@em.ie,46,23,581,no,69
t@em.ie,47,23,590,no,70
t@em.ie,48,23,594,no,71
t@em.ie,48,24,604,no,72
t@em.ie,48,25,613,no,73
t@em.ie,48,26,621,no,74
t@em.ie,49,26,629,no,75
t@em.ie,50,26,639,no,76
t@em.ie,51,26,644,no,77
t@em.ie,51,27,651,no,78
t@em.ie,52,27,660,no,79
t@em.ie,53,27,673,no,80
t@em.ie,54,27,677,no,81
t@em.ie,54,28,686,no,82
t@em.ie,55,28,695,no,83
t@em.ie,56,28,705,no,84
t@em.ie,57,28,715,no,85
t@em.ie,58,28,727,no,86
t@em.ie,58,29,735,no,87
t@em.ie,59,29,743,no,88
t@em.ie,60,29,748,no,89
t@em.ie,60,30,759,no,90
t@em.ie,61,30,772,no,91
t@em.ie,61,31,786,no,92
t@em.ie,61,32,799,no,93
t@em.ie,61,33,804,no,94
t@em.ie,62,33,811,no,95
t@em.ie,63,33,816,no,96
t@em.ie,64,33,824,no,97
t@em.ie,65,33,835,no,98
t@em.ie,65,34,843,no,99
t@em.ie,66,34,851,no,100
t@em.ie,66,35,857,no,101
t@em.ie,67,35,868,no,102
t@em.ie,67,36,879,no,103
t@em.ie,68,36,889,no,104
t@em.ie,69,36,896,no,105
t@em.ie,70,36,908,no,106
t@em.ie,71,36,916,no,107
t@em.ie,72,36,922,no,108
t@em.ie,73,36,937,no,109
t@em.ie,73,37,951,no,110
t@em.ie,74,37,957,no,111
t@em.ie,75,37,968,no,112
t@em.ie,75,38,984,no,113
t@em.ie,75,39,991,no,114
t@em.ie,75,40,998,no,115
t@em.ie,76,40,1004,no,116
t@em.ie,76,41,1013,no,117
t@em.ie,77,41,1021,no,118
t@em.ie,77,42,1032,no,119
t@em.ie,78,42,1040,no,120
t@em.ie,79,42,1046,no,121
t@em.ie,80,42,1059,no,122
t@em.ie,81,42,1065,no,123
t@em.ie,82,42,1071,no,124
t@em.ie,83,42,1080,no,125
t@em.ie,84,42,1088,no,126
t@em.ie,85,42,1100,no,127
t@em.ie,85,43,1111,no,128
t@em.ie,85,44,1120,no,129
t@em.ie,86,44,1126,no,130
t@em.ie,86,45,1139,no,131
t@em.ie,87,45,1150,no,132
t@em.ie,87,46,1154,no,133
t@em.ie,88,46,1166,no,134
t@em.ie,89,46,1171,no,135
t@em.ie,90,46,1177,no,136
t@em.ie,91,46,1185,no,137
t@em.ie,92,46,1196,no,138
t@em.ie,93,46,1202,no,139
t@em.ie,93,47,1208,no,140
t@em.ie,94,47,1212,no,141
t@em.ie,95,47,1218,no,142
t@em.ie,96,47,1226,no,143
t@em.ie,97,47,1232,no,144
t@em.ie,97,48,1237,no,145
t@em.ie,98,48,1247,no,146
t@em.ie,99,48,1251,no,147
t@em.ie,100,48,1259,no,148
t@em.ie,101,48,1265,no,149
t@em.ie,102,48,1273,no,150
t@em.ie,103,48,1283,no,151
t@em.ie,104,48,1296,no,152
t@em.ie,105,48,1300,no,153
t@em.ie,106,48,1309,no,154
t@em.ie,107,48,1318,no,155
t@em.ie,108,48,1325,no,156
t@em.ie,109,48,1335,no,157
t@em.ie,109,49,1347,no,158
t@em.ie,109,50,1356,no,159
t@em.ie,110,50,1364,no,160
t@em.ie,111,50,1375,no,161
t@em.ie,112,50,1381,no,162
t@em.ie,113,50,1391,no,163
t@em.ie,114,50,1397,no,164
t@em.ie,114,51,1406,no,165
t@em.ie,115,51,1413,no,166
t@em.ie,116,51,1420,no,167
t@em.ie,117,51,1426,no,168
t@em.ie,118,51,1436,no,169
t@em.ie,119,51,1443,no,170
t@em.ie,119,52,1454,no,171
t@em.ie,119,53,1467,no,172
t@em.ie,119,54,1483,no,173
t@em.ie,119,55,1495,no,174
t@em.ie,120,55,1502,no,175
t@em.ie,121,55,1510,no,176
t@em.ie,121,56,1514,no,177
t@em.ie,122,56,1523,no,178
t@em.ie,123,56,1527,no,179
t@em.ie,124,56,1537,no,180
t@em.ie,125,56,1548,no,181
t@em.ie,125,57,1557,no,182
t@em.ie,125,58,1566,no,183
t@em.ie,126,58,1579,no,184
t@em.ie,127,58,1592,no,185
t@em.ie,127,59,1598,no,186
t@em.ie,128,59,1602,no,187
t@em.ie,129,59,1607,no,188
t@em.ie,130,59,1612,no,189
t@em.ie,131,59,1621,no,190
t@em.ie,132,59,1632,no,191
t@em.ie,132,60,1639,no,192
t@em.ie,132,61,1653,no,193
t@em.ie,133,61,1665,no,194
t@em.ie,134,61,1674,no,195
t@em.ie,134,62,1680,no,196
t@em.ie,134,63,1691,no,197
t@em.ie,135,63,1696,no,198
t@em.ie,136,63,1708,no,199
t@em.ie,137,63,1712,no,200
t@em.ie,137,64,1721,no,201
t@em.ie,138,64,1731,no,202
t@em.ie,138,65,1744,no,203
t@em.ie,138,66,1750,no,204
t@em.ie,139,66,1756,no,205
t@em.ie,140,66,1763,no,206
t@em.ie,141,66,1773,no,207
t@em.ie,142,66,1783,no,208
t@em.ie,142,67,1793,no,209
t@em.ie,143,67,1805,no,210
t@em.ie,144,67,1813,no,211
t@em.ie,145,67,1824,no,212
t@em.ie,146,67,1829,no,213
t@em.ie,146,68,1844,no,214
t@em.ie,147,68,1857,no,215
t@em.ie,148,68,1864,no,216
t@em.ie,149,68,1873,no,217
t@em.ie,150,68,1880,no,218
t@em.ie,151,68,1890,no,219
t@em.ie,152,68,1897,no,220
t@em.ie,153,68,1906,no,221
t@em.ie,153,69,1915,no,222
t@em.ie,154,69,1919,no,223
t@em.ie,155,69,1925,no,224
t@em.ie,156,69,1929,no,225
t@em.ie,157,69,1934,no,226
t@em.ie,158,69,1938,no,227
t@em.ie,159,69,1942,no,228
t@em.ie,159,70,1956,no,229
t@em.ie,160,70,1969,no,230
t@em.ie,160,71,1981,no,231
t@em.ie,160,72,1986,no,232
t@em.ie,161,72,1994,no,233
t@em.ie,161,73,1999,no,234
t@em.ie,162,73,2011,no,235
t@em.ie,163,73,2020,no,236
t@em.ie,164,73,2024,no,237
t@em.ie,164,73,2045,yes,238
t@em.ie,165,73,2051,no,239
t@em.ie,166,73,2059,no,240
t@em.ie,166,74,2069,no,241
t@em.ie,167,74,2077,no,242
t@em.ie,168,74,2086,no,243
t@em.ie,169,74,2096,no,244
t@em.ie,170,74,2107,no,245
t@em.ie,171,74,2117,no,246
t@em.ie,171,75,2127,no,247
t@em.ie,171,76,2135,no,248
t@em.ie,171,77,2148,no,249
t@em.ie,172,77,2153,no,250
t@em.ie,173,77,2164,no,251
t@em.ie,174,77,2170,no,252
t@em.ie,174,78,2181,no,253
t@em.ie,175,78,2186,no,254
t@em.ie,175,79,2195,no,255
t@em.ie,176,79,2203,no,256
t@em.ie,177,79,2208,no,257
t@em.ie,178,79,2218,no,258
t@em.ie,178,80,2223,no,259
t@em.ie,178,81,2231,no,260
t@em.ie,179,81,2238,no,261
t@em.ie,179,82,2252,no,262
t@em.ie,180,82,2259,no,263
t@em.ie,181,82,2269,no,264
t@em.ie,181,83,2279,no,265
t@em.ie,182,83,2285,no,266
t@em.ie,183,83,2293,no,267
t@em.ie,184,83,2298,no,268
t@em.ie,184,84,2308,no,269
t@em.ie,185,84,2318,no,270
t@em.ie,185,85,2330,no,271
t@em.ie,185,86,2347,no,272
t@em.ie,185,87,2358,no,273
t@em.ie,185,88,2370,no,274
t@em.ie,186,88,2382,no,275
t@em.ie,187,88,2387,no,276
t@em.ie,187,89,2394,no,277
t@em.ie,188,89,2403,no,278
t@em.ie,189,89,2413,no,279
t@em.ie,190,89,2421,no,280
t@em.ie,191,89,2433,no,281
t@em.ie,191,90,2440,no,282
t@em.ie,192,90,2446,no,283
t@em.ie,193,90,2453,no,284
t@em.ie,194,90,2462,no,285
t@em.ie,195,90,2471,no,286
t@em.ie,196,90,2476,no,287
t@em.ie,197,90,2487,no,288
t@em.ie,198,90,2495,no,289
t@em.ie,199,90,2502,no,290
t@em.ie,200,90,2515,no,291
t@em.ie,200,91,2527,no,292
t@em.ie,200,92,2534,no,293
t@em.ie,201,92,2538,no,294
t@em.ie,202,92,2546,no,295
t@em.ie,202,93,2551,no,296
t@em.ie,203,93,2557,no,297
t@em.ie,203,94,2563,no,298
t@em.ie,204,94,2570,no,299
t@em.ie,205,94,2574,no,300
t@em.ie,206,94,2583,no,301
t@em.ie,207,94,2592,no,302
t@em.ie,208,94,2596,no,303
t@em.ie,209,94,2607,no,304
t@em.ie,210,94,2623,no,305
t@em.ie,211,94,2636,no,306
t@em.ie,212,94,2643,no,307
t@em.ie,212,95,2656,no,308
t@em.ie,213,95,2663,no,309
t@em.ie,213,96,2674,no,310
t@em.ie,213,97,2684,no,311
t@em.ie,214,97,2693,no,312
t@em.ie,214,98,2702,no,313
t@em.ie,214,99,2712,no,314
t@em.ie,214,100,2722,no,315
t@em.ie,215,100,2728,no,316
t@em.ie,216,100,2734,no,317
t@em.ie,216,101,2744,no,318
t@em.ie,217,101,2750,no,319
t@em.ie,218,101,2758,no,320
t@em.ie,219,101,2771,no,321
t@em.ie,219,102,2777,no,322
t@em.ie,220,102,2790,no,323
t@em.ie,221,102,2801,no,324
t@em.ie,222,102,2805,no,325
t@em.ie,223,102,2814,no,326
t@em.ie,224,102,2821,no,327
t@em.ie,224,103,2833,no,328
t@em.ie,224,104,2839,no,329
t@em.ie,225,104,2843,no,330
t@em.ie,226,104,2853,no,331
t@em.ie,227,104,2866,no,332
t@em.ie,228,104,2878,no,333
t@em.ie,229,104,2892,no,334
t@em.ie,229,105,2897,no,335
t@em.ie,229,106,2906,no,336
t@em.ie,230,106,2917,no,337
t@em.ie,230,107,2930,no,338
t@em.ie,230,108,2939,no,339
t@em.ie,231,108,2944,no,340
t@em.ie,232,108,2951,no,341
t@em.ie,232,109,2959,no,342
t@em.ie,233,109,2969,no,343
t@em.ie,233,110,2977,no,344
t@em.ie,234,110,2981,no,345
t@em.ie,235,110,2992,no,346
t@em.ie,236,110,3001,no,347
t@em.ie,237,110,3008,no,348
t@em.ie,238,110,3018,no,349
t@em.ie,239,110,3028,no,350
t@em.ie,239,111,3039,no,351
t@em.ie,240,111,3043,no,352
t@em.ie,241,111,3055,no,353
t@em.ie,241,112,3064,no,354
t@em.ie,242,112,3070,no,355
t@em.ie,242,113,3085,no,356
t@em.ie,243,113,3093,no,357
t@em.ie,244,113,3102,no,358
t@em.ie,245,113,3107,no,359
t@em.ie,246,113,3115,no,360
t@em.ie,246,114,3121,no,361
t@em.ie,247,114,3134,no,362
t@em.ie,248,114,3145,no,363
t@em.ie,249,114,3154,no,364
t@em.ie,250,114,3165,no,365
t@em.ie,251,114,3171,no,366
t@em.ie,252,114,3183,no,367
t@em.ie,253,114,3194,no,368
t@em.ie,253,115,3204,no,369
t@em.ie,254,115,3211,no,370
t@em.ie,255,115,3224,no,371
t@em.ie,256,115,3239,no,372
t@em.ie,257,115,3244,no,373
t@em.ie,258,115,3249,no,374
t@em.ie,259,115,3255,no,375
t@em.ie,260,115,3264,no,376
t@em.ie,260,116,3275,no,377
t@em.ie,261,116,3286,no,378
t@em.ie,262,116,3294,no,379
t@em.ie,263,116,3305,no,380
t@em.ie,264,116,3315,no,381
t@em.ie,265,116,3322,no,382
t@em.ie,266,116,3336,no,383
t@em.ie,267,116,3341,no,384
t@em.ie,267,117,3347,no,385
t@em.ie,268,117,3354,no,386
t@em.ie,269,117,3360,no,387
t@em.ie,269,118,3372,no,388
t@em.ie,270,118,3382,no,389
t@em.ie,271,118,3394,no,390
t@em.ie,272,118,3404,no,391
t@em.ie,273,118,3409,no,392
t@em.ie,273,119,3418,no,393
t@em.ie,274,119,3426,no,394
t@em.ie,275,119,3434,no,395
t@em.ie,276,119,3440,no,396
t@em.ie,277,119,3447,no,397
t@em.ie,277,120,3458,no,398
t@em.ie,278,120,3466,no,399
t@em.ie,279,120,3477,no,400
t@em.ie,279,121,3490,no,401
t@em.ie,279,122,3498,no,402
t@em.ie,279,123,3508,no,403
t@em.ie,280,123,3513,no,404
t@em.ie,281,123,3526,no,405
t@em.ie,282,123,3530,no,406
t@em.ie,283,123,3538,no,407
t@em.ie,283,124,3550,no,408
t@em.ie,283,125,3559,no,409
t@em.ie,283,126,3564,no,410
t@em.ie,284,126,3571,no,411
t@em.ie,285,126,3581,no,412
t@em.ie,286,126,3590,no,413
t@em.ie,287,126,3599,no,414
t@em.ie,287,127,3608,no,415
t@em.ie,288,127,3617,no,416
t@em.ie,289,127,3630,no,417
t@em.ie,289,128,3644,no,418
t@em.ie,289,129,3653,no,419
t@em.ie,289,130,3663,no,420
t@em.ie,290,130,3669,no,421
t@em.ie,291,130,3675,no,422
t@em.ie,292,130,3685,no,423
t@em.ie,293,130,3695,no,424
t@em.ie,293,131,3707,no,425
t@em.ie,294,131,3715,no,426
t@em.ie,294,132,3725,no,427
t@em.ie,295,132,3736,no,428
t@em.ie,296,132,3746,no,429
t@em.ie,297,132,3754,no,430
t@em.ie,298,132,3762,no,431
t@em.ie,299,132,3770,no,432
t@em.ie,299,133,3777,no,433
t@em.ie,300,133,3782,no,434
t@em.ie,301,133,3791,no,435
t@em.ie,302,133,3798,no,436
t@em.ie,303,133,3809,no,437
t@em.ie,304,133,3816,no,438
t@em.ie,305,133,3825,no,439
t@em.ie,306,133,3834,no,440
t@em.ie,307,133,3841,no,441
t@em.ie,308,133,3853,no,442
t@em.ie,309,133,3859,no,443
t@em.ie,310,133,3864,no,444
t@em.ie,310,134,3879,no,445
t@em.ie,310,135,3887,no,446
t@em.ie,311,135,3896,no,447
t@em.ie,312,135,3902,no,448
t@em.ie,313,135,3908,no,449
t@em.ie,314,135,3922,no,450
t@em.ie,315,135,3933,no,451
t@em.ie,315,136,3942,no,452
t@em.ie,316,136,3952,no,453
t@em.ie,317,136,3963,no,454
t@em.ie,318,136,3974,no,455
t@em.ie,318,137,3982,no,456
t@em.ie,319,137,3991,no,457
t@em.ie,320,137,4002,no,458
t@em.ie,321,137,4007,no,459
t@em.ie,322,137,4017,no,460
t@em.ie,323,137,4030,no,461
t@em.ie,324,137,4036,no,462
t@em.ie,325,137,4042,no,463
t@em.ie,325,138,4051,no,464
t@em.ie,325,139,4066,no,465
t@em.ie,326,139,4076,no,466
t@em.ie,327,139,4083,no,467
t@em.ie,327,140,4092,no,468
t@em.ie,327,141,4103,no,469
t@em.ie,328,141,4116,no,470
t@em.ie,329,141,4126,no,471
t@em.ie,330,141,4137,no,472
t@em.ie,331,141,4145,no,473
t@em.ie,332,141,4158,no,474
t@em.ie,332,142,4171,no,475
t@em.ie,333,142,4178,no,476
t@em.ie,333,143,4186,no,477
t@em.ie,333,144,4195,no,478
t@em.ie,334,144,4202,no,479
t@em.ie,335,144,4209,no,480
t@em.ie,336,144,4220,no,481
t@em.ie,337,144,4229,no,482
t@em.ie,338,144,4241,no,483
t@em.ie,339,144,4245,no,484
t@em.ie,339,145,4252,no,485
t@em.ie,339,146,4263,no,486
t@em.ie,339,147,4270,no,487
t@em.ie,340,147,4277,no,488
t@em.ie,340,148,4290,no,489
t@em.ie,341,148,4299,no,490
t@em.ie,342,148,4307,no,491
t@em.ie,343,148,4318,no,492
t@em.ie,344,148,4322,no,493
t@em.ie,345,148,4337,no,494
t@em.ie,345,149,4343,no,495
t@em.ie,346,149,4351,no,496
t@em.ie,346,150,4359,no,497
t@em.ie,347,150,4366,no,498
t@em.ie,348,150,4373,no,499
t@em.ie,349,150,4382,no,500
t@em.ie,350,150,4390,no,501
t@em.ie,351,150,4395,no,502
t@em.ie,352,150,4402,no,503
t@em.ie,353,150,4414,no,504
t@em.ie,354,150,4427,no,505
t@em.ie,355,150,4436,no,506
t@em.ie,356,150,4444,no,507
t@em.ie,357,150,4452,no,508
t@em.ie,358,150,4461,no,509
t@em.ie,359,150,4466,no,510
t@em.ie,360,150,4475,no,511
t@em.ie,361,150,4482,no,512
t@em.ie,361,151,4492,no,513
t@em.ie,361,152,4500,no,514
t@em.ie,362,152,4506,no,515
t@em.ie,363,152,4511,no,516
t@em.ie,364,152,4522,no,517
t@em.ie,365,152,4531,no,518
t@em.ie,366,152,4536,no,519
t@em.ie,367,152,4546,no,520
t@em.ie,368,152,4554,no,521
t@em.ie,369,152,4560,no,522
t@em.ie,369,153,4564,no,523
t@em.ie,370,153,4572,no,524
t@em.ie,371,153,4579,no,525
t@em.ie,371,154,4583,no,526
t@em.ie,372,154,4592,no,527
t@em.ie,372,155,4599,no,528
t@em.ie,373,155,4607,no,529
t@em.ie,374,155,4614,no,530
t@em.ie,375,155,4620,no,531
t@em.ie,376,155,4629,no,532
t@em.ie,377,155,4636,no,533
t@em.ie,378,155,4646,no,534
t@em.ie,379,155,4655,no,535
t@em.ie,380,155,4662,no,536
t@em.ie,380,156,4676,no,537
t@em.ie,381,156,4682,no,538
t@em.ie,382,156,4688,no,539
t@em.ie,382,157,4703,no,540
t@em.ie,383,157,4711,no,541
t@em.ie,384,157,4717,no,542
t@em.ie,385,157,4726,no,543
t@em.ie,385,158,4740,no,544
t@em.ie,386,158,4746,no,545
t@em.ie,387,158,4751,no,546
t@em.ie,388,158,4758,no,547
t@em.ie,389,158,4766,no,548
t@em.ie,389,159,4771,no,549
t@em.ie,390,159,4782,no,550
t@em.ie,390,160,4792,no,551
t@em.ie,390,161,4800,no,552
t@em.ie,391,161,4807,no,553
t@em.ie,392,161,4818,no,554
t@em.ie,393,161,4827,no,555
t@em.ie,393,162,4841,no,556
t@em.ie,394,162,4854,no,557
t@em.ie,395,162,4865,no,558
t@em.ie,396,162,4871,no,559
t@em.ie,397,162,4877,no,560
t@em.ie,398,162,4885,no,561
t@em.ie,398,163,4898,no,562
t@em.ie,399,163,4911,no,563
t@em.ie,400,163,4919,no,564
t@em.ie,401,163,4926,no,565
t@em.ie,401,164,4933,no,566
t@em.ie,402,164,4943,no,567
t@em.ie,403,164,4957,no,568
t@em.ie,403,165,4968,no,569
t@em.ie,404,165,4976,no,570
t@em.ie,405,165,4985,no,571
t@em.ie,406,165,4993,no,572
t@em.ie,407,165,5000,no,573
t@em.ie,408,165,5009,no,574
t@em.ie,408,166,5014,no,575
t@em.ie,408,167,5019,no,576
t@em.ie,409,167,5025,no,577
t@em.ie,409,168,5032,no,578
t@em.ie,409,169,5038,no,579
t@em.ie,410,169,5048,no,580
t@em.ie,411,169,5054,no,581
t@em.ie,412,169,5059,no,582
t@em.ie,413,169,5065,no,583
t@em.ie,414,169,5074,no,584
t@em.ie,414,170,5085,no,585
t@em.ie,415,170,5093,no,586
t@em.ie,416,170,5100,no,587
t@em.ie,417,170,5106,no,588
t@em.ie,418,170,5114,no,589
t@em.ie,419,170,5125,no,590
t@em.ie,420,170,5136,no,591
t@em.ie,421,170,5142,no,592
t@em.ie,421,171,5149,no,593
t@em.ie,422,171,5157,no,594
t@em.ie,423,171,5164,no,595
t@em.ie,424,171,5170,no,596
t@em.ie,424,172,5181,no,597
t@em.ie,425,172,5185,no,598
t@em.ie,425,173,5192,no,599
t@em.ie,425,174,5203,no,600
t@em.ie,425,175,5211,no,601
t@em.ie,425,176,5217,no,602
t@em.ie,425,177,5224,no,603
t@em.ie,426,177,5232,no,604
t@em.ie,427,177,5240,no,605
t@em.ie,428,177,5246,no,606
t@em.ie,429,177,5254,no,607
t@em.ie,430,177,5268,no,608
t@em.ie,431,177,5274,no,609
t@em.ie,432,177,5283,no,610
t@em.ie,432,178,5292,no,611
t@em.ie,432,179,5301,no,612
t@em.ie,433,179,5314,no,613
t@em.ie,434,179,5320,no,614
t@em.ie,435,179,5324,no,615
t@em.ie,436,179,5329,no,616
t@em.ie,437,179,5341,no,617
t@em.ie,438,179,5348,no,618
t@em.ie,439,179,5352,no,619
t@em.ie,440,179,5359,no,620
t@em.ie,441,179,5365,no,621
t@em.ie,441,180,5370,no,622
t@em.ie,442,180,5377,no,623
t@em.ie,442,181,5384,no,624
t@em.ie,443,181,5393,no,625
t@em.ie,443,182,5402,no,626
t@em.ie,444,182,5407,no,627
t@em.ie,444,183,5412,no,628
t@em.ie,444,184,5420,no,629
t@em.ie,445,184,5426,no,630
t@em.ie,446,184,5432,no,631
t@em.ie,447,184,5439,no,632
t@em.ie,447,185,5449,no,633
t@em.ie,448,185,5455,no,634
t@em.ie,448,186,5464,no,635
t@em.ie,449,186,5473,no,636
t@em.ie,450,186,5481,no,637
t@em.ie,451,186,5489,no,638
t@em.ie,452,186,5498,no,639
t@em.ie,453,186,5508,no,640
t@em.ie,454,186,5520,no,641
t@em.ie,454,187,5528,no,642
t@em.ie,455,187,5534,no,643
t@em.ie,456,187,5540,no,644
t@em.ie,457,187,5547,no,645
t@em.ie,458,187,5552,no,646
t@em.ie,459,187,5558,no,647
t@em.ie,460,187,5563,no,648
t@em.ie,461,187,5569,no,649
t@em.ie,461,188,5579,no,650
t@em.ie,462,188,5587,no,651
t@em.ie,462,189,5598,no,652
t@em.ie,463,189,5604,no,653
t@em.ie,464,189,5615,no,654
t@em.ie,465,189,5622,no,655
t@em.ie,465,190,5632,no,656
t@em.ie,466,190,5638,no,657
t@em.ie,467,190,5653,no,658
t@em.ie,468,190,5658,no,659
t@em.ie,468,191,5665,no,660
t@em.ie,469,191,5672,no,661
t@em.ie,469,192,5680,no,662
t@em.ie,470,192,5688,no,663
t@em.ie,471,192,5702,no,664
t@em.ie,471,193,5712,no,665
t@em.ie,472,193,5716,no,666
t@em.ie,473,193,5727,no,667
t@em.ie,474,193,5735,no,668
t@em.ie,474,194,5747,no,669
t@em.ie,475,194,5754,no,670
t@em.ie,476,194,5761,no,671
t@em.ie,477,194,5767,no,672
t@em.ie,478,194,5774,no,673
t@em.ie,479,194,5785,no,674
t@em.ie,480,194,5795,no,675
t@em.ie,481,194,5803,no,676
t@em.ie,482,194,5814,no,677
t@em.ie,483,194,5825,no,678
t@em.ie,483,195,5834,no,679
t@em.ie,484,195,5847,no,680
t@em.ie,485,195,5853,no,681
t@em.ie,486,195,5870,no,682
t@em.ie,486,196,5878,no,683
t@em.ie,486,197,5888,no,684
t@em.ie,487,197,5892,no,685
t@em.ie,488,197,5899,no,686
t@em.ie,489,197,5905,no,687
t@em.ie,490,197,5913,no,688
t@em.ie,491,197,5918,no,689
t@em.ie,492,197,5925,no,690
t@em.ie,493,197,5934,no,691
t@em.ie,493,198,5944,no,692
t@em.ie,494,198,5949,no,693
t@em.ie,494,199,5961,no,694
t@em.ie,495,199,5968,no,695
t@em.ie,496,199,5977,no,696
t@em.ie,496,200,5983,no,697
t@em.ie,497,200,5991,no,698
t@em.ie,497,201,6001,no,699
t@em.ie,498,201,6012,no,700
t@em.ie,499,201,6018,no,701
t@em.ie,499,202,6028,no,702
t@em.ie,500,202,6037,no,703
t@em.ie,500,203,6043,no,704
t@em.ie,501,203,6049,no,705
t@em.ie,501,204,6059,no,706
t@em.ie,502,204,6064,no,707
t@em.ie,503,204,6070,no,708
t@em.ie,504,204,6077,no,709
t@em.ie,504,205,6084,no,710
t@em.ie,505,205,6090,no,711
t@em.ie,506,205,6099,no,712
t@em.ie,507,205,6109,no,713
t@em.ie,508,205,6116,no,714
t@em.ie,508,206,6120,no,715
t@em.ie,509,206,6127,no,716
t@em.ie,509,207,6136,no,717
t@em.ie,509,208,6146,no,718
t@em.ie,510,208,6157,no,719
t@em.ie,510,209,6170,no,720
t@em.ie,511,209,6182,no,721
t@em.ie,511,210,6193,no,722
t@em.ie,512,210,6205,no,723
t@em.ie,513,210,6213,no,724
t@em.ie,513,211,6226,no,725
t@em.ie,514,211,6235,no,726
t@em.ie,515,211,6255,no,727
t@em.ie,515,212,6261,no,728
t@em.ie,516,212,6268,no,729
t@em.ie,517,212,6275,no,730
t@em.ie,518,212,6285,no,731
t@em.ie,519,212,6291,no,732
t@em.ie,520,212,6303,no,733
t@em.ie,521,212,6313,no,734
t@em.ie,521,213,6320,no,735
t@em.ie,522,213,6326,no,736
t@em.ie,523,213,6336,no,737
t@em.ie,523,214,6345,no,738
t@em.ie,524,214,6353,no,739
t@em.ie,525,214,6364,no,740
t@em.ie,526,214,6376,no,741
t@em.ie,527,214,6383,no,742
t@em.ie,528,214,6390,no,743
t@em.ie,529,214,6398,no,744
t@em.ie,530,214,6405,no,745
t@em.ie,531,214,6415,no,746
t@em.ie,532,214,6422,no,747
t@em.ie,532,215,6429,no,748
t@em.ie,533,215,6438,no,749
t@em.ie,533,216,6446,no,750
t@em.ie,534,216,6450,no,751
t@em.ie,535,216,6459,no,752
t@em.ie,535,217,6468,no,753
t@em.ie,536,217,6476,no,754
t@em.ie,536,218,6481,no,755
t@em.ie,537,218,6490,no,756
t@em.ie,538,218,6497,no,757
t@em.ie,539,218,6502,no,758
t@em.ie,539,219,6506,no,759
t@em.ie,539,220,6517,no,760
t@em.ie,539,221,6529,no,761
t@em.ie,540,221,6539,no,762
t@em.ie,541,221,6545,no,763
t@em.ie,542,221,6551,no,764
t@em.ie,542,222,6559,no,765
t@em.ie,542,223,6568,no,766
t@em.ie,543,223,6575,no,767
t@em.ie,543,224,6584,no,768
t@em.ie,543,225,6589,no,769
t@em.ie,544,225,6596,no,770
t@em.ie,545,225,6607,no,771
t@em.ie,546,225,6620,no,772
t@em.ie,547,225,6632,no,773
t@em.ie,548,225,6643,no,774
t@em.ie,548,226,6658,no,775
t@em.ie,549,226,6664,no,776
t@em.ie,550,226,6668,no,777
t@em.ie,550,227,6674,no,778
t@em.ie,551,227,6688,no,779
t@em.ie,551,228,6697,no,780
t@em.ie,552,228,6704,no,781
t@em.ie,553,228,6708,no,782
t@em.ie,553,229,6723,no,783
t@em.ie,554,229,6734,no,784
t@em.ie,555,229,6741,no,785
t@em.ie,556,229,6761,no,786
t@em.ie,556,230,6767,no,787
t@em.ie,556,231,6772,no,788
t@em.ie,557,231,6777,no,789
t@em.ie,558,231,6787,no,790
t@em.ie,559,231,6793,no,791
t@em.ie,559,232,6799,no,792
t@em.ie,560,232,6815,no,793
t@em.ie,561,232,6822,no,794
t@em.ie,562,232,6828,no,795
t@em.ie,562,233,6834,no,796
t@em.ie,562,234,6842,no,797
t@em.ie,563,234,6849,no,798
t@em.ie,563,235,6858,no,799
t@em.ie,563,236,6875,no,800
t@em.ie,564,236,6886,no,801
t@em.ie,565,236,6894,no,802
t@em.ie,566,236,6902,no,803
t@em.ie,567,236,6911,no,804
t@em.ie,568,236,6917,no,805
t@em.ie,569,236,6923,no,806
t@em.ie,569,237,6939,no,807
t@em.ie,569,238,6945,no,808
t@em.ie,569,239,6951,no,809
t@em.ie,570,239,6960,no,810
t@em.ie,571,239,6965,no,811
t@em.ie,572,239,6973,no,812
t@em.ie,573,239,6979,no,813
t@em.ie,573,240,6987,no,814
t@em.ie,574,240,6997,no,815
t@em.ie,575,240,7003,no,816
t@em.ie,576,240,7013,no,817
t@em.ie,577,240,7021,no,818
t@em.ie,578,240,7030,no,819
t@em.ie,579,240,7036,no,820
t@em.ie,579,241,7045,no,821
t@em.ie,580,241,7050,no,822
t@em.ie,580,242,7055,no,823
t@em.ie,581,242,7060,no,824
t@em.ie,581,243,7068,no,825
t@em.ie,581,244,7080,no,826
t@em.ie,582,244,7090,no,827
t@em.ie,582,245,7099,no,828
t@em.ie,583,245,7110,no,829
t@em.ie,584,245,7118,no,830
t@em.ie,585,245,7128,no,831
t@em.ie,586,245,7133,no,832
t@em.ie,587,245,7142,no,833
t@em.ie,588,245,7155,no,834
t@em.ie,589,245,7161,no,835
t@em.ie,589,246,7169,no,836
t@em.ie,590,246,7176,no,837
t@em.ie,591,246,7189,no,838
t@em.ie,592,246,7198,no,839
t@em.ie,593,246,7203,no,840
t@em.ie,593,247,7213,no,841
t@em.ie,593,248,7219,no,842
t@em.ie,593,249,7227,no,843
t@em.ie,594,249,7232,no,844
t@em.ie,595,249,7243,no,845
t@em.ie,595,250,7257,no,846
t@em.ie,596,250,7270,no,847
t@em.ie,597,250,7276,no,848
t@em.ie,598,250,7280,no,849
t@em.ie,598,251,7287,no,850
t@em.ie,598,252,7300,no,851
t@em.ie,598,253,7312,no,852
t@em.ie,599,253,7319,no,853
t@em.ie,600,253,7326,no,854
t@em.ie,601,253,7339,no,855
t@em.ie,602,253,7346,no,856
t@em.ie,603,253,7356,no,857
t@em.ie,604,253,7369,no,858
t@em.ie,604,254,7378,no,859
t@em.ie,605,254,7383,no,860
t@em.ie,606,254,7392,no,861
t@em.ie,607,254,7402,no,862
t@em.ie,607,255,7413,no,863
t@em.ie,607,256,7425,no,864
t@em.ie,608,256,7439,no,865
t@em.ie,609,256,7454,no,866
t@em.ie,610,256,7466,no,867
t@em.ie,610,257,7477,no,868
t@em.ie,611,257,7483,no,869
t@em.ie,612,257,7493,no,870
t@em.ie,612,258,7505,no,871
t@em.ie,613,258,7518,no,872
t@em.ie,614,258,7526,no,873
t@em.ie,615,258,7534,no,874
t@em.ie,616,258,7544,no,875
t@em.ie,617,258,7554,no,876
t@em.ie,617,259,7563,no,877
t@em.ie,618,259,7576,no,878
t@em.ie,619,259,7588,no,879
t@em.ie,619,260,7602,no,880
t@em.ie,620,260,7610,no,881
t@em.ie,621,260,7614,no,882
t@em.ie,622,260,7620,no,883
t@em.ie,622,261,7629,no,884
t@em.ie,623,261,7638,no,885
t@em.ie,624,261,7649,no,886
t@em.ie,625,261,7662,no,887
t@em.ie,626,261,7671,no,888
t@em.ie,627,261,7681,no,889
t@em.ie,628,261,7686,no,890
t@em.ie,628,262,7699,no,891
t@em.ie,628,263,7706,no,892
t@em.ie,629,263,7710,no,893
t@em.ie,630,263,7722,no,894
t@em.ie,631,263,7730,no,895
t@em.ie,631,264,7738,no,896
t@em.ie,632,264,7751,no,897
t@em.ie,633,264,7759,no,898
t@em.ie,634,264,7763,no,899
t@em.ie,634,265,7768,no,900
t@em.ie,635,265,7774,no,901
t@em.ie,635,266,7779,no,902
t@em.ie,636,266,7788,no,903
t@em.ie,637,266,7795,no,904
t@em.ie,638,266,7804,no,905
t@em.ie,639,266,7812,no,906
t@em.ie,640,266,7820,no,907
t@em.ie,641,266,7826,no,908
t@em.ie,641,267,7835,no,909
t@em.ie,641,268,7845,no,910
t@em.ie,642,268,7852,no,911
t@em.ie,642,269,7858,no,912
t@em.ie,642,270,7868,no,913
t@em.ie,643,270,7875,no,914
t@em.ie,644,270,7880,no,915
t@em.ie,645,270,7884,no,916
t@em.ie,646,270,7891,no,917
t@em.ie,647,270,7902,no,918
t@em.ie,648,270,7909,no,919
t@em.ie,649,270,7918,no,920
t@em.ie,650,270,7928,no,921
t@em.ie,651,270,7936,no,922
t@em.ie,652,270,7944,no,923
t@em.ie,653,270,7951,no,924
t@em.ie,654,270,7962,no,925
t@em.ie,655,270,7970,no,926
t@em.ie,655,271,7983,no,927
t@em.ie,656,271,7988,no,928
t@em.ie,657,271,7998,no,929
t@em.ie,657,272,8006,no,930
t@em.ie,657,273,8015,no,931
t@em.ie,658,273,8024,no,932
t@em.ie,659,273,8031,no,933
t@em.ie,660,273,8041,no,934
t@em.ie,660,274,8054,no,935
t@em.ie,661,274,8064,no,936
t@em.ie,662,274,8069,no,937
t@em.ie,662,275,8079,no,938
t@em.ie,662,276,8084,no,939
t@em.ie,662,277,8094,no,940
t@em.ie,663,277,8107,no,941
t@em.ie,663,278,8113,no,942
t@em.ie,663,279,8121,no,943
t@em.ie,664,279,8129,no,944
t@em.ie,665,279,8136,no,945
t@em.ie,666,279,8156,no,946
t@em.ie,667,279,8163,no,947
t@em.ie,668,279,8174,no,948
t@em.ie,669,279,8178,no,949
t@em.ie,670,279,8189,no,950
t@em.ie,670,280,8196,no,951
t@em.ie,671,280,8206,no,952
t@em.ie,672,280,8214,no,953
t@em.ie,672,281,8222,no,954
t@em.ie,673,281,8231,no,955
t@em.ie,674,281,8236,no,956
t@em.ie,675,281,8246,no,957
t@em.ie,676,281,8255,no,958
t@em.ie,677,281,8264,no,959
t@em.ie,677,282,8278,no,960
t@em.ie,678,282,8284,no,961
t@em.ie,678,283,8294,no,962
t@em.ie,679,283,8302,no,963
t@em.ie,680,283,8308,no,964
t@em.ie,681,283,8319,no,965
t@em.ie,682,283,8323,no,966
t@em.ie,682,284,8335,no,967
t@em.ie,683,284,8344,no,968
t@em.ie,684,284,8355,no,969
t@em.ie,685,284,8366,no,970
t@em.ie,686,284,8378,no,971
t@em.ie,687,284,8387,no,972
t@em.ie,688,284,8392,no,973
t@em.ie,689,284,8401,no,974
t@em.ie,690,284,8411,no,975
t@em.ie,690,285,8422,no,976
t@em.ie,691,285,8430,no,977
t@em.ie,692,285,8441,no,978
t@em.ie,692,286,8453,no,979
t@em.ie,692,287,8459,no,980
t@em.ie,693,287,8467,no,981
t@em.ie,694,287,8471,no,982
t@em.ie,694,288,8479,no,983
t@em.ie,695,288,8486,no,984
t@em.ie,696,288,8492,no,985
t@em.ie,697,288,8506,no,986
t@em.ie,698,288,8519,no,987
t@em.ie,699,288,8527,no,988
t@em.ie,700,288,8535,no,989
t@em.ie,701,288,8539,no,990
t@em.ie,702,288,8547,no,991
t@em.ie,702,289,8555,no,992
t@em.ie,702,290,8567,no,993
t@em.ie,703,290,8577,no,994
t@em.ie,704,290,8591,no,995
t@em.ie,705,290,8599,no,996
t@em.ie,706,290,8608,no,997
t@em.ie,707,290,8612,no,998
t@em.ie,708,290,8621,no,999
t@em.ie,709,290,8633,no,1000
t@em.ie,1,0,7,no,1
t@em.ie,2,0,17,no,2
t@em.ie,3,0,26,no,3
t@em.ie,4,0,30,no,4
t@em.ie,4,1,40,no,5
t@em.ie,5,1,49,no,6
t@em.ie,5,2,58,no,7
t@em.ie,5,3,66,no,8
t@em.ie,5,4,78,no,9
t@em.ie,6,4,86,no,10
t@em.ie,7,4,100,no,11
t@em.ie,8,4,106,no,12
t@em.ie,9,4,113,no,13
t@em.ie,9,5,124,no,14
t@em.ie,10,5,133,no,15
t@em.ie,11,5,141,no,16
t@em.ie,12,5,153,no,17
t@em.ie,13,5,158,no,18
t@em.ie,14,5,171,no,19
t@em.ie,14,6,177,no,20
t@em.ie,15,6,187,no,21
t@em.ie,15,7,195,no,22
t@em.ie,16,7,203,no,23
t@em.ie,16,8,210,no,24
t@em.ie,17,8,214,no,25
t@em.ie,17,9,227,no,26
t@em.ie,18,9,237,no,27
t@em.ie,18,10,251,no,28
t@em.ie,19,10,259,no,29
t@em.ie,19,11,263,no,30
t@em.ie,20,11,270,no,31
t@em.ie,21,11,276,no,32
t@em.ie,21,12,282,no,33
t@em.ie,21,13,298,no,34
t@em.ie,22,13,313,no,35
t@em.ie,22,14,320,no,36
t@em.ie,23,14,327,no,37
t@em.ie,24,14,337,no,38
t@em.ie,25,14,346,no,39
t@em.ie,26,14,359,no,40
t@em.ie,27,14,364,no,41
t@em.ie,28,14,377,no,42
t@em.ie,29,14,388,no,43
t@em.ie,30,14,399,no,44
t@em.ie,31,14,403,no,45
t@em.ie,31,15,417,no,46
t@em.ie,31,16,424,no,47
t@em.ie,32,16,433,no,48
t@em.ie,33,16,444,no,49
t@em.ie,34,16,459,no,50
t@em.ie,35,16,470,no,51
t@em.ie,36,16,475,no,52
t@em.ie,36,17,485,no,53
t@em.ie,37,17,493,no,54
t@em.ie,38,17,502,no,55
t@em.ie,39,17,511,no,56
t@em.ie,40,17,518,no,57
t@em.ie,41,17,525,no,58
t@em.ie,41,18,534,no,59
t@em.ie,42,18,543,no,60
t@em.ie,43,18,550,no,61
t@em.ie,44,18,561,no,62
t@em.ie,45,18,570,no,63
t@em.ie,45,19,582,no,64
t@em.ie,46,19,595,no,65
t@em.ie,47,19,601,no,66
t@em.ie,48,19,611,no,67
t@em.ie,49,19,617,no,68
t@em.ie,50,19,628,no,69
t@em.ie,50,20,642,no,70
t@em.ie,51,20,651,no,71
t@em.ie,52,20,661,no,72
t@em.ie,52,21,671,no,73
t@em.ie,53,21,677,no,74
t@em.ie,54,21,686,no,75
t@em.ie,54,22,694,no,76
t@em.ie,55,22,706,no,77
t@em.ie,56,22,713,no,78
t@em.ie,57,22,721,no,79
t@em.ie,58,22,730,no,80
t@em.ie,59,22,736,no,81
t@em.ie,59,23,744,no,82
t@em.ie,59,24,753,no,83
t@em.ie,60,24,762,no,84
t@em.ie,61,24,774,no,85
t@em.ie,62,24,781,no,86
t@em.ie,63,24,785,no,87
t@em.ie,63,25,798,no,88
t@em.ie,64,25,810,no,89
t@em.ie,65,25,814,no,90
t@em.ie,66,25,821,no,91
t@em.ie,66,26,825,no,92
t@em.ie,67,26,833,no,93
t@em.ie,67,27,840,no,94
t@em.ie,68,27,848,no,95
t@em.ie,69,27,853,no,96
t@em.ie,70,27,861,no,97
t@em.ie,70,28,866,no,98
t@em.ie,71,28,877,no,99
t@em.ie,72,28,884,no,100
t@em.ie,73,28,890,no,101
t@em.ie,74,28,901,no,102
t@em.ie,75,28,911,no,103
t@em.ie,76,28,922,no,104
t@em.ie,77,28,931,no,105
t@em.ie,78,28,940,no,106
t@em.ie,78,29,947,no,107
t@em.ie,78,30,953,no,108
t@em.ie,79,30,959,no,109
t@em.ie,80,30,968,no,110
t@em.ie,81,30,977,no,111
t@em.ie,82,30,985,no,112
t@em.ie,83,30,996,no,113
t@em.ie,84,30,1002,no,114
t@em.ie,84,31,1013,no,115
t@em.ie,85,31,1021,no,116
t@em.ie,85,32,1032,no,117
t@em.ie,86,32,1038,no,118
t@em.ie,87,32,1055,no,119
t@em.ie,87,33,1061,no,120
t@em.ie,88,33,1070,no,121
t@em.ie,88,34,1077,no,122
t@em.ie,89,34,1086,no,123
t@em.ie,89,35,1092,no,124
t@em.ie,90,35,1098,no,125
t@em.ie,91,35,1107,no,126
t@em.ie,92,35,1121,no,127
t@em.ie,93,35,1132,no,128
t@em.ie,94,35,1136,no,129
t@em.ie,95,35,1142,no,130
t@em.ie,95,36,1149,no,131
t@em.ie,96,36,1157,no,132
t@em.ie,97,36,1167,no,133
t@em.ie,98,36,1174,no,134
t@em.ie,98,37,1179,no,135
t@em.ie,98,38,1189,no,136
t@em.ie,99,38,1209,no,137
t@em.ie,100,38,1218,no,138
t@em.ie,101,38,1225,no,139
t@em.ie,101,39,1236,no,140
t@em.ie,102,39,1248,no,141
t@em.ie,102,40,1258,no,142
t@em.ie,103,40,1265,no,143
t@em.ie,104,40,1273,no,144
t@em.ie,105,40,1279,no,145
t@em.ie,106,40,1284,no,146
t@em.ie,107,40,1292,no,147
t@em.ie,107,41,1298,no,148
t@em.ie,107,42,1312,no,149
t@em.ie,108,42,1320,no,150
t@em.ie,109,42,1333,no,151
t@em.ie,110,42,1343,no,152
t@em.ie,110,43,1352,no,153
t@em.ie,110,44,1365,no,154
t@em.ie,110,45,1374,no,155
t@em.ie,111,45,1381,no,156
t@em.ie,112,45,1392,no,157
t@em.ie,112,46,1400,no,158
t@em.ie,113,46,1415,no,159
t@em.ie,113,47,1421,no,160
t@em.ie,114,47,1433,no,161
t@em.ie,115,47,1438,no,162
t@em.ie,116,47,1452,no,163
t@em.ie,116,48,1463,no,164
t@em.ie,117,48,1469,no,165
t@em.ie,117,49,1477,no,166
t@em.ie,118,49,1489,no,167
t@em.ie,119,49,1496,no,168
t@em.ie,119,50,1509,no,169
t@em.ie,120,50,1518,no,170
t@em.ie,121,50,1525,no,171
t@em.ie,122,50,1535,no,172
t@em.ie,123,50,1542,no,173
t@em.ie,123,51,1558,no,174
t@em.ie,124,51,1564,no,175
t@em.ie,125,51,1571,no,176
t@em.ie,126,51,1580,no,177
t@em.ie,127,51,1589,no,178
t@em.ie,128,51,1598,no,179
t@em.ie,129,51,1602,no,180
t@em.ie,130,51,1612,no,181
t@em.ie,131,51,1620,no,182
t@em.ie,131,52,1630,no,183
t@em.ie,131,53,1640,no,184
t@em.ie,132,53,1653,no,185
t@em.ie,132,54,1663,no,186
t@em.ie,133,54,1671,no,187
t@em.ie,134,54,1682,no,188
t@em.ie,135,54,1691,no,189
t@em.ie,136,54,1702,no,190
t@em.ie,136,55,1710,no,191
t@em.ie,137,55,1717,no,192
t@em.ie,138,55,1723,no,193
t@em.ie,139,55,1731,no,194
t@em.ie,140,55,1738,no,195
t@em.ie,140,56,1750,no,196
t@em.ie,140,57,1757,no,197
t@em.ie,141,57,1764,no,198
t@em.ie,142,57,1770,no,199
t@em.ie,143,57,1776,no,200
t@em.ie,144,57,1780,no,201
t@em.ie,144,58,1791,no,202
t@em.ie,145,58,1796,no,203
t@em.ie,146,58,1811,no,204
t@em.ie,146,59,1828,no,205
t@em.ie,146,60,1839,no,206
t@em.ie,147,60,1844,no,207
t@em.ie,148,60,1851,no,208
t@em.ie,148,61,1862,no,209
t@em.ie,149,61,1871,no,210
t@em.ie,149,62,1884,no,211
t@em.ie,150,62,1889,no,212
t@em.ie,151,62,1900,no,213
t@em.ie,152,62,1904,no,214
t@em.ie,152,63,1911,no,215
t@em.ie,153,63,1920,no,216
t@em.ie,153,64,1929,no,217
t@em.ie,153,65,1950,no,218
t@em.ie,154,65,1959,no,219
t@em.ie,155,65,1970,no,220
t@em.ie,155,66,1982,no,221
t@em.ie,156,66,1990,no,222
t@em.ie,156,67,1998,no,223
t@em.ie,157,67,2013,no,224
t@em.ie,158,67,2025,no,225
t@em.ie,159,67,2037,no,226
t@em.ie,160,67,2047,no,227
t@em.ie,161,67,2055,no,228
t@em.ie,161,68,2068,no,229
t@em.ie,162,68,2075,no,230
t@em.ie,163,68,2079,no,231
t@em.ie,164,68,2090,no,232
t@em.ie,165,68,2106,no,233
t@em.ie,165,69,2111,no,234
t@em.ie,165,70,2121,no,235
t@em.ie,165,71,2132,no,236
t@em.ie,165,72,2138,no,237
t@em.ie,165,73,2147,no,238
t@em.ie,165,74,2162,no,239
t@em.ie,166,74,2174,no,240
t@em.ie,166,75,2187,no,241
t@em.ie,166,76,2194,no,242
t@em.ie,166,77,2202,no,243
t@em.ie,167,77,2212,no,244
t@em.ie,167,78,2217,no,245
t@em.ie,168,78,2226,no,246
t@em.ie,169,78,2237,no,247
t@em.ie,169,79,2247,no,248
t@em.ie,169,80,2258,no,249
t@em.ie,170,80,2266,no,250
t@em.ie,171,80,2271,no,251
t@em.ie,172,80,2279,no,252
t@em.ie,172,81,2287,no,253
t@em.ie,173,81,2297,no,254
t@em.ie,174,81,2310,no,255
t@em.ie,175,81,2316,no,256
t@em.ie,176,81,2326,no,257
t@em.ie,177,81,2336,no,258
t@em.ie,178,81,2347,no,259
t@em.ie,178,82,2361,no,260
t@em.ie,179,82,2375,no,261
t@em.ie,180,82,2381,no,262
t@em.ie,181,82,2394,no,263
t@em.ie,182,82,2405,no,264
t@em.ie,182,83,2417,no,265
t@em.ie,183,83,2427,no,266
t@em.ie,184,83,2431,no,267
t@em.ie,185,83,2439,no,268
t@em.ie,186,83,2445,no,269
t@em.ie,187,83,2451,no,270
t@em.ie,188,83,2461,no,271
t@em.ie,188,84,2472,no,272
t@em.ie,188,85,2476,no,273
t@em.ie,189,85,2483,no,274
t@em.ie,190,85,2496,no,275
t@em.ie,191,85,2502,no,276
t@em.ie,192,85,2511,no,277
t@em.ie,192,86,2515,no,278
t@em.ie,193,86,2522,no,279
t@em.ie,193,87,2528,no,280
t@em.ie,194,87,2538,no,281
t@em.ie,194,88,2549,no,282
t@em.ie,195,88,2558,no,283
t@em.ie,196,88,2566,no,284
t@em.ie,197,88,2570,no,285
t@em.ie,197,89,2579,no,286
t@em.ie,198,89,2588,no,287
t@em.ie,199,89,2596,no,288
t@em.ie,200,89,2604,no,289
t@em.ie,201,89,2611,no,290
t@em.ie,201,90,2626,no,291
t@em.ie,202,90,2632,no,292
t@em.ie,203,90,2639,no,293
t@em.ie,204,90,2644,no,294
t@em.ie,205,90,2652,no,295
t@em.ie,206,90,2659,no,296
t@em.ie,207,90,2669,no,297
t@em.ie,207,91,2680,no,298
t@em.ie,208,91,2687,no,299
t@em.ie,209,91,2695,no,300
t@em.ie,210,91,2706,no,301
t@em.ie,211,91,2713,no,302
t@em.ie,212,91,2723,no,303
t@em.ie,213,91,2733,no,304
t@em.ie,214,91,2740,no,305
t@em.ie,215,91,2744,no,306
t@em.ie,216,91,2751,no,307
t@em.ie,217,91,2756,no,308
t@em.ie,218,91,2766,no,309
t@em.ie,218,92,2776,no,310
t@em.ie,219,92,2784,no,311
t@em.ie,219,93,2792,no,312
t@em.ie,220,93,2798,no,313
t@em.ie,221,93,2808,no,314
t@em.ie,221,94,2822,no,315
t@em.ie,222,94,2826,no,316
t@em.ie,223,94,2835,no,317
t@em.ie,224,94,2842,no,318
t@em.ie,225,94,2850,no,319
t@em.ie,226,94,2857,no,320
t@em.ie,226,95,2864,no,321
t@em.ie,227,95,2869,no,322
t@em.ie,228,95,2875,no,323
t@em.ie,229,95,2885,no,324
t@em.ie,229,96,2889,no,325
t@em.ie,229,97,2899,no,326
t@em.ie,230,97,2908,no,327
t@em.ie,231,97,2916,no,328
t@em.ie,232,97,2926,no,329
t@em.ie,233,97,2933,no,330
t@em.ie,234,97,2947,no,331
t@em.ie,235,97,2953,no,332
t@em.ie,236,97,2958,no,333
t@em.ie,236,98,2962,no,334
t@em.ie,236,99,2970,no,335
t@em.ie,236,100,2978,no,336
t@em.ie,237,100,2986,no,337
t@em.ie,238,100,3006,no,338
t@em.ie,238,101,3020,no,339
t@em.ie,239,101,3028,no,340
t@em.ie,240,101,3037,no,341
t@em.ie,241,101,3044,no,342
t@em.ie,242,101,3050,no,343
t@em.ie,243,101,3064,no,344
t@em.ie,244,101,3072,no,345
t@em.ie,245,101,3076,no,346
t@em.ie,246,101,3081,no,347
t@em.ie,247,101,3088,no,348
t@em.ie,248,101,3096,no,349
t@em.ie,249,101,3107,no,350
t@em.ie,250,101,3118,no,351
t@em.ie,250,102,3126,no,352
t@em.ie,250,103,3135,no,353
t@em.ie,251,103,3140,no,354
t@em.ie,252,103,3154,no,355
t@em.ie,253,103,3159,no,356
t@em.ie,253,104,3164,no,357
t@em.ie,254,104,3171,no,358
t@em.ie,255,104,3179,no,359
t@em.ie,256,104,3184,no,360
t@em.ie,257,104,3198,no,361
t@em.ie,258,104,3206,no,362
t@em.ie,258,105,3214,no,363
t@em.ie,259,105,3219,no,364
t@em.ie,260,105,3230,no,365
t@em.ie,260,106,3240,no,366
t@em.ie,261,106,3245,no,367
t@em.ie,262,106,3258,no,368
t@em.ie,263,106,3266,no,369
t@em.ie,263,107,3281,no,370
t@em.ie,264,107,3290,no,371
t@em.ie,265,107,3300,no,372
t@em.ie,266,107,3308,no,373
t@em.ie,267,107,3312,no,374
t@em.ie,268,107,3322,no,375
t@em.ie,269,107,3333,no,376
t@em.ie,270,107,3340,no,377
t@em.ie,271,107,3347,no,378
t@em.ie,272,107,3353,no,379
t@em.ie,273,107,3359,no,380
t@em.ie,274,107,3367,no,381
t@em.ie,275,107,3373,no,382
t@em.ie,276,107,3384,no,383
t@em.ie,276,108,3392,no,384
t@em.ie,277,108,3397,no,385
t@em.ie,278,108,3405,no,386
t@em.ie,278,109,3417,no,387
t@em.ie,279,109,3428,no,388
t@em.ie,280,109,3442,no,389
t@em.ie,281,109,3450,no,390
t@em.ie,282,109,3463,no,391
t@em.ie,283,109,3472,no,392
t@em.ie,284,109,3477,no,393
t@em.ie,285,109,3485,no,394
t@em.ie,286,109,3491,no,395
t@em.ie,287,109,3498,no,396
t@em.ie,288,109,3507,no,397
t@em.ie,289,109,3512,no,398
t@em.ie,290,109,3520,no,399
t@em.ie,290,110,3525,no,400
t@em.ie,291,110,3534,no,401
t@em.ie,292,110,3543,no,402
t@em.ie,293,110,3550,no,403
t@em.ie,293,111,3557,no,404
t@em.ie,294,111,3563,no,405
t@em.ie,295,111,3572,no,406
t@em.ie,296,111,3579,no,407
t@em.ie,297,111,3593,no,408
t@em.ie,298,111,3605,no,409
t@em.ie,299,111,3611,no,410
t@em.ie,299,112,3622,no,411
t@em.ie,300,112,3631,no,412
t@em.ie,301,112,3640,no,413
t@em.ie,302,112,3651,no,414
t@em.ie,303,112,3659,no,415
t@em.ie,303,113,3669,no,416
t@em.ie,304,113,3673,no,417
t@em.ie,305,113,3678,no,418
t@em.ie,306,113,3692,no,419
t@em.ie,306,114,3702,no,420
t@em.ie,307,114,3712,no,421
t@em.ie,307,115,3728,no,422
t@em.ie,308,115,3733,no,423
t@em.ie,309,115,3738,no,424
t@em.ie,310,115,3745,no,425
t@em.ie,310,116,3750,no,426
t@em.ie,310,117,3760,no,427
t@em.ie,311,117,3773,no,428
t@em.ie,312,117,3780,no,429
t@em.ie,313,117,3785,no,430
t@em.ie,314,117,3790,no,431
t@em.ie,315,117,3801,no,432
t@em.ie,316,117,3806,no,433
t@em.ie,317,117,3818,no,434
t@em.ie,318,117,3827,no,435
t@em.ie,319,117,3836,no,436
t@em.ie,319,118,3845,no,437
t@em.ie,320,118,3854,no,438
t@em.ie,321,118,3867,no,439
t@em.ie,322,118,3871,no,440
t@em.ie,322,119,3884,no,441
t@em.ie,323,119,3891,no,442
t@em.ie,324,119,3898,no,443
t@em.ie,325,119,3902,no,444
t@em.ie,326,119,3907,no,445
t@em.ie,326,120,3917,no,446
t@em.ie,327,120,3926,no,447
t@em.ie,327,121,3932,no,448
t@em.ie,328,121,3942,no,449
t@em.ie,329,121,3953,no,450
t@em.ie,330,121,3963,no,451
t@em.ie,330,122,3971,no,452
t@em.ie,331,122,3979,no,453
t@em.ie,331,123,3989,no,454
t@em.ie,332,123,3993,no,455
t@em.ie,333,123,4007,no,456
t@em.ie,334,123,4017,no,457
t@em.ie,335,123,4025,no,458
t@em.ie,336,123,4030,no,459
t@em.ie,337,123,4037,no,460
t@em.ie,338,123,4044,no,461
t@em.ie,338,124,4056,no,462
t@em.ie,339,124,4062,no,463
t@em.ie,340,124,4070,no,464
t@em.ie,341,124,4078,no,465
t@em.ie,342,124,4086,no,466
t@em.ie,342,125,4094,no,467
t@em.ie,343,125,4099,no,468
t@em.ie,344,125,4106,no,469
t@em.ie,345,125,4114,no,470
t@em.ie,346,125,4119,no,471
t@em.ie,347,125,4129,no,472
t@em.ie,347,126,4137,no,473
t@em.ie,348,126,4141,no,474
t@em.ie,349,126,4151,no,475
t@em.ie,350,126,4157,no,476
t@em.ie,351,126,4163,no,477
t@em.ie,352,126,4169,no,478
t@em.ie,353,126,4176,no,479
t@em.ie,354,126,4180,no,480
t@em.ie,354,127,4192,no,481
t@em.ie,355,127,4200,no,482
t@em.ie,355,128,4210,no,483
t@em.ie,355,129,4219,no,484
t@em.ie,355,130,4224,no,485
t@em.ie,355,131,4240,no,486
t@em.ie,355,132,4246,no,487
t@em.ie,355,133,4257,no,488
t@em.ie,356,133,4265,no,489
t@em.ie,357,133,4272,no,490
t@em.ie,358,133,4282,no,491
t@em.ie,359,133,4286,no,492
t@em.ie,360,133,4291,no,493
t@em.ie,361,133,4299,no,494
t@em.ie,362,133,4308,no,495
t@em.ie,363,133,4320,no,496
t@em.ie,363,134,4329,no,497
t@em.ie,364,134,4340,no,498
t@em.ie,365,134,4352,no,499
t@em.ie,366,134,4363,no,500
t@em.ie,366,135,4371,no,501
t@em.ie,367,135,4380,no,502
t@em.ie,368,135,4389,no,503
t@em.ie,368,136,4394,no,504
t@em.ie,368,137,4406,no,505
t@em.ie,369,137,4417,no,506
t@em.ie,370,137,4423,no,507
t@em.ie,370,138,4431,no,508
t@em.ie,371,138,4443,no,509
t@em.ie,371,139,4460,no,510
t@em.ie,372,139,4465,no,511
t@em.ie,372,140,4472,no,512
t@em.ie,372,141,4477,no,513
t@em.ie,372,142,4486,no,514
t@em.ie,372,143,4494,no,515
t@em.ie,373,143,4503,no,516
t@em.ie,374,143,4510,no,517
t@em.ie,375,143,4518,no,518
t@em.ie,376,143,4527,no,519
t@em.ie,377,143,4541,no,520
t@em.ie,378,143,4546,no,521
t@em.ie,379,143,4551,no,522
t@em.ie,380,143,4556,no,523
t@em.ie,381,143,4563,no,524
t@em.ie,382,143,4571,no,525
t@em.ie,382,144,4582,no,526
t@em.ie,383,144,4593,no,527
t@em.ie,384,144,4600,no,528
t@em.ie,385,144,4607,no,529
t@em.ie,386,144,4611,no,530
t@em.ie,387,144,4621,no,531
t@em.ie,388,144,4627,no,532
t@em.ie,388,145,4639,no,533
t@em.ie,388,146,4644,no,534
t@em.ie,389,146,4658,no,535
t@em.ie,390,146,4677,no,536
t@em.ie,391,146,4685,no,537
t@em.ie,392,146,4699,no,538
t@em.ie,392,147,4711,no,539
t@em.ie,393,147,4715,no,540
t@em.ie,394,147,4721,no,541
t@em.ie,394,148,4726,no,542
t@em.ie,395,148,4735,no,543
t@em.ie,396,148,4742,no,544
t@em.ie,397,148,4751,no,545
t@em.ie,397,149,4762,no,546
t@em.ie,398,149,4769,no,547
t@em.ie,399,149,4778,no,548
t@em.ie,399,150,4783,no,549
t@em.ie,400,150,4796,no,550
t@em.ie,401,150,4804,no,551
t@em.ie,402,150,4811,no,552
t@em.ie,403,150,4815,no,553
t@em.ie,404,150,4823,no,554
t@em.ie,405,150,4830,no,555
t@em.ie,406,150,4836,no,556
t@em.ie,407,150,4840,no,557
t@em.ie,407,151,4850,no,558
t@em.ie,408,151,4860,no,559
t@em.ie,408,152,4869,no,560
t@em.ie,409,152,4880,no,561
t@em.ie,409,153,4890,no,562
t@em.ie,410,153,4900,no,563
t@em.ie,411,153,4905,no,564
t@em.ie,412,153,4915,no,565
t@em.ie,413,153,4921,no,566
t@em.ie,414,153,4928,no,567
t@em.ie,414,154,4932,no,568
t@em.ie,415,154,4937,no,569
t@em.ie,415,155,4943,no,570
t@em.ie,416,155,4952,no,571
t@em.ie,416,156,4957,no,572
t@em.ie,417,156,4962,no,573
t@em.ie,417,157,4975,no,574
t@em.ie,417,158,4989,no,575
t@em.ie,418,158,5001,no,576
t@em.ie,419,158,5012,no,577
t@em.ie,419,159,5018,no,578
t@em.ie,420,159,5023,no,579
t@em.ie,421,159,5028,no,580
t@em.ie,422,159,5035,no,581
t@em.ie,423,159,5046,no,582
t@em.ie,424,159,5055,no,583
t@em.ie,425,159,5064,no,584
t@em.ie,426,159,5073,no,585
t@em.ie,427,159,5079,no,586
t@em.ie,428,159,5086,no,587
t@em.ie,429,159,5099,no,588
t@em.ie,429,160,5112,no,589
t@em.ie,430,160,5116,no,590
t@em.ie,431,160,5128,no,591
t@em.ie,432,160,5140,no,592
t@em.ie,433,160,5149,no,593
t@em.ie,433,161,5157,no,594
t@em.ie,434,161,5167,no,595
t@em.ie,435,161,5179,no,596
t@em.ie,435,162,5191,no,597
t@em.ie,436,162,5199,no,598
t@em.ie,437,162,5211,no,599
t@em.ie,437,163,5218,no,600
t@em.ie,438,163,5225,no,601
t@em.ie,438,164,5236,no,602
t@em.ie,439,164,5242,no,603
t@em.ie,439,165,5247,no,604
t@em.ie,439,166,5254,no,605
t@em.ie,440,166,5261,no,606
t@em.ie,441,166,5270,no,607
t@em.ie,442,166,5277,no,608
t@em.ie,443,166,5288,no,609
t@em.ie,443,167,5301,no,610
t@em.ie,443,168,5307,no,611
t@em.ie,443,169,5316,no,612
t@em.ie,443,170,5321,no,613
t@em.ie,444,170,5325,no,614
t@em.ie,444,171,5337,no,615
t@em.ie,445,171,5344,no,616
t@em.ie,446,171,5352,no,617
t@em.ie,447,171,5359,no,618
t@em.ie,448,171,5368,no,619
t@em.ie,448,172,5379,no,620
t@em.ie,449,172,5386,no,621
t@em.ie,450,172,5396,no,622
t@em.ie,451,172,5402,no,623
t@em.ie,452,172,5407,no,624
t@em.ie,453,172,5413,no,625
t@em.ie,454,172,5421,no,626
t@em.ie,454,173,5433,no,627
t@em.ie,455,173,5438,no,628
t@em.ie,456,173,5447,no,629
t@em.ie,456,174,5454,no,630
t@em.ie,457,174,5465,no,631
t@em.ie,457,175,5471,no,632
t@em.ie,458,175,5478,no,633
t@em.ie,459,175,5490,no,634
t@em.ie,460,175,5496,no,635
t@em.ie,460,176,5503,no,636
t@em.ie,460,177,5509,no,637
t@em.ie,461,177,5519,no,638
t@em.ie,461,178,5536,no,639
t@em.ie,462,178,5544,no,640
t@em.ie,463,178,5556,no,641
t@em.ie,464,178,5563,no,642
t@em.ie,464,179,5575,no,643
t@em.ie,464,180,5583,no,644
t@em.ie,465,180,5594,no,645
t@em.ie,466,180,5604,no,646
t@em.ie,466,181,5614,no,647
t@em.ie,467,181,5622,no,648
t@em.ie,467,182,5627,no,649
t@em.ie,467,183,5640,no,650
t@em.ie,468,183,5645,no,651
t@em.ie,469,183,5652,no,652
t@em.ie,469,184,5661,no,653
t@em.ie,470,184,5669,no,654
t@em.ie,471,184,5680,no,655
t@em.ie,471,185,5688,no,656
t@em.ie,472,185,5694,no,657
t@em.ie,473,185,5707,no,658
t@em.ie,474,185,5711,no,659
t@em.ie,475,185,5715,no,660
t@em.ie,476,185,5725,no,661
t@em.ie,477,185,5734,no,662
t@em.ie,478,185,5741,no,663
t@em.ie,478,186,5749,no,664
t@em.ie,479,186,5758,no,665
t@em.ie,479,187,5763,no,666
t@em.ie,480,187,5774,no,667
t@em.ie,481,187,5778,no,668
t@em.ie,482,187,5783,no,669
t@em.ie,483,187,5791,no,670
t@em.ie,484,187,5799,no,671
t@em.ie,485,187,5809,no,672
t@em.ie,485,188,5821,no,673
t@em.ie,486,188,5830,no,674
t@em.ie,487,188,5843,no,675
t@em.ie,488,188,5849,no,676
t@em.ie,489,188,5858,no,677
t@em.ie,490,188,5868,no,678
t@em.ie,490,189,5877,no,679
t@em.ie,491,189,5884,no,680
t@em.ie,492,189,5890,no,681
t@em.ie,493,189,5894,no,682
t@em.ie,494,189,5899,no,683
t@em.ie,495,189,5903,no,684
t@em.ie,496,189,5913,no,685
t@em.ie,497,189,5923,no,686
t@em.ie,498,189,5931,no,687
t@em.ie,499,189,5936,no,688
t@em.ie,500,189,5941,no,689
t@em.ie,501,189,5947,no,690
t@em.ie,502,189,5961,no,691
t@em.ie,502,190,5966,no,692
t@em.ie,502,191,5976,no,693
t@em.ie,503,191,5986,no,694
t@em.ie,504,191,5993,no,695
t@em.ie,505,191,5997,no,696
t@em.ie,506,191,6007,no,697
t@em.ie,507,191,6020,no,698
t@em.ie,507,192,6030,no,699
t@em.ie,508,192,6034,no,700
t@em.ie,508,193,6043,no,701
t@em.ie,509,193,6053,no,702
t@em.ie,510,193,6061,no,703
t@em.ie,511,193,6065,no,704
t@em.ie,512,193,6071,no,705
t@em.ie,513,193,6086,no,706
t@em.ie,514,193,6106,no,707
t@em.ie,515,193,6115,no,708
t@em.ie,516,193,6123,no,709
t@em.ie,517,193,6127,no,710
t@em.ie,517,194,6134,no,711
t@em.ie,517,195,6145,no,712
t@em.ie,518,195,6150,no,713
t@em.ie,519,195,6162,no,714
t@em.ie,520,195,6171,no,715
t@em.ie,521,195,6178,no,716
t@em.ie,522,195,6191,no,717
t@em.ie,523,195,6198,no,718
t@em.ie,523,196,6208,no,719
t@em.ie,524,196,6213,no,720
t@em.ie,525,196,6227,no,721
t@em.ie,526,196,6232,no,722
t@em.ie,527,196,6241,no,723
t@em.ie,527,197,6249,no,724
t@em.ie,528,197,6254,no,725
t@em.ie,529,197,6259,no,726
t@em.ie,530,197,6263,no,727
t@em.ie,531,197,6273,no,728
t@em.ie,532,197,6281,no,729
t@em.ie,533,197,6288,no,730
t@em.ie,533,198,6299,no,731
t@em.ie,534,198,6311,no,732
t@em.ie,535,198,6322,no,733
t@em.ie,536,198,6335,no,734
t@em.ie,536,199,6342,no,735
t@em.ie,537,199,6354,no,736
t@em.ie,538,199,6366,no,737
t@em.ie,539,199,6372,no,738
t@em.ie,540,199,6377,no,739
t@em.ie,541,199,6384,no,740
t@em.ie,542,199,6394,no,741
t@em.ie,542,200,6407,no,742
t@em.ie,542,201,6413,no,743
t@em.ie,543,201,6420,no,744
t@em.ie,543,202,6426,no,745
t@em.ie,543,203,6438,no,746
t@em.ie,544,203,6443,no,747
t@em.ie,545,203,6453,no,748
t@em.ie,546,203,6462,no,749
t@em.ie,546,204,6469,no,750
t@em.ie,546,205,6478,no,751
t@em.ie,546,206,6488,no,752
t@em.ie,546,207,6499,no,753
t@em.ie,546,208,6518,no,754
t@em.ie,546,209,6526,no,755
t@em.ie,547,209,6538,no,756
t@em.ie,548,209,6547,no,757
t@em.ie,549,209,6555,no,758
t@em.ie,550,209,6571,no,759
t@em.ie,550,210,6578,no,760
t@em.ie,551,210,6584,no,761
t@em.ie,552,210,6592,no,762
t@em.ie,553,210,6597,no,763
t@em.ie,553,211,6610,no,764
t@em.ie,554,211,6617,no,765
t@em.ie,555,211,6625,no,766
t@em.ie,555,212,6632,no,767
t@em.ie,556,212,6641,no,768
t@em.ie,557,212,6647,no,769
t@em.ie,557,213,6656,no,770
t@em.ie,558,213,6667,no,771
t@em.ie,559,213,6676,no,772
t@em.ie,559,214,6683,no,773
t@em.ie,560,214,6697,no,774
t@em.ie,560,215,6702,no,775
t@em.ie,561,215,6713,no,776
t@em.ie,562,215,6723,no,777
t@em.ie,562,216,6732,no,778
t@em.ie,563,216,6746,no,779
t@em.ie,564,216,6752,no,780
t@em.ie,565,216,6760,no,781
t@em.ie,565,217,6773,no,782
t@em.ie,566,217,6779,no,783
t@em.ie,567,217,6783,no,784
t@em.ie,568,217,6793,no,785
t@em.ie,569,217,6803,no,786
t@em.ie,569,218,6809,no,787
t@em.ie,570,218,6819,no,788
t@em.ie,571,218,6831,no,789
t@em.ie,572,218,6846,no,790
t@em.ie,572,219,6850,no,791
t@em.ie,573,219,6863,no,792
t@em.ie,574,219,6873,no,793
t@em.ie,574,220,6890,no,794
t@em.ie,574,221,6894,no,795
t@em.ie,575,221,6902,no,796
t@em.ie,576,221,6909,no,797
t@em.ie,576,222,6918,no,798
t@em.ie,577,222,6928,no,799
t@em.ie,578,222,6937,no,800
t@em.ie,578,223,6946,no,801
t@em.ie,579,223,6951,no,802
t@em.ie,580,223,6962,no,803
t@em.ie,581,223,6969,no,804
t@em.ie,582,223,6977,no,805
t@em.ie,583,223,6982,no,806
t@em.ie,584,223,6991,no,807
t@em.ie,585,223,7004,no,808
t@em.ie,585,224,7016,no,809
t@em.ie,585,225,7021,no,810
t@em.ie,586,225,7031,no,811
t@em.ie,587,225,7045,no,812
t@em.ie,588,225,7057,no,813
t@em.ie,589,225,7065,no,814
t@em.ie,590,225,7073,no,815
t@em.ie,591,225,7080,no,816
t@em.ie,592,225,7089,no,817
t@em.ie,592,226,7101,no,818
t@em.ie,592,227,7108,no,819
t@em.ie,593,227,7115,no,820
t@em.ie,593,228,7125,no,821
t@em.ie,594,228,7138,no,822
t@em.ie,595,228,7152,no,823
t@em.ie,595,229,7160,no,824
t@em.ie,596,229,7165,no,825
t@em.ie,597,229,7178,no,826
t@em.ie,597,230,7183,no,827
t@em.ie,598,230,7192,no,828
t@em.ie,599,230,7200,no,829
t@em.ie,600,230,7204,no,830
t@em.ie,601,230,7212,no,831
t@em.ie,602,230,7223,no,832
t@em.ie,603,230,7231,no,833
t@em.ie,604,230,7245,no,834
t@em.ie,604,231,7255,no,835
t@em.ie,605,231,7265,no,836
t@em.ie,605,232,7274,no,837
t@em.ie,606,232,7280,no,838
t@em.ie,607,232,7286,no,839
t@em.ie,607,233,7295,no,840
t@em.ie,608,233,7302,no,841
t@em.ie,608,234,7307,no,842
t@em.ie,609,234,7319,no,843
t@em.ie,610,234,7325,no,844
t@em.ie,610,235,7329,no,845
t@em.ie,611,235,7338,no,846
t@em.ie,612,235,7347,no,847
t@em.ie,613,235,7360,no,848
t@em.ie,614,235,7370,no,849
t@em.ie,615,235,7374,no,850
t@em.ie,616,235,7382,no,851
t@em.ie,617,235,7392,no,852
t@em.ie,618,235,7396,no,853
t@em.ie,619,235,7404,no,854
t@em.ie,620,235,7413,no,855
t@em.ie,620,236,7418,no,856
t@em.ie,620,237,7423,no,857
t@em.ie,621,237,7427,no,858
t@em.ie,622,237,7438,no,859
t@em.ie,623,237,7443,no,860
t@em.ie,624,237,7454,no,861
t@em.ie,624,238,7461,no,862
t@em.ie,625,238,7469,no,863
t@em.ie,626,238,7477,no,864
t@em.ie,626,239,7488,no,865
t@em.ie,626,240,7498,no,866
t@em.ie,627,240,7509,no,867
t@em.ie,627,241,7518,no,868
t@em.ie,627,242,7526,no,869
t@em.ie,628,242,7537,no,870
t@em.ie,629,242,7544,no,871
t@em.ie,630,242,7548,no,872
t@em.ie,631,242,7557,no,873
t@em.ie,632,242,7562,no,874
t@em.ie,633,242,7572,no,875
t@em.ie,633,243,7581,no,876
t@em.ie,634,243,7591,no,877
t@em.ie,635,243,7602,no,878
t@em.ie,635,244,7610,no,879
t@em.ie,636,244,7617,no,880
t@em.ie,637,244,7623,no,881
t@em.ie,637,245,7630,no,882
t@em.ie,637,246,7638,no,883
t@em.ie,637,247,7650,no,884
t@em.ie,638,247,7658,no,885
t@em.ie,639,247,7670,no,886
t@em.ie,639,248,7677,no,887
t@em.ie,639,249,7683,no,888
t@em.ie,640,249,7693,no,889
t@em.ie,640,250,7700,no,890
t@em.ie,640,251,7708,no,891
t@em.ie,641,251,7718,no,892
t@em.ie,642,251,7723,no,893
t@em.ie,642,252,7732,no,894
t@em.ie,643,252,7744,no,895
t@em.ie,643,253,7752,no,896
t@em.ie,644,253,7761,no,897
t@em.ie,645,253,7770,no,898
t@em.ie,646,253,7782,no,899
t@em.ie,646,254,7789,no,900
t@em.ie,647,254,7798,no,901
t@em.ie,648,254,7803,no,902
t@em.ie,648,255,7808,no,903
t@em.ie,649,255,7818,no,904
t@em.ie,650,255,7826,no,905
t@em.ie,651,255,7837,no,906
t@em.ie,652,255,7843,no,907
t@em.ie,653,255,7847,no,908
t@em.ie,653,256,7857,no,909
t@em.ie,654,256,7870,no,910
t@em.ie,655,256,7874,no,911
t@em.ie,656,256,7884,no,912
t@em.ie,656,257,7891,no,913
t@em.ie,656,258,7899,no,914
t@em.ie,657,258,7903,no,915
t@em.ie,657,259,7910,no,916
t@em.ie,658,259,7915,no,917
t@em.ie,659,259,7922,no,918
t@em.ie,660,259,7935,no,919
t@em.ie,661,259,7941,no,920
t@em.ie,662,259,7946,no,921
t@em.ie,662,260,7956,no,922
t@em.ie,663,260,7960,no,923
t@em.ie,663,261,7968,no,924
t@em.ie,663,262,7974,no,925
t@em.ie,664,262,7984,no,926
t@em.ie,665,262,7990,no,927
t@em.ie,666,262,7995,no,928
t@em.ie,667,262,8009,no,929
t@em.ie,668,262,8017,no,930
t@em.ie,669,262,8028,no,931
t@em.ie,670,262,8033,no,932
t@em.ie,670,263,8044,no,933
t@em.ie,671,263,8053,no,934
t@em.ie,672,263,8065,no,935
t@em.ie,672,264,8074,no,936
t@em.ie,673,264,8082,no,937
t@em.ie,674,264,8088,no,938
t@em.ie,675,264,8092,no,939
t@em.ie,676,264,8104,no,940
t@em.ie,677,264,8115,no,941
t@em.ie,678,264,8125,no,942
t@em.ie,679,264,8131,no,943
t@em.ie,679,265,8137,no,944
t@em.ie,679,266,8146,no,945
t@em.ie,680,266,8152,no,946
t@em.ie,680,267,8163,no,947
t@em.ie,681,267,8175,no,948
t@em.ie,682,267,8186,no,949
t@em.ie,682,268,8194,no,950
t@em.ie,683,268,8202,no,951
t@em.ie,684,268,8209,no,952
t@em.ie,685,268,8218,no,953
t@em.ie,685,269,8229,no,954
t@em.ie,685,270,8242,no,955
t@em.ie,685,271,8253,no,956
t@em.ie,686,271,8261,no,957
t@em.ie,686,272,8265,no,958
t@em.ie,686,273,8277,no,959
t@em.ie,687,273,8284,no,960
t@em.ie,688,273,8291,no,961
t@em.ie,688,274,8296,no,962
t@em.ie,689,274,8307,no,963
t@em.ie,690,274,8316,no,964
t@em.ie,691,274,8326,no,965
t@em.ie,692,274,8332,no,966
t@em.ie,693,274,8342,no,967
t@em.ie,693,275,8354,no,968
t@em.ie,694,275,8364,no,969
t@em.ie,695,275,8372,no,970
t@em.ie,696,275,8380,no,971
t@em.ie,697,275,8393,no,972
t@em.ie,698,275,8403,no,973
t@em.ie,699,275,8411,no,974
t@em.ie,700,275,8416,no,975
t@em.ie,701,275,8428,no,976
t@em.ie,702,275,8434,no,977
t@em.ie,703,275,8443,no,978
t@em.ie,704,275,8448,no,979
t@em.ie,705,275,8455,no,980
t@em.ie,706,275,8465,no,981
t@em.ie,707,275,8478,no,982
t@em.ie,708,275,8489,no,983
t@em.ie,709,275,8501,no,984
t@em.ie,710,275,8508,no,985
t@em.ie,710,276,8519,no,986
t@em.ie,711,276,8524,no,987
t@em.ie,712,276,8528,no,988
t@em.ie,713,276,8539,no,989
t@em.ie,714,276,8554,no,990
t@em.ie,715,276,8563,no,991
t@em.ie,716,276,8571,no,992
t@em.ie,717,276,8580,no,993
t@em.ie,717,277,8597,no,994
t@em.ie,718,277,8603,no,995
t@em.ie,719,277,8611,no,996
t@em.ie,720,277,8617,no,997
t@em.ie,721,277,8625,no,998
t@em.ie,722,277,8634,no,999
t@em.ie,723,277,8641,no,1000
t@em.ie,1,0,9,no,1
t@em.ie,1,1,22,no,2
t@em.ie,1,2,26,no,3
t@em.ie,2,2,38,no,4
t@em.ie,2,3,47,no,5
t@em.ie,3,3,55,no,6
t@em.ie,4,3,64,no,7
t@em.ie,4,4,72,no,8
t@em.ie,5,4,79,no,9
t@em.ie,6,4,87,no,10
t@em.ie,7,4,97,no,11
t@em.ie,8,4,108,no,12
t@em.ie,9,4,114,no,13
t@em.ie,10,4,121,no,14
t@em.ie,10,5,133,no,15
t@em.ie,11,5,147,no,16
t@em.ie,12,5,156,no,17
t@em.ie,12,6,165,no,18
t@em.ie,13,6,174,no,19
t@em.ie,14,6,184,no,20
t@em.ie,15,6,193,no,21
t@em.ie,15,7,205,no,22
t@em.ie,16,7,212,no,23
t@em.ie,17,7,221,no,24
t@em.ie,18,7,231,no,25
t@em.ie,18,8,243,no,26
t@em.ie,19,8,257,no,27
t@em.ie,20,8,262,no,28
t@em.ie,21,8,272,no,29
t@em.ie,22,8,282,no,30
t@em.ie,23,8,287,no,31
t@em.ie,23,9,294,no,32
t@em.ie,23,10,302,no,33
t@em.ie,24,10,308,no,34
t@em.ie,25,10,313,no,35
t@em.ie,26,10,326,no,36
t@em.ie,27,10,337,no,37
t@em.ie,28,10,345,no,38
t@em.ie,29,10,351,no,39
t@em.ie,30,10,359,no,40
t@em.ie,31,10,364,no,41
t@em.ie,31,11,369,no,42
t@em.ie,32,11,374,no,43
t@em.ie,33,11,387,no,44
t@em.ie,33,12,393,no,45
t@em.ie,33,13,401,no,46
t@em.ie,34,13,410,no,47
t@em.ie,35,13,421,no,48
t@em.ie,35,14,427,no,49
t@em.ie,36,14,434,no,50
t@em.ie,36,15,447,no,51
t@em.ie,37,15,460,no,52
t@em.ie,37,16,475,no,53
t@em.ie,37,17,487,no,54
t@em.ie,38,17,493,no,55
t@em.ie,39,17,502,no,56
t@em.ie,40,17,508,no,57
t@em.ie,40,18,521,no,58
t@em.ie,40,19,527,no,59
t@em.ie,40,20,534,no,60
t@em.ie,41,20,539,no,61
t@em.ie,42,20,545,no,62
t@em.ie,43,20,551,no,63
t@em.ie,44,20,561,no,64
t@em.ie,45,20,573,no,65
t@em.ie,46,20,579,no,66
t@em.ie,47,20,587,no,67
t@em.ie,48,20,596,no,68
t@em.ie,48,21,615,no,69
t@em.ie,48,22,624,no,70
t@em.ie,49,22,635,no,71
t@em.ie,50,22,642,no,72
t@em.ie,51,22,652,no,73
t@em.ie,52,22,660,no,74
t@em.ie,53,22,667,no,75
t@em.ie,54,22,677,no,76
t@em.ie,55,22,682,no,77
t@em.ie,55,23,694,no,78
t@em.ie,56,23,698,no,79
t@em.ie,57,23,710,no,80
t@em.ie,58,23,716,no,81
t@em.ie,59,23,720,no,82
t@em.ie,60,23,727,no,83
t@em.ie,61,23,731,no,84
t@em.ie,61,24,743,no,85
t@em.ie,62,24,753,no,86
t@em.ie,63,24,757,no,87
t@em.ie,64,24,766,no,88
t@em.ie,64,25,772,no,89
t@em.ie,64,26,784,no,90
t@em.ie,65,26,792,no,91
t@em.ie,65,27,801,no,92
t@em.ie,66,27,810,no,93
t@em.ie,67,27,816,no,94
t@em.ie,68,27,824,no,95
t@em.ie,69,27,837,no,96
t@em.ie,70,27,851,no,97
t@em.ie,71,27,859,no,98
t@em.ie,72,27,871,no,99
t@em.ie,73,27,880,no,100
t@em.ie,74,27,884,no,101
t@em.ie,74,28,901,no,102
t@em.ie,74,29,906,no,103
t@em.ie,75,29,913,no,104
t@em.ie,76,29,918,no,105
t@em.ie,76,30,926,no,106
t@em.ie,77,30,931,no,107
t@em.ie,77,31,937,no,108
t@em.ie,78,31,951,no,109
t@em.ie,79,31,956,no,110
t@em.ie,80,31,964,no,111
t@em.ie,81,31,973,no,112
t@em.ie,82,31,981,no,113
t@em.ie,83,31,993,no,114
t@em.ie,84,31,1007,no,115
t@em.ie,85,31,1016,no,116
t@em.ie,85,32,1025,no,117
t@em.ie,86,32,1031,no,118
t@em.ie,87,32,1039,no,119
t@em.ie,88,32,1047,no,120
t@em.ie,88,33,1054,no,121
t@em.ie,89,33,1065,no,122
t@em.ie,90,33,1074,no,123
t@em.ie,91,33,1087,no,124
t@em.ie,92,33,1093,no,125
t@em.ie,93,33,1100,no,126
t@em.ie,94,33,1106,no,127
t@em.ie,95,33,1114,no,128
t@em.ie,96,33,1126,no,129
t@em.ie,97,33,1139,no,130
t@em.ie,98,33,1148,no,131
t@em.ie,99,33,1157,no,132
t@em.ie,100,33,1164,no,133
t@em.ie,101,33,1168,no,134
t@em.ie,102,33,1177,no,135
t@em.ie,103,33,1182,no,136
t@em.ie,104,33,1190,no,137
t@em.ie,104,34,1194,no,138
t@em.ie,105,34,1204,no,139
t@em.ie,106,34,1215,no,140
t@em.ie,107,34,1223,no,141
t@em.ie,108,34,1233,no,142
t@em.ie,109,34,1241,no,143
t@em.ie,110,34,1248,no,144
t@em.ie,111,34,1258,no,145
t@em.ie,111,35,1264,no,146
t@em.ie,111,36,1273,no,147
t@em.ie,112,36,1280,no,148
t@em.ie,113,36,1293,no,149
t@em.ie,113,37,1298,no,150
t@em.ie,113,38,1308,no,151
t@em.ie,113,39,1319,no,152
t@em.ie,113,40,1330,no,153
t@em.ie,113,41,1337,no,154
t@em.ie,113,42,1351,no,155
t@em.ie,113,43,1359,no,156
t@em.ie,114,43,1371,no,157
t@em.ie,115,43,1378,no,158
t@em.ie,116,43,1387,no,159
t@em.ie,117,43,1397,no,160
t@em.ie,118,43,1410,no,161
t@em.ie,119,43,1418,no,162
t@em.ie,120,43,1427,no,163
t@em.ie,121,43,1433,no,164
t@em.ie,122,43,1448,no,165
t@em.ie,123,43,1455,no,166
t@em.ie,124,43,1468,no,167
t@em.ie,125,43,1473,no,168
t@em.ie,126,43,1486,no,169
t@em.ie,127,43,1494,no,170
t@em.ie,127,44,1500,no,171
t@em.ie,128,44,1508,no,172
t@em.ie,129,44,1516,no,173
t@em.ie,130,44,1523,no,174
t@em.ie,131,44,1527,no,175
t@em.ie,132,44,1541,no,176
t@em.ie,133,44,1547,no,177
t@em.ie,133,45,1555,no,178
t@em.ie,134,45,1567,no,179
t@em.ie,135,45,1581,no,180
t@em.ie,136,45,1586,no,181
t@em.ie,136,46,1598,no,182
t@em.ie,136,47,1613,no,183
t@em.ie,137,47,1620,no,184
t@em.ie,138,47,1629,no,185
t@em.ie,139,47,1634,no,186
t@em.ie,139,48,1640,no,187
t@em.ie,139,49,1656,no,188
t@em.ie,140,49,1667,no,189
t@em.ie,141,49,1676,no,190
t@em.ie,142,49,1685,no,191
t@em.ie,143,49,1692,no,192
t@em.ie,144,49,1698,no,193
t@em.ie,144,50,1712,no,194
t@em.ie,145,50,1720,no,195
t@em.ie,146,50,1730,no,196
t@em.ie,146,51,1737,no,197
t@em.ie,147,51,1746,no,198
t@em.ie,147,52,1755,no,199
t@em.ie,147,53,1760,no,200
t@em.ie,148,53,1770,no,201
t@em.ie,149,53,1778,no,202
t@em.ie,149,54,1788,no,203
t@em.ie,150,54,1796,no,204
t@em.ie,151,54,1800,no,205
t@em.ie,151,55,1811,no,206
t@em.ie,152,55,1821,no,207
t@em.ie,152,56,1828,no,208
t@em.ie,152,57,1839,no,209
t@em.ie,153,57,1844,no,210
t@em.ie,153,58,1852,no,211
t@em.ie,154,58,1856,no,212
t@em.ie,155,58,1864,no,213
t@em.ie,156,58,1873,no,214
t@em.ie,157,58,1884,no,215
t@em.ie,158,58,1889,no,216
t@em.ie,159,58,1897,no,217
t@em.ie,160,58,1906,no,218
t@em.ie,160,59,1919,no,219
t@em.ie,161,59,1932,no,220
t@em.ie,162,59,1938,no,221
t@em.ie,162,60,1951,no,222
t@em.ie,163,60,1960,no,223
t@em.ie,163,61,1974,no,224
t@em.ie,164,61,1985,no,225
t@em.ie,165,61,1996,no,226
t@em.ie,166,61,2004,no,227
t@em.ie,167,61,2021,no,228
t@em.ie,168,61,2029,no,229
t@em.ie,168,62,2038,no,230
t@em.ie,168,63,2045,no,231
t@em.ie,168,64,2053,no,232
t@em.ie,169,64,2060,no,233
t@em.ie,170,64,2073,no,234
t@em.ie,170,65,2079,no,235
t@em.ie,171,65,2084,no,236
t@em.ie,172,65,2093,no,237
t@em.ie,173,65,2101,no,238
t@em.ie,173,66,2111,no,239
t@em.ie,174,66,2118,no,240
t@em.ie,174,67,2128,no,241
t@em.ie,175,67,2133,no,242
t@em.ie,176,67,2139,no,243
t@em.ie,177,67,2145,no,244
t@em.ie,177,68,2154,no,245
t@em.ie,178,68,2158,no,246
t@em.ie,179,68,2168,no,247
t@em.ie,179,69,2180,no,248
t@em.ie,180,69,2189,no,249
t@em.ie,180,70,2196,no,250
t@em.ie,180,71,2211,no,251
t@em.ie,181,71,2218,no,252
t@em.ie,182,71,2228,no,253
t@em.ie,183,71,2240,no,254
t@em.ie,183,72,2250,no,255
t@em.ie,184,72,2257,no,256
t@em.ie,184,73,2267,no,257
t@em.ie,185,73,2276,no,258
t@em.ie,186,73,2284,no,259
t@em.ie,186,74,2289,no,260
t@em.ie,186,75,2296,no,261
t@em.ie,187,75,2302,no,262
t@em.ie,188,75,2313,no,263
t@em.ie,189,75,2323,no,264
t@em.ie,190,75,2334,no,265
t@em.ie,191,75,2340,no,266
t@em.ie,192,75,2354,no,267
t@em.ie,193,75,2367,no,268
t@em.ie,194,75,2371,no,269
t@em.ie,194,76,2380,no,270
t@em.ie,195,76,2388,no,271
t@em.ie,196,76,2396,no,272
t@em.ie,197,76,2405,no,273
t@em.ie,198,76,2414,no,274
t@em.ie,199,76,2423,no,275
t@em.ie,200,76,2429,no,276
t@em.ie,201,76,2436,no,277
t@em.ie,202,76,2445,no,278
t@em.ie,202,77,2451,no,279
t@em.ie,203,77,2466,no,280
t@em.ie,204,77,2477,no,281
t@em.ie,205,77,2484,no,282
t@em.ie,206,77,2492,no,283
t@em.ie,206,78,2500,no,284
t@em.ie,206,79,2511,no,285
t@em.ie,206,80,2516,no,286
t@em.ie,206,81,2520,no,287
t@em.ie,207,81,2528,no,288
t@em.ie,208,81,2533,no,289
t@em.ie,208,82,2544,no,290
t@em.ie,209,82,2548,no,291
t@em.ie,209,83,2556,no,292
t@em.ie,210,83,2560,no,293
t@em.ie,210,84,2569,no,294
t@em.ie,211,84,2578,no,295
t@em.ie,212,84,2589,no,296
t@em.ie,213,84,2599,no,297
t@em.ie,214,84,2606,no,298
t@em.ie,215,84,2613,no,299
t@em.ie,216,84,2621,no,300
t@em.ie,217,84,2631,no,301
t@em.ie,218,84,2642,no,302
t@em.ie,219,84,2653,no,303
t@em.ie,220,84,2663,no,304
t@em.ie,221,84,2670,no,305
t@em.ie,222,84,2678,no,306
t@em.ie,223,84,2687,no,307
t@em.ie,224,84,2692,no,308
t@em.ie,225,84,2700,no,309
t@em.ie,225,85,2711,no,310
t@em.ie,226,85,2720,no,311
t@em.ie,226,86,2727,no,312
t@em.ie,226,87,2741,no,313
t@em.ie,227,87,2745,no,314
t@em.ie,227,88,2753,no,315
t@em.ie,227,89,2760,no,316
t@em.ie,228,89,2765,no,317
t@em.ie,229,89,2774,no,318
t@em.ie,230,89,2786,no,319
t@em.ie,230,90,2792,no,320
t@em.ie,231,90,2797,no,321
t@em.ie,232,90,2806,no,322
t@em.ie,232,91,2819,no,323
t@em.ie,233,91,2824,no,324
t@em.ie,234,91,2829,no,325
t@em.ie,234,92,2837,no,326
t@em.ie,235,92,2849,no,327
t@em.ie,236,92,2858,no,328
t@em.ie,237,92,2866,no,329
t@em.ie,238,92,2876,no,330
t@em.ie,238,93,2886,no,331
t@em.ie,238,94,2895,no,332
t@em.ie,239,94,2907,no,333
t@em.ie,239,95,2921,no,334
t@em.ie,239,96,2935,no,335
t@em.ie,240,96,2940,no,336
t@em.ie,241,96,2948,no,337
t@em.ie,242,96,2953,no,338
t@em.ie,243,96,2958,no,339
t@em.ie,243,97,2965,no,340
t@em.ie,244,97,2979,no,341
t@em.ie,244,98,2990,no,342
t@em.ie,245,98,3001,no,343
t@em.ie,246,98,3017,no,344
t@em.ie,247,98,3022,no,345
t@em.ie,248,98,3033,no,346
t@em.ie,248,99,3043,no,347
t@em.ie,249,99,3051,no,348
t@em.ie,250,99,3064,no,349
t@em.ie,251,99,3071,no,350
t@em.ie,251,100,3079,no,351
t@em.ie,252,100,3083,no,352
t@em.ie,253,100,3091,no,353
t@em.ie,254,100,3102,no,354
t@em.ie,255,100,3113,no,355
t@em.ie,256,100,3119,no,356
t@em.ie,257,100,3123,no,357
t@em.ie,258,100,3131,no,358
t@em.ie,258,101,3147,no,359
t@em.ie,259,101,3162,no,360
t@em.ie,260,101,3169,no,361
t@em.ie,261,101,3177,no,362
t@em.ie,262,101,3183,no,363
t@em.ie,262,102,3194,no,364
t@em.ie,262,103,3202,no,365
t@em.ie,263,103,3213,no,366
t@em.ie,264,103,3223,no,367
t@em.ie,264,104,3233,no,368
t@em.ie,265,104,3243,no,369
t@em.ie,266,104,3251,no,370
t@em.ie,267,104,3260,no,371
t@em.ie,268,104,3264,no,372
t@em.ie,269,104,3274,no,373
t@em.ie,269,104,3295,yes,374
t@em.ie,270,104,3300,no,375
t@em.ie,271,104,3312,no,376
t@em.ie,271,105,3324,no,377
t@em.ie,272,105,3331,no,378
t@em.ie,272,106,3335,no,379
t@em.ie,272,107,3345,no,380
t@em.ie,273,107,3351,no,381
t@em.ie,273,108,3364,no,382
t@em.ie,274,108,3372,no,383
t@em.ie,274,109,3380,no,384
t@em.ie,274,110,3390,no,385
t@em.ie,274,111,3398,no,386
t@em.ie,274,112,3405,no,387
t@em.ie,274,113,3412,no,388
t@em.ie,274,114,3417,no,389
t@em.ie,275,114,3424,no,390
t@em.ie,276,114,3429,no,391
t@em.ie,276,115,3437,no,392
t@em.ie,277,115,3444,no,393
t@em.ie,277,116,3453,no,394
t@em.ie,277,117,3460,no,395
t@em.ie,278,117,3464,no,396
t@em.ie,279,117,3473,no,397
t@em.ie,280,117,3478,no,398
t@em.ie,281,117,3486,no,399
t@em.ie,282,117,3492,no,400
t@em.ie,283,117,3496,no,401
t@em.ie,284,117,3509,no,402
t@em.ie,285,117,3516,no,403
t@em.ie,286,117,3523,no,404
t@em.ie,287,117,3532,no,405
t@em.ie,288,117,3537,no,406
t@em.ie,288,118,3547,no,407
t@em.ie,289,118,3557,no,408
t@em.ie,290,118,3563,no,409
t@em.ie,290,119,3569,no,410
t@em.ie,291,119,3575,no,411
t@em.ie,292,119,3589,no,412
t@em.ie,293,119,3601,no,413
t@em.ie,293,120,3613,no,414
t@em.ie,294,120,3623,no,415
t@em.ie,295,120,3632,no,416
t@em.ie,296,120,3636,no,417
t@em.ie,296,121,3648,no,418
t@em.ie,297,121,3653,no,419
t@em.ie,298,121,3657,no,420
t@em.ie,299,121,3663,no,421
t@em.ie,300,121,3675,no,422
t@em.ie,301,121,3679,no,423
t@em.ie,302,121,3687,no,424
t@em.ie,303,121,3694,no,425
t@em.ie,303,122,3708,no,426
t@em.ie,304,122,3716,no,427
t@em.ie,305,122,3724,no,428
t@em.ie,305,123,3733,no,429
t@em.ie,306,123,3742,no,430
t@em.ie,307,123,3749,no,431
t@em.ie,308,123,3754,no,432
t@em.ie,309,123,3758,no,433
t@em.ie,310,123,3769,no,434
t@em.ie,311,123,3778,no,435
t@em.ie,312,123,3786,no,436
t@em.ie,313,123,3793,no,437
t@em.ie,314,123,3799,no,438
t@em.ie,315,123,3806,no,439
t@em.ie,316,123,3815,no,440
t@em.ie,317,123,3829,no,441
t@em.ie,317,124,3836,no,442
t@em.ie,317,125,3845,no,443
t@em.ie,317,126,3855,no,444
t@em.ie,317,127,3867,no,445
t@em.ie,318,127,3875,no,446
t@em.ie,318,128,3882,no,447
t@em.ie,318,129,3893,no,448
t@em.ie,319,129,3908,no,449
t@em.ie,320,129,3914,no,450
t@em.ie,321,129,3921,no,451
t@em.ie,322,129,3928,no,452
t@em.ie,322,130,3935,no,453
t@em.ie,323,130,3944,no,454
t@em.ie,324,130,3958,no,455
t@em.ie,325,130,3963,no,456
t@em.ie,326,130,3968,no,457
t@em.ie,327,130,3981,no,458
t@em.ie,328,130,3991,no,459
t@em.ie,329,130,3995,no,460
t@em.ie,329,131,4002,no,461
t@em.ie,330,131,4007,no,462
t@em.ie,330,132,4018,no,463
t@em.ie,330,133,4030,no,464
t@em.ie,330,134,4034,no,465
t@em.ie,331,134,4048,no,466
t@em.ie,332,134,4062,no,467
t@em.ie,332,135,4072,no,468
t@em.ie,332,136,4079,no,469
t@em.ie,333,136,4090,no,470
t@em.ie,334,136,4109,no,471
t@em.ie,335,136,4121,no,472
t@em.ie,336,136,4131,no,473
t@em.ie,337,136,4135,no,474
t@em.ie,337,137,4139,no,475
t@em.ie,338,137,4156,no,476
t@em.ie,339,137,4167,no,477
t@em.ie,339,138,4181,no,478
t@em.ie,340,138,4189,no,479
t@em.ie,341,138,4195,no,480
t@em.ie,342,138,4201,no,481
t@em.ie,343,138,4212,no,482
t@em.ie,344,138,4221,no,483
t@em.ie,344,139,4229,no,484
t@em.ie,344,140,4242,no,485
t@em.ie,345,140,4248,no,486
t@em.ie,345,141,4252,no,487
t@em.ie,345,142,4259,no,488
t@em.ie,346,142,4267,no,489
t@em.ie,346,143,4277,no,490
t@em.ie,346,144,4281,no,491
t@em.ie,347,144,4288,no,492
t@em.ie,347,145,4301,no,493
t@em.ie,348,145,4313,no,494
t@em.ie,349,145,4325,no,495
t@em.ie,349,146,4334,no,496
t@em.ie,350,146,4346,no,497
t@em.ie,351,146,4354,no,498
t@em.ie,351,147,4363,no,499
t@em.ie,352,147,4377,no,500
t@em.ie,353,147,4383,no,501
t@em.ie,354,147,4394,no,502
t@em.ie,355,147,4399,no,503
t@em.ie,356,147,4408,no,504
t@em.ie,357,147,4417,no,505
t@em.ie,358,147,4422,no,506
t@em.ie,359,147,4429,no,507
t@em.ie,359,148,4437,no,508
t@em.ie,359,149,4451,no,509
t@em.ie,360,149,4456,no,510
t@em.ie,360,150,4461,no,511
t@em.ie,360,151,4473,no,512
t@em.ie,360,152,4479,no,513
t@em.ie,360,153,4493,no,514
t@em.ie,360,154,4502,no,515
t@em.ie,361,154,4510,no,516
t@em.ie,361,155,4519,no,517
t@em.ie,362,155,4526,no,518
t@em.ie,363,155,4537,no,519
t@em.ie,363,156,4552,no,520
t@em.ie,363,157,4561,no,521
t@em.ie,364,157,4566,no,522
t@em.ie,365,157,4574,no,523
t@em.ie,366,157,4583,no,524
t@em.ie,367,157,4591,no,525
t@em.ie,368,157,4598,no,526
t@em.ie,369,157,4608,no,527
t@em.ie,370,157,4617,no,528
t@em.ie,371,157,4632,no,529
t@em.ie,372,157,4637,no,530
t@em.ie,373,157,4646,no,531
t@em.ie,373,158,4655,no,532
t@em.ie,373,159,4663,no,533
t@em.ie,374,159,4678,no,534
t@em.ie,374,160,4684,no,535
t@em.ie,375,160,4697,no,536
t@em.ie,376,160,4708,no,537
t@em.ie,377,160,4719,no,538
t@em.ie,378,160,4726,no,539
t@em.ie,379,160,4735,no,540
t@em.ie,379,161,4747,no,541
t@em.ie,380,161,4755,no,542
t@em.ie,381,161,4760,no,543
t@em.ie,382,161,4768,no,544
t@em.ie,383,161,4778,no,545
t@em.ie,384,161,4784,no,546
t@em.ie,384,162,4794,no,547
t@em.ie,385,162,4799,no,548
t@em.ie,386,162,4806,no,549
t@em.ie,387,162,4815,no,550
t@em.ie,388,162,4821,no,551
t@em.ie,389,162,4830,no,552
t@em.ie,390,162,4839,no,553
t@em.ie,391,162,4843,no,554
t@em.ie,392,162,4855,no,555
t@em.ie,393,162,4867,no,556
t@em.ie,394,162,4876,no,557
t@em.ie,395,162,4885,no,558
t@em.ie,396,162,4894,no,559
t@em.ie,396,163,4911,no,560
t@em.ie,397,163,4921,no,561
t@em.ie,398,163,4926,no,562
t@em.ie,399,163,4932,no,563
t@em.ie,399,164,4945,no,564
t@em.ie,399,165,4959,no,565
t@em.ie,400,165,4966,no,566
t@em.ie,400,166,4977,no,567
t@em.ie,401,166,4985,no,568
t@em.ie,402,166,4995,no,569
t@em.ie,403,166,5001,no,570
t@em.ie,404,166,5008,no,571
t@em.ie,404,167,5015,no,572
t@em.ie,405,167,5025,no,573
t@em.ie,406,167,5035,no,574
t@em.ie,406,168,5046,no,575
t@em.ie,407,168,5052,no,576
t@em.ie,407,169,5057,no,577
t@em.ie,407,170,5065,no,578
t@em.ie,408,170,5076,no,579
t@em.ie,409,170,5084,no,580
t@em.ie,410,170,5091,no,581
t@em.ie,411,170,5098,no,582
t@em.ie,412,170,5103,no,583
t@em.ie,412,171,5112,no,584
t@em.ie,413,171,5119,no,585
t@em.ie,414,171,5128,no,586
t@em.ie,414,172,5137,no,587
t@em.ie,415,172,5142,no,588
t@em.ie,416,172,5150,no,589
t@em.ie,417,172,5161,no,590
t@em.ie,418,172,5173,no,591
t@em.ie,418,173,5180,no,592
t@em.ie,419,173,5192,no,593
t@em.ie,420,173,5196,no,594
t@em.ie,420,174,5205,no,595
t@em.ie,421,174,5219,no,596
t@em.ie,422,174,5228,no,597
t@em.ie,423,174,5236,no,598
t@em.ie,424,174,5244,no,599
t@em.ie,425,174,5255,no,600
t@em.ie,425,175,5260,no,601
t@em.ie,426,175,5269,no,602
t@em.ie,427,175,5273,no,603
t@em.ie,428,175,5284,no,604
t@em.ie,429,175,5292,no,605
t@em.ie,430,175,5302,no,606
t@em.ie,431,175,5309,no,607
t@em.ie,432,175,5316,no,608
t@em.ie,432,176,5321,no,609
t@em.ie,433,176,5330,no,610
t@em.ie,434,176,5336,no,611
t@em.ie,435,176,5342,no,612
t@em.ie,435,177,5357,no,613
t@em.ie,435,178,5362,no,614
t@em.ie,435,179,5372,no,615
t@em.ie,436,179,5379,no,616
t@em.ie,437,179,5388,no,617
t@em.ie,438,179,5393,no,618
t@em.ie,439,179,5404,no,619
t@em.ie,439,180,5416,no,620
t@em.ie,440,180,5422,no,621
t@em.ie,440,181,5432,no,622
t@em.ie,441,181,5441,no,623
t@em.ie,442,181,5449,no,624
t@em.ie,442,182,5453,no,625
t@em.ie,443,182,5457,no,626
t@em.ie,444,182,5471,no,627
t@em.ie,445,182,5481,no,628
t@em.ie,445,183,5490,no,629
t@em.ie,446,183,5499,no,630
t@em.ie,447,183,5507,no,631
t@em.ie,448,183,5516,no,632
t@em.ie,448,184,5528,no,633
t@em.ie,448,185,5533,no,634
t@em.ie,449,185,5540,no,635
t@em.ie,450,185,5546,no,636
t@em.ie,451,185,5552,no,637
t@em.ie,451,186,5561,no,638
t@em.ie,452,186,5568,no,639
t@em.ie,453,186,5575,no,640
t@em.ie,454,186,5587,no,641
t@em.ie,455,186,5598,no,642
t@em.ie,456,186,5606,no,643
t@em.ie,457,186,5617,no,644
t@em.ie,458,186,5627,no,645
t@em.ie,459,186,5633,no,646
t@em.ie,460,186,5645,no,647
t@em.ie,461,186,5651,no,648
t@em.ie,462,186,5663,no,649
t@em.ie,463,186,5669,no,650
t@em.ie,464,186,5675,no,651
t@em.ie,465,186,5682,no,652
t@em.ie,466,186,5689,no,653
t@em.ie,466,187,5695,no,654
t@em.ie,467,187,5700,no,655
t@em.ie,468,187,5708,no,656
t@em.ie,468,188,5714,no,657
t@em.ie,469,188,5720,no,658
t@em.ie,469,189,5731,no,659
t@em.ie,470,189,5740,no,660
t@em.ie,471,189,5746,no,661
t@em.ie,472,189,5754,no,662
t@em.ie,473,189,5764,no,663
t@em.ie,473,190,5774,no,664
t@em.ie,474,190,5778,no,665
t@em.ie,475,190,5786,no,666
t@em.ie,476,190,5794,no,667
t@em.ie,476,191,5805,no,668
t@em.ie,477,191,5813,no,669
t@em.ie,478,191,5820,no,670
t@em.ie,479,191,5829,no,671
t@em.ie,480,191,5836,no,672
t@em.ie,481,191,5842,no,673
t@em.ie,482,191,5859,no,674
t@em.ie,483,191,5865,no,675
t@em.ie,484,191,5873,no,676
t@em.ie,484,192,5882,no,677
t@em.ie,485,192,5887,no,678
t@em.ie,486,192,5892,no,679
t@em.ie,486,193,5899,no,680
t@em.ie,487,193,5908,no,681
t@em.ie,488,193,5915,no,682
t@em.ie,488,194,5929,no,683
t@em.ie,488,195,5942,no,684
t@em.ie,489,195,5951,no,685
t@em.ie,490,195,5960,no,686
t@em.ie,491,195,5970,no,687
t@em.ie,492,195,5979,no,688
t@em.ie,493,195,5989,no,689
t@em.ie,494,195,6007,no,690
t@em.ie,495,195,6013,no,691
t@em.ie,496,195,6024,no,692
t@em.ie,497,195,6030,no,693
t@em.ie,498,195,6039,no,694
t@em.ie,498,196,6049,no,695
t@em.ie,499,196,6053,no,696
t@em.ie,499,197,6062,no,697
t@em.ie,500,197,6072,no,698
t@em.ie,501,197,6080,no,699
t@em.ie,502,197,6087,no,700
t@em.ie,503,197,6098,no,701
t@em.ie,504,197,6107,no,702
t@em.ie,504,198,6116,no,703
t@em.ie,505,198,6125,no,704
t@em.ie,506,198,6135,no,705
t@em.ie,506,199,6148,no,706
t@em.ie,506,200,6155,no,707
t@em.ie,507,200,6163,no,708
t@em.ie,508,200,6171,no,709
t@em.ie,508,201,6180,no,710
t@em.ie,509,201,6185,no,711
t@em.ie,510,201,6193,no,712
t@em.ie,511,201,6201,no,713
t@em.ie,511,202,6208,no,714
t@em.ie,511,203,6223,no,715
t@em.ie,512,203,6231,no,716
t@em.ie,512,204,6244,no,717
t@em.ie,513,204,6256,no,718
t@em.ie,514,204,6268,no,719
t@em.ie,515,204,6275,no,720
t@em.ie,515,205,6280,no,721
t@em.ie,516,205,6292,no,722
t@em.ie,517,205,6304,no,723
t@em.ie,518,205,6310,no,724
t@em.ie,519,205,6318,no,725
t@em.ie,520,205,6326,no,726
t@em.ie,521,205,6331,no,727
t@em.ie,522,205,6340,no,728
t@em.ie,522,206,6351,no,729
t@em.ie,523,206,6359,no,730
t@em.ie,524,206,6366,no,731
t@em.ie,524,207,6374,no,732
t@em.ie,525,207,6381,no,733
t@em.ie,526,207,6387,no,734
t@em.ie,527,207,6396,no,735
t@em.ie,528,207,6404,no,736
t@em.ie,528,208,6416,no,737
t@em.ie,529,208,6427,no,738
t@em.ie,529,209,6435,no,739
t@em.ie,529,210,6441,no,740
t@em.ie,529,211,6448,no,741
t@em.ie,530,211,6454,no,742
t@em.ie,531,211,6458,no,743
t@em.ie,531,211,6479,yes,744
t@em.ie,532,211,6492,no,745
t@em.ie,533,211,6502,no,746
t@em.ie,534,211,6514,no,747
t@em.ie,535,211,6522,no,748
t@em.ie,535,212,6540,no,749
t@em.ie,536,212,6547,no,750
t@em.ie,536,213,6559,no,751
t@em.ie,536,214,6569,no,752
t@em.ie,536,215,6575,no,753
t@em.ie,537,215,6589,no,754
t@em.ie,538,215,6600,no,755
t@em.ie,539,215,6608,no,756
t@em.ie,539,216,6617,no,757
t@em.ie,540,216,6625,no,758
t@em.ie,541,216,6630,no,759
t@em.ie,541,217,6635,no,760
t@em.ie,542,217,6643,no,761
t@em.ie,543,217,6650,no,762
t@em.ie,544,217,6658,no,763
t@em.ie,545,217,6667,no,764
t@em.ie,546,217,6677,no,765
t@em.ie,547,217,6686,no,766
t@em.ie,548,217,6692,no,767
t@em.ie,549,217,6704,no,768
t@em.ie,549,218,6712,no,769
t@em.ie,550,218,6724,no,770
t@em.ie,551,218,6731,no,771
t@em.ie,551,219,6737,no,772
t@em.ie,552,219,6746,no,773
t@em.ie,553,219,6754,no,774
t@em.ie,553,220,6762,no,775
t@em.ie,553,221,6775,no,776
t@em.ie,554,221,6785,no,777
t@em.ie,555,221,6794,no,778
t@em.ie,556,221,6805,no,779
t@em.ie,557,221,6813,no,780
t@em.ie,557,222,6820,no,781
t@em.ie,558,222,6833,no,782
t@em.ie,559,222,6843,no,783
t@em.ie,560,222,6852,no,784
t@em.ie,561,222,6861,no,785
t@em.ie,562,222,6868,no,786
t@em.ie,563,222,6880,no,787
t@em.ie,564,222,6888,no,788
t@em.ie,565,222,6893,no,789
t@em.ie,566,222,6899,no,790
t@em.ie,567,222,6903,no,791
t@em.ie,568,222,6910,no,792
t@em.ie,569,222,6922,no,793
t@em.ie,570,222,6930,no,794
t@em.ie,571,222,6936,no,795
t@em.ie,572,222,6946,no,796
t@em.ie,572,223,6958,no,797
t@em.ie,573,223,6964,no,798
t@em.ie,574,223,6973,no,799
t@em.ie,575,223,6978,no,800
t@em.ie,575,224,6984,no,801
t@em.ie,576,224,6993,no,802
t@em.ie,577,224,7005,no,803
t@em.ie,578,224,7014,no,804
t@em.ie,579,224,7019,no,805
t@em.ie,579,225,7023,no,806
t@em.ie,580,225,7028,no,807
t@em.ie,581,225,7035,no,808
t@em.ie,582,225,7044,no,809
t@em.ie,583,225,7053,no,810
t@em.ie,583,226,7058,no,811
t@em.ie,584,226,7066,no,812
t@em.ie,584,227,7078,no,813
t@em.ie,584,228,7086,no,814
t@em.ie,585,228,7098,no,815
t@em.ie,586,228,7106,no,816
t@em.ie,587,228,7110,no,817
t@em.ie,588,228,7127,no,818
t@em.ie,588,229,7137,no,819
t@em.ie,589,229,7150,no,820
t@em.ie,590,229,7157,no,821
t@em.ie,591,229,7161,no,822
t@em.ie,592,229,7171,no,823
t@em.ie,593,229,7179,no,824
t@em.ie,593,230,7186,no,825
t@em.ie,593,231,7197,no,826
t@em.ie,593,232,7207,no,827
t@em.ie,594,232,7214,no,828
t@em.ie,595,232,7223,no,829
t@em.ie,595,233,7236,no,830
t@em.ie,596,233,7246,no,831
t@em.ie,596,234,7251,no,832
t@em.ie,596,235,7259,no,833
t@em.ie,597,235,7267,no,834
t@em.ie,598,235,7276,no,835
t@em.ie,598,236,7286,no,836
t@em.ie,599,236,7298,no,837
t@em.ie,599,237,7310,no,838
t@em.ie,600,237,7318,no,839
t@em.ie,601,237,7325,no,840
t@em.ie,601,238,7338,no,841
t@em.ie,602,238,7344,no,842
t@em.ie,603,238,7352,no,843
t@em.ie,604,238,7363,no,844
t@em.ie,605,238,7374,no,845
t@em.ie,605,239,7381,no,846
t@em.ie,606,239,7390,no,847
t@em.ie,607,239,7395,no,848
t@em.ie,607,240,7406,no,849
t@em.ie,607,241,7420,no,850
t@em.ie,608,241,7424,no,851
t@em.ie,608,242,7432,no,852
t@em.ie,609,242,7446,no,853
t@em.ie,610,242,7458,no,854
t@em.ie,611,242,7468,no,855
t@em.ie,612,242,7476,no,856
t@em.ie,613,242,7483,no,857
t@em.ie,614,242,7494,no,858
t@em.ie,614,243,7504,no,859
t@em.ie,614,244,7515,no,860
t@em.ie,615,244,7526,no,861
t@em.ie,616,244,7532,no,862
t@em.ie,616,245,7543,no,863
t@em.ie,617,245,7554,no,864
t@em.ie,617,246,7565,no,865
t@em.ie,617,247,7574,no,866
t@em.ie,618,247,7581,no,867
t@em.ie,618,248,7588,no,868
t@em.ie,618,249,7596,no,869
t@em.ie,619,249,7601,no,870
t@em.ie,620,249,7607,no,871
t@em.ie,621,249,7613,no,872
t@em.ie,622,249,7620,no,873
t@em.ie,623,249,7628,no,874
t@em.ie,624,249,7633,no,875
t@em.ie,625,249,7639,no,876
t@em.ie,625,250,7648,no,877
t@em.ie,625,251,7655,no,878
t@em.ie,625,252,7661,no,879
t@em.ie,625,253,7675,no,880
t@em.ie,626,253,7685,no,881
t@em.ie,627,253,7697,no,882
t@em.ie,628,253,7705,no,883
t@em.ie,629,253,7714,no,884
t@em.ie,629,254,7723,no,885
t@em.ie,630,254,7731,no,886
t@em.ie,631,254,7746,no,887
t@em.ie,631,255,7750,no,888
t@em.ie,631,256,7761,no,889
t@em.ie,632,256,7774,no,890
t@em.ie,632,257,7785,no,891
t@em.ie,633,257,7789,no,892
t@em.ie,634,257,7799,no,893
t@em.ie,634,258,7807,no,894
t@em.ie,635,258,7820,no,895
t@em.ie,635,259,7826,no,896
t@em.ie,635,260,7833,no,897
t@em.ie,636,260,7842,no,898
t@em.ie,636,261,7856,no,899
t@em.ie,637,261,7863,no,900
t@em.ie,638,261,7869,no,901
t@em.ie,639,261,7873,no,902
t@em.ie,639,262,7886,no,903
t@em.ie,639,263,7901,no,904
t@em.ie,639,264,7916,no,905
t@em.ie,640,264,7923,no,906
t@em.ie,641,264,7931,no,907
t@em.ie,642,264,7940,no,908
t@em.ie,643,264,7952,no,909
t@em.ie,644,264,7966,no,910
t@em.ie,645,264,7970,no,911
t@em.ie,645,265,7978,no,912
t@em.ie,646,265,7982,no,913
t@em.ie,647,265,7988,no,914
t@em.ie,647,266,7997,no,915
t@em.ie,648,266,8002,no,916
t@em.ie,649,266,8013,no,917
t@em.ie,649,267,8019,no,918
t@em.ie,649,268,8027,no,919
t@em.ie,650,268,8035,no,920
t@em.ie,650,269,8040,no,921
t@em.ie,650,270,8053,no,922
t@em.ie,651,270,8062,no,923
t@em.ie,652,270,8069,no,924
t@em.ie,653,270,8077,no,925
t@em.ie,653,271,8084,no,926
t@em.ie,654,271,8094,no,927
t@em.ie,654,272,8106,no,928
t@em.ie,654,273,8119,no,929
t@em.ie,655,273,8134,no,930
t@em.ie,655,274,8145,no,931
t@em.ie,656,274,8154,no,932
t@em.ie,657,274,8160,no,933
t@em.ie,658,274,8164,no,934
t@em.ie,658,275,8175,no,935
t@em.ie,659,275,8180,no,936
t@em.ie,659,276,8187,no,937
t@em.ie,659,277,8199,no,938
t@em.ie,660,277,8206,no,939
t@em.ie,661,277,8214,no,940
t@em.ie,662,277,8223,no,941
t@em.ie,663,277,8229,no,942
t@em.ie,664,277,8233,no,943
t@em.ie,665,277,8242,no,944
t@em.ie,666,277,8249,no,945
t@em.ie,666,278,8259,no,946
t@em.ie,667,278,8269,no,947
t@em.ie,668,278,8279,no,948
t@em.ie,668,279,8290,no,949
t@em.ie,669,279,8294,no,950
t@em.ie,670,279,8300,no,951
t@em.ie,670,280,8306,no,952
t@em.ie,670,281,8319,no,953
t@em.ie,671,281,8332,no,954
t@em.ie,672,281,8338,no,955
t@em.ie,673,281,8343,no,956
t@em.ie,674,281,8348,no,957
t@em.ie,675,281,8355,no,958
t@em.ie,675,282,8367,no,959
t@em.ie,675,283,8383,no,960
t@em.ie,676,283,8393,no,961
t@em.ie,677,283,8403,no,962
t@em.ie,677,284,8407,no,963
t@em.ie,677,285,8417,no,964
t@em.ie,678,285,8425,no,965
t@em.ie,678,286,8430,no,966
t@em.ie,678,287,8437,no,967
t@em.ie,679,287,8444,no,968
t@em.ie,679,288,8449,no,969
t@em.ie,680,288,8454,no,970
t@em.ie,680,289,8467,no,971
t@em.ie,681,289,8473,no,972
t@em.ie,682,289,8480,no,973
t@em.ie,683,289,8489,no,974
t@em.ie,683,290,8496,no,975
t@em.ie,684,290,8506,no,976
t@em.ie,685,290,8512,no,977
t@em.ie,686,290,8520,no,978
t@em.ie,687,290,8525,no,979
t@em.ie,688,290,8532,no,980
t@em.ie,689,290,8538,no,981
t@em.ie,690,290,8549,no,982
t@em.ie,691,290,8559,no,983
t@em.ie,692,290,8565,no,984
t@em.ie,693,290,8577,no,985
t@em.ie,694,290,8583,no,986
t@em.ie,694,291,8593,no,987
t@em.ie,694,292,8604,no,988
t@em.ie,695,292,8610,no,989
t@em.ie,696,292,8621,no,990
t@em.ie,697,292,8627,no,991
t@em.ie,698,292,8634,no,992
t@em.ie,698,293,8639,no,993
t@em.ie,699,293,8646,no,994
t@em.ie,699,294,8656,no,995
t@em.ie,699,295,8667,no,996
t@em.ie,700,295,8679,no,997
t@em.ie,701,295,8686,no,998
t@em.ie,702,295,8691,no,999
t@em.ie,703,295,8703,no,1000
