email,no. of player wins,no. of computer wins,no. of moves,draw,game
t@em.ie,1,0,7,no,1
t@em.ie,2,0,17,no,2
t@em.ie,3,0,25,no,3
t@em.ie,4,0,34,no,4
t@em.ie,4,1,43,no,5
t@em.ie,4,2,54,no,6
t@em.ie,5,2,64,no,7
t@em.ie,6,2,77,no,8
t@em.ie,7,2,88,no,9
t@em.ie,8,2,98,no,10
t@em.ie,8,3,107,no,11
t@em.ie,9,3,124,no,12
t@em.ie,10,3,131,no,13
t@em.ie,11,3,140,no,14
t@em.ie,11,4,149,no,15
t@em.ie,11,5,154,no,16
t@em.ie,12,5,164,no,17
t@em.ie,13,5,171,no,18
t@em.ie,14,5,180,no,19
t@em.ie,15,5,185,no,20
t@em.ie,16,5,191,no,21
t@em.ie,17,5,201,no,22
t@em.ie,18,5,216,no,23
t@em.ie,19,5,223,no,24
t@em.ie,20,5,235,no,25
t@em.ie,20,6,246,no,26
t@em.ie,21,6,254,no,27
t@em.ie,21,7,261,no,28
t@em.ie,21,8,269,no,29
t@em.ie,22,8,282,no,30
t@em.ie,23,8,291,no,31
t@em.ie,24,8,310,no,32
t@em.ie,25,8,317,no,33
t@em.ie,26,8,329,no,34
t@em.ie,27,8,334,no,35
t@em.ie,27,9,343,no,36
t@em.ie,28,9,352,no,37
t@em.ie,28,10,360,no,38
t@em.ie,29,10,366,no,39
t@em.ie,30,10,374,no,40
t@em.ie,31,10,390,no,41
t@em.ie,32,10,397,no,42
t@em.ie,33,10,406,no,43
t@em.ie,33,11,420,no,44
t@em.ie,34,11,425,no,45
t@em.ie,35,11,435,no,46
t@em.ie,36,11,445,no,47
t@em.ie,36,12,456,no,48
t@em.ie,37,12,471,no,49
t@em.ie,37,13,485,no,50
t@em.ie,38,13,492,no,51
t@em.ie,39,13,505,no,52
t@em.ie,39,14,513,no,53
t@em.ie,40,14,522,no,54
t@em.ie,41,14,530,no,55
t@em.ie,42,14,538,no,56
t@em.ie,42,15,549,no,57
t@em.ie,42,16,558,no,58
t@em.ie,43,16,566,no,59
t@em.ie,44,16,571,no,60
t@em.ie,45,16,578,no,61
t@em.ie,46,16,588,no,62
t@em.ie,47,16,598,no,63
t@em.ie,48,16,604,no,64
t@em.ie,48,17,616,no,65
t@em.ie,48,18,625,no,66
t@em.ie,49,18,636,no,67
t@em.ie,49,19,650,no,68
t@em.ie,50,19,658,no,69
t@em.ie,51,19,670,no,70
t@em.ie,52,19,679,no,71
t@em.ie,52,20,691,no,72
t@em.ie,53,20,702,no,73
t@em.ie,53,21,716,no,74
t@em.ie,54,21,728,no,75
t@em.ie,55,21,733,no,76
t@em.ie,55,22,739,no,77
t@em.ie,56,22,746,no,78
t@em.ie,57,22,753,no,79
t@em.ie,58,22,765,no,80
t@em.ie,59,22,772,no,81
t@em.ie,60,22,782,no,82
t@em.ie,60,23,791,no,83
t@em.ie,61,23,798,no,84
t@em.ie,62,23,810,no,85
t@em.ie,63,23,818,no,86
t@em.ie,64,23,831,no,87
t@em.ie,65,23,841,no,88
t@em.ie,66,23,847,no,89
t@em.ie,67,23,859,no,90
t@em.ie,68,23,865,no,91
t@em.ie,68,24,875,no,92
t@em.ie,68,25,888,no,93
t@em.ie,68,26,895,no,94
t@em.ie,69,26,901,no,95
t@em.ie,70,26,913,no,96
t@em.ie,71,26,924,no,97
t@em.ie,72,26,938,no,98
t@em.ie,73,26,954,no,99
t@em.ie,74,26,962,no,100
t@em.ie,75,26,971,no,101
t@em.ie,76,26,976,no,102
t@em.ie,77,26,982,no,103
t@em.ie,78,26,990,no,104
t@em.ie,79,26,996,no,105
t@em.ie,79,27,1005,no,106
t@em.ie,80,27,1013,no,107
t@em.ie,81,27,1025,no,108
t@em.ie,81,28,1034,no,109
t@em.ie,81,29,1045,no,110
t@em.ie,82,29,1056,no,111
t@em.ie,83,29,1067,no,112
t@em.ie,84,29,1073,no,113
t@em.ie,85,29,1082,no,114
t@em.ie,86,29,1090,no,115
t@em.ie,86,30,1102,no,116
t@em.ie,87,30,1111,no,117
t@em.ie,88,30,1122,no,118
t@em.ie,88,31,1133,no,119
t@em.ie,89,31,1143,no,120
t@em.ie,90,31,1153,no,121
t@em.ie,90,32,1163,no,122
t@em.ie,91,32,1173,no,123
t@em.ie,92,32,1180,no,124
t@em.ie,93,32,1187,no,125
t@em.ie,94,32,1192,no,126
t@em.ie,95,32,1202,no,127
t@em.ie,95,33,1211,no,128
t@em.ie,96,33,1225,no,129
t@em.ie,97,33,1238,no,130
t@em.ie,97,34,1250,no,131
t@em.ie,98,34,1261,no,132
t@em.ie,99,34,1270,no,133
t@em.ie,100,34,1276,no,134
t@em.ie,101,34,1287,no,135
t@em.ie,101,35,1295,no,136
t@em.ie,102,35,1303,no,137
t@em.ie,102,36,1308,no,138
t@em.ie,103,36,1319,no,139
t@em.ie,104,36,1332,no,140
t@em.ie,105,36,1339,no,141
t@em.ie,106,36,1345,no,142
t@em.ie,107,36,1360,no,143
t@em.ie,108,36,1365,no,144
t@em.ie,109,36,1371,no,145
t@em.ie,110,36,1377,no,146
t@em.ie,111,36,1381,no,147
t@em.ie,112,36,1392,no,148
t@em.ie,113,36,1399,no,149
t@em.ie,114,36,1406,no,150
t@em.ie,115,36,1412,no,151
t@em.ie,115,37,1417,no,152
t@em.ie,116,37,1429,no,153
t@em.ie,117,37,1436,no,154
t@em.ie,118,37,1442,no,155
t@em.ie,118,38,1448,no,156
t@em.ie,119,38,1459,no,157
t@em.ie,119,39,1472,no,158
t@em.ie,119,40,1484,no,159
t@em.ie,120,40,1494,no,160
t@em.ie,121,40,1502,no,161
t@em.ie,122,40,1509,no,162
t@em.ie,123,40,1518,no,163
t@em.ie,124,40,1530,no,164
t@em.ie,125,40,1536,no,165
t@em.ie,126,40,1551,no,166
t@em.ie,126,41,1560,no,167
t@em.ie,127,41,1568,no,168
t@em.ie,128,41,1583,no,169
t@em.ie,128,42,1596,no,170
t@em.ie,129,42,1608,no,171
t@em.ie,129,43,1620,no,172
t@em.ie,130,43,1624,no,173
t@em.ie,130,44,1635,no,174
t@em.ie,130,45,1645,no,175
t@em.ie,131,45,1663,no,176
t@em.ie,132,45,1671,no,177
t@em.ie,133,45,1677,no,178
t@em.ie,133,46,1690,no,179
t@em.ie,134,46,1701,no,180
t@em.ie,135,46,1706,no,181
t@em.ie,135,47,1716,no,182
t@em.ie,135,48,1724,no,183
t@em.ie,135,49,1731,no,184
t@em.ie,136,49,1744,no,185
t@em.ie,137,49,1750,no,186
t@em.ie,138,49,1758,no,187
t@em.ie,139,49,1767,no,188
t@em.ie,140,49,1776,no,189
t@em.ie,141,49,1783,no,190
t@em.ie,142,49,1790,no,191
t@em.ie,143,49,1801,no,192
t@em.ie,143,50,1813,no,193
t@em.ie,144,50,1819,no,194
t@em.ie,145,50,1825,no,195
t@em.ie,146,50,1834,no,196
t@em.ie,147,50,1840,no,197
t@em.ie,148,50,1849,no,198
t@em.ie,149,50,1855,no,199
t@em.ie,150,50,1865,no,200
t@em.ie,151,50,1873,no,201
t@em.ie,152,50,1879,no,202
t@em.ie,153,50,1886,no,203
t@em.ie,154,50,1894,no,204
t@em.ie,154,51,1907,no,205
t@em.ie,154,52,1916,no,206
t@em.ie,155,52,1928,no,207
t@em.ie,156,52,1936,no,208
t@em.ie,157,52,1941,no,209
t@em.ie,157,53,1946,no,210
t@em.ie,157,54,1955,no,211
t@em.ie,158,54,1961,no,212
t@em.ie,158,55,1966,no,213
t@em.ie,159,55,1974,no,214
t@em.ie,160,55,1983,no,215
t@em.ie,161,55,2003,no,216
t@em.ie,161,56,2011,no,217
t@em.ie,161,57,2019,no,218
t@em.ie,162,57,2029,no,219
t@em.ie,163,57,2039,no,220
t@em.ie,164,57,2051,no,221
t@em.ie,165,57,2066,no,222
t@em.ie,166,57,2077,no,223
t@em.ie,167,57,2086,no,224
t@em.ie,168,57,2099,no,225
t@em.ie,168,58,2104,no,226
t@em.ie,169,58,2111,no,227
t@em.ie,169,59,2125,no,228
t@em.ie,170,59,2131,no,229
t@em.ie,170,60,2141,no,230
t@em.ie,170,61,2148,no,231
t@em.ie,170,62,2157,no,232
t@em.ie,171,62,2166,no,233
t@em.ie,171,63,2180,no,234
t@em.ie,171,64,2192,no,235
t@em.ie,172,64,2199,no,236
t@em.ie,172,65,2206,no,237
t@em.ie,173,65,2214,no,238
t@em.ie,174,65,2227,no,239
t@em.ie,175,65,2238,no,240
t@em.ie,176,65,2248,no,241
t@em.ie,176,66,2261,no,242
t@em.ie,177,66,2267,no,243
t@em.ie,177,67,2275,no,244
t@em.ie,178,67,2287,no,245
t@em.ie,179,67,2296,no,246
t@em.ie,180,67,2307,no,247
t@em.ie,180,68,2313,no,248
t@em.ie,181,68,2318,no,249
t@em.ie,181,69,2326,no,250
t@em.ie,181,70,2338,no,251
t@em.ie,182,70,2344,no,252
t@em.ie,183,70,2350,no,253
t@em.ie,184,70,2358,no,254
t@em.ie,185,70,2366,no,255
t@em.ie,185,71,2377,no,256
t@em.ie,186,71,2382,no,257
t@em.ie,186,72,2389,no,258
t@em.ie,187,72,2396,no,259
t@em.ie,188,72,2405,no,260
t@em.ie,189,72,2418,no,261
t@em.ie,190,72,2431,no,262
t@em.ie,191,72,2440,no,263
t@em.ie,192,72,2459,no,264
t@em.ie,193,72,2473,no,265
t@em.ie,193,73,2486,no,266
t@em.ie,194,73,2490,no,267
t@em.ie,195,73,2497,no,268
t@em.ie,196,73,2507,no,269
t@em.ie,197,73,2518,no,270
t@em.ie,198,73,2530,no,271
t@em.ie,199,73,2541,no,272
t@em.ie,200,73,2553,no,273
t@em.ie,201,73,2559,no,274
t@em.ie,202,73,2567,no,275
t@em.ie,203,73,2577,no,276
t@em.ie,204,73,2582,no,277
t@em.ie,205,73,2589,no,278
t@em.ie,206,73,2595,no,279
t@em.ie,207,73,2605,no,280
t@em.ie,208,73,2618,no,281
t@em.ie,209,73,2625,no,282
t@em.ie,210,73,2640,no,283
t@em.ie,210,74,2650,no,284
t@em.ie,211,74,2660,no,285
t@em.ie,212,74,2664,no,286
t@em.ie,213,74,2676,no,287
t@em.ie,214,74,2686,no,288
t@em.ie,215,74,2696,no,289
t@em.ie,216,74,2704,no,290
t@em.ie,217,74,2715,no,291
t@em.ie,217,75,2724,no,292
t@em.ie,218,75,2732,no,293
t@em.ie,219,75,2737,no,294
t@em.ie,220,75,2743,no,295
t@em.ie,221,75,2752,no,296
t@em.ie,222,75,2763,no,297
t@em.ie,222,76,2780,no,298
t@em.ie,222,77,2789,no,299
t@em.ie,223,77,2799,no,300
t@em.ie,224,77,2811,no,301
t@em.ie,224,78,2817,no,302
t@em.ie,225,78,2822,no,303
t@em.ie,226,78,2829,no,304
t@em.ie,227,78,2837,no,305
t@em.ie,228,78,2850,no,306
t@em.ie,229,78,2855,no,307
t@em.ie,230,78,2865,no,308
t@em.ie,231,78,2870,no,309
t@em.ie,232,78,2880,no,310
t@em.ie,233,78,2893,no,311
t@em.ie,234,78,2900,no,312
t@em.ie,234,79,2911,no,313
t@em.ie,235,79,2921,no,314
t@em.ie,235,80,2931,no,315
t@em.ie,236,80,2940,no,316
t@em.ie,237,80,2947,no,317
t@em.ie,238,80,2954,no,318
t@em.ie,239,80,2965,no,319
t@em.ie,240,80,2976,no,320
t@em.ie,240,81,2985,no,321
t@em.ie,240,82,3002,no,322
t@em.ie,241,82,3014,no,323
t@em.ie,242,82,3023,no,324
t@em.ie,243,82,3032,no,325
t@em.ie,243,83,3040,no,326
t@em.ie,244,83,3048,no,327
t@em.ie,245,83,3053,no,328
t@em.ie,245,84,3060,no,329
t@em.ie,245,85,3065,no,330
t@em.ie,246,85,3071,no,331
t@em.ie,246,86,3086,no,332
t@em.ie,247,86,3098,no,333
t@em.ie,248,86,3113,no,334
t@em.ie,249,86,3122,no,335
t@em.ie,250,86,3128,no,336
t@em.ie,250,87,3137,no,337
t@em.ie,251,87,3142,no,338
t@em.ie,251,88,3147,no,339
t@em.ie,252,88,3160,no,340
t@em.ie,253,88,3167,no,341
t@em.ie,254,88,3171,no,342
t@em.ie,254,89,3179,no,343
t@em.ie,254,90,3191,no,344
t@em.ie,255,90,3201,no,345
t@em.ie,256,90,3207,no,346
t@em.ie,256,91,3217,no,347
t@em.ie,257,91,3223,no,348
t@em.ie,258,91,3229,no,349
t@em.ie,259,91,3239,no,350
t@em.ie,260,91,3249,no,351
t@em.ie,260,92,3256,no,352
t@em.ie,261,92,3264,no,353
t@em.ie,262,92,3273,no,354
t@em.ie,263,92,3282,no,355
t@em.ie,264,92,3289,no,356
t@em.ie,265,92,3294,no,357
t@em.ie,266,92,3302,no,358
t@em.ie,266,93,3315,no,359
t@em.ie,267,93,3324,no,360
t@em.ie,267,94,3330,no,361
t@em.ie,268,94,3342,no,362
t@em.ie,269,94,3353,no,363
t@em.ie,270,94,3367,no,364
t@em.ie,271,94,3374,no,365
t@em.ie,272,94,3383,no,366
t@em.ie,273,94,3392,no,367
t@em.ie,274,94,3397,no,368
t@em.ie,275,94,3403,no,369
t@em.ie,275,95,3409,no,370
t@em.ie,276,95,3417,no,371
t@em.ie,277,95,3426,no,372
t@em.ie,277,96,3431,no,373
t@em.ie,278,96,3437,no,374
t@em.ie,278,97,3446,no,375
t@em.ie,279,97,3455,no,376
t@em.ie,280,97,3466,no,377
t@em.ie,280,98,3476,no,378
t@em.ie,281,98,3486,no,379
t@em.ie,282,98,3494,no,380
t@em.ie,283,98,3502,no,381
t@em.ie,284,98,3514,no,382
t@em.ie,285,98,3521,no,383
t@em.ie,286,98,3529,no,384
t@em.ie,287,98,3534,no,385
t@em.ie,288,98,3545,no,386
t@em.ie,289,98,3551,no,387
t@em.ie,290,98,3561,no,388
t@em.ie,291,98,3569,no,389
t@em.ie,291,99,3579,no,390
t@em.ie,292,99,3585,no,391
t@em.ie,293,99,3591,no,392
t@em.ie,294,99,3598,no,393
t@em.ie,295,99,3605,no,394
t@em.ie,295,100,3619,no,395
t@em.ie,296,100,3628,no,396
t@em.ie,296,101,3639,no,397
t@em.ie,297,101,3645,no,398
t@em.ie,298,101,3652,no,399
t@em.ie,298,102,3665,no,400
t@em.ie,299,102,3669,no,401
t@em.ie,300,102,3678,no,402
t@em.ie,300,103,3690,no,403
t@em.ie,300,104,3699,no,404
t@em.ie,300,105,3706,no,405
t@em.ie,301,105,3714,no,406
t@em.ie,302,105,3719,no,407
t@em.ie,303,105,3727,no,408
t@em.ie,304,105,3741,no,409
t@em.ie,305,105,3750,no,410
t@em.ie,306,105,3759,no,411
t@em.ie,307,105,3769,no,412
t@em.ie,308,105,3777,no,413
t@em.ie,309,105,3788,no,414
t@em.ie,310,105,3797,no,415
t@em.ie,311,105,3804,no,416
t@em.ie,311,106,3814,no,417
t@em.ie,312,106,3819,no,418
t@em.ie,313,106,3827,no,419
t@em.ie,314,106,3834,no,420
t@em.ie,315,106,3840,no,421
t@em.ie,315,107,3847,no,422
t@em.ie,316,107,3854,no,423
t@em.ie,317,107,3862,no,424
t@em.ie,318,107,3870,no,425
t@em.ie,318,108,3877,no,426
t@em.ie,318,109,3891,no,427
t@em.ie,319,109,3904,no,428
t@em.ie,319,110,3915,no,429
t@em.ie,320,110,3924,no,430
t@em.ie,321,110,3930,no,431
t@em.ie,321,111,3942,no,432
t@em.ie,322,111,3952,no,433
t@em.ie,323,111,3959,no,434
t@em.ie,324,111,3969,no,435
t@em.ie,325,111,3979,no,436
t@em.ie,326,111,3989,no,437
t@em.ie,327,111,3996,no,438
t@em.ie,328,111,4006,no,439
t@em.ie,329,111,4012,no,440
t@em.ie,330,111,4022,no,441
t@em.ie,330,112,4034,no,442
t@em.ie,330,113,4039,no,443
t@em.ie,331,113,4049,no,444
t@em.ie,332,113,4061,no,445
t@em.ie,333,113,4073,no,446
t@em.ie,334,113,4077,no,447
t@em.ie,335,113,4084,no,448
t@em.ie,335,114,4094,no,449
t@em.ie,336,114,4111,no,450
t@em.ie,337,114,4115,no,451
t@em.ie,338,114,4126,no,452
t@em.ie,339,114,4137,no,453
t@em.ie,340,114,4147,no,454
t@em.ie,341,114,4154,no,455
t@em.ie,342,114,4164,no,456
t@em.ie,343,114,4174,no,457
t@em.ie,344,114,4184,no,458
t@em.ie,345,114,4191,no,459
t@em.ie,346,114,4199,no,460
t@em.ie,347,114,4211,no,461
t@em.ie,348,114,4217,no,462
t@em.ie,349,114,4223,no,463
t@em.ie,350,114,4233,no,464
t@em.ie,350,115,4245,no,465
t@em.ie,351,115,4254,no,466
t@em.ie,352,115,4262,no,467
t@em.ie,352,116,4276,no,468
t@em.ie,353,116,4281,no,469
t@em.ie,354,116,4287,no,470
t@em.ie,355,116,4295,no,471
t@em.ie,355,117,4307,no,472
t@em.ie,356,117,4321,no,473
t@em.ie,357,117,4335,no,474
t@em.ie,357,118,4343,no,475
t@em.ie,358,118,4350,no,476
t@em.ie,359,118,4358,no,477
t@em.ie,359,119,4369,no,478
t@em.ie,360,119,4375,no,479
t@em.ie,361,119,4383,no,480
t@em.ie,362,119,4389,no,481
t@em.ie,363,119,4398,no,482
t@em.ie,363,120,4406,no,483
t@em.ie,364,120,4411,no,484
t@em.ie,365,120,4419,no,485
t@em.ie,365,121,4428,no,486
t@em.ie,366,121,4436,no,487
t@em.ie,366,122,4448,no,488
t@em.ie,367,122,4454,no,489
t@em.ie,367,123,4467,no,490
t@em.ie,368,123,4476,no,491
t@em.ie,368,124,4486,no,492
t@em.ie,369,124,4498,no,493
t@em.ie,370,124,4505,no,494
t@em.ie,371,124,4514,no,495
t@em.ie,372,124,4519,no,496
t@em.ie,372,125,4530,no,497
t@em.ie,373,125,4537,no,498
t@em.ie,374,125,4546,no,499
t@em.ie,375,125,4552,no,500
t@em.ie,376,125,4563,no,501
t@em.ie,377,125,4572,no,502
t@em.ie,378,125,4581,no,503
t@em.ie,378,126,4594,no,504
t@em.ie,378,127,4601,no,505
t@em.ie,379,127,4606,no,506
t@em.ie,380,127,4614,no,507
t@em.ie,381,127,4623,no,508
t@em.ie,382,127,4630,no,509
t@em.ie,383,127,4636,no,510
t@em.ie,383,128,4646,no,511
t@em.ie,384,128,4654,no,512
t@em.ie,385,128,4665,no,513
t@em.ie,386,128,4675,no,514
t@em.ie,387,128,4684,no,515
t@em.ie,388,128,4695,no,516
t@em.ie,389,128,4701,no,517
t@em.ie,390,128,4711,no,518
t@em.ie,391,128,4728,no,519
t@em.ie,392,128,4739,no,520
t@em.ie,392,129,4751,no,521
t@em.ie,393,129,4759,no,522
t@em.ie,394,129,4763,no,523
t@em.ie,395,129,4772,no,524
t@em.ie,396,129,4778,no,525
t@em.ie,397,129,4790,no,526
t@em.ie,398,129,4806,no,527
t@em.ie,399,129,4813,no,528
t@em.ie,400,129,4818,no,529
t@em.ie,400,130,4834,no,530
t@em.ie,400,131,4849,no,531
t@em.ie,400,132,4858,no,532
t@em.ie,401,132,4870,no,533
t@em.ie,401,133,4877,no,534
t@em.ie,402,133,4885,no,535
t@em.ie,402,134,4893,no,536
t@em.ie,403,134,4906,no,537
t@em.ie,404,134,4914,no,538
t@em.ie,404,135,4927,no,539
t@em.ie,405,135,4935,no,540
t@em.ie,405,136,4945,no,541
t@em.ie,406,136,4951,no,542
t@em.ie,407,136,4959,no,543
t@em.ie,408,136,4965,no,544
t@em.ie,408,137,4976,no,545
t@em.ie,409,137,4984,no,546
t@em.ie,410,137,5002,no,547
t@em.ie,411,137,5009,no,548
t@em.ie,411,138,5022,no,549
t@em.ie,412,138,5028,no,550
t@em.ie,413,138,5036,no,551
t@em.ie,414,138,5050,no,552
t@em.ie,415,138,5058,no,553
t@em.ie,415,139,5062,no,554
t@em.ie,416,139,5069,no,555
t@em.ie,416,140,5076,no,556
t@em.ie,417,140,5084,no,557
t@em.ie,417,141,5092,no,558
t@em.ie,418,141,5109,no,559
t@em.ie,419,141,5116,no,560
t@em.ie,420,141,5133,no,561
t@em.ie,421,141,5142,no,562
t@em.ie,421,142,5150,no,563
t@em.ie,422,142,5158,no,564
t@em.ie,423,142,5164,no,565
t@em.ie,424,142,5172,no,566
t@em.ie,425,142,5180,no,567
t@em.ie,426,142,5187,no,568
t@em.ie,427,142,5197,no,569
t@em.ie,427,143,5209,no,570
t@em.ie,428,143,5220,no,571
t@em.ie,429,143,5231,no,572
t@em.ie,430,143,5242,no,573
t@em.ie,431,143,5254,no,574
t@em.ie,432,143,5264,no,575
t@em.ie,433,143,5272,no,576
t@em.ie,434,143,5282,no,577
t@em.ie,435,143,5291,no,578
t@em.ie,436,143,5295,no,579
t@em.ie,437,143,5300,no,580
t@em.ie,438,143,5309,no,581
t@em.ie,439,143,5316,no,582
t@em.ie,440,143,5327,no,583
t@em.ie,441,143,5333,no,584
t@em.ie,442,143,5346,no,585
t@em.ie,443,143,5352,no,586
t@em.ie,444,143,5359,no,587
t@em.ie,445,143,5369,no,588
t@em.ie,445,144,5380,no,589
t@em.ie,446,144,5390,no,590
t@em.ie,446,145,5396,no,591
t@em.ie,447,145,5402,no,592
t@em.ie,447,146,5415,no,593
t@em.ie,448,146,5424,no,594
t@em.ie,449,146,5432,no,595
t@em.ie,450,146,5440,no,596
t@em.ie,451,146,5447,no,597
t@em.ie,452,146,5456,no,598
t@em.ie,453,146,5463,no,599
t@em.ie,454,146,5475,no,600
t@em.ie,455,146,5479,no,601
t@em.ie,455,147,5492,no,602
t@em.ie,455,148,5503,no,603
t@em.ie,455,149,5510,no,604
t@em.ie,455,150,5521,no,605
t@em.ie,456,150,5527,no,606
t@em.ie,456,151,5535,no,607
t@em.ie,456,152,5543,no,608
t@em.ie,456,153,5554,no,609
t@em.ie,457,153,5560,no,610
t@em.ie,458,153,5567,no,611
t@em.ie,459,153,5575,no,612
t@em.ie,460,153,5586,no,613
t@em.ie,461,153,5590,no,614
t@em.ie,461,154,5597,no,615
t@em.ie,461,155,5605,no,616
t@em.ie,462,155,5610,no,617
t@em.ie,463,155,5615,no,618
t@em.ie,464,155,5621,no,619
t@em.ie,465,155,5629,no,620
t@em.ie,466,155,5637,no,621
t@em.ie,467,155,5643,no,622
t@em.ie,467,156,5656,no,623
t@em.ie,468,156,5667,no,624
t@em.ie,469,156,5672,no,625
t@em.ie,470,156,5680,no,626
t@em.ie,471,156,5688,no,627
t@em.ie,472,156,5704,no,628
t@em.ie,473,156,5710,no,629
t@em.ie,474,156,5716,no,630
t@em.ie,475,156,5720,no,631
t@em.ie,476,156,5731,no,632
t@em.ie,476,157,5742,no,633
t@em.ie,477,157,5747,no,634
t@em.ie,478,157,5753,no,635
t@em.ie,479,157,5762,no,636
t@em.ie,479,158,5768,no,637
t@em.ie,479,159,5781,no,638
t@em.ie,480,159,5794,no,639
t@em.ie,481,159,5803,no,640
t@em.ie,482,159,5814,no,641
t@em.ie,483,159,5822,no,642
t@em.ie,483,160,5828,no,643
t@em.ie,483,161,5840,no,644
t@em.ie,484,161,5850,no,645
t@em.ie,485,161,5864,no,646
t@em.ie,486,161,5872,no,647
t@em.ie,486,162,5882,no,648
t@em.ie,486,163,5890,no,649
t@em.ie,486,164,5898,no,650
t@em.ie,486,165,5905,no,651
t@em.ie,487,165,5911,no,652
t@em.ie,487,166,5923,no,653
t@em.ie,487,167,5934,no,654
t@em.ie,488,167,5945,no,655
t@em.ie,489,167,5953,no,656
t@em.ie,490,167,5962,no,657
t@em.ie,491,167,5969,no,658
t@em.ie,492,167,5975,no,659
t@em.ie,492,168,5985,no,660
t@em.ie,493,168,5990,no,661
t@em.ie,493,169,6000,no,662
t@em.ie,494,169,6006,no,663
t@em.ie,495,169,6013,no,664
t@em.ie,496,169,6021,no,665
t@em.ie,497,169,6027,no,666
t@em.ie,497,170,6038,no,667
t@em.ie,498,170,6046,no,668
t@em.ie,499,170,6050,no,669
t@em.ie,500,170,6058,no,670
t@em.ie,501,170,6067,no,671
t@em.ie,502,170,6080,no,672
t@em.ie,503,170,6085,no,673
t@em.ie,504,170,6094,no,674
t@em.ie,505,170,6106,no,675
t@em.ie,505,171,6117,no,676
t@em.ie,506,171,6124,no,677
t@em.ie,507,171,6129,no,678
t@em.ie,507,172,6137,no,679
t@em.ie,507,173,6149,no,680
t@em.ie,508,173,6168,no,681
t@em.ie,509,173,6175,no,682
t@em.ie,510,173,6185,no,683
t@em.ie,511,173,6193,no,684
t@em.ie,511,174,6200,no,685
t@em.ie,512,174,6209,no,686
t@em.ie,512,175,6215,no,687
t@em.ie,513,175,6223,no,688
t@em.ie,513,176,6231,no,689
t@em.ie,514,176,6237,no,690
t@em.ie,515,176,6248,no,691
t@em.ie,516,176,6257,no,692
t@em.ie,517,176,6269,no,693
t@em.ie,518,176,6277,no,694
t@em.ie,519,176,6288,no,695
t@em.ie,519,177,6294,no,696
t@em.ie,519,178,6305,no,697
t@em.ie,520,178,6316,no,698
t@em.ie,521,178,6323,no,699
t@em.ie,522,178,6331,no,700
t@em.ie,523,178,6339,no,701
t@em.ie,523,179,6352,no,702
t@em.ie,524,179,6365,no,703
t@em.ie,525,179,6371,no,704
t@em.ie,526,179,6378,no,705
t@em.ie,527,179,6389,no,706
t@em.ie,528,179,6393,no,707
t@em.ie,529,179,6398,no,708
t@em.ie,530,179,6407,no,709
t@em.ie,531,179,6416,no,710
t@em.ie,532,179,6426,no,711
t@em.ie,533,179,6433,no,712
t@em.ie,534,179,6446,no,713
t@em.ie,534,180,6462,no,714
t@em.ie,534,181,6474,no,715
t@em.ie,535,181,6484,no,716
t@em.ie,535,182,6491,no,717
t@em.ie,536,182,6496,no,718
t@em.ie,537,182,6503,no,719
t@em.ie,538,182,6511,no,720
t@em.ie,538,183,6521,no,721
t@em.ie,539,183,6527,no,722
t@em.ie,540,183,6536,no,723
t@em.ie,540,184,6547,no,724
t@em.ie,540,185,6558,no,725
t@em.ie,541,185,6566,no,726
t@em.ie,541,186,6577,no,727
t@em.ie,542,186,6587,no,728
t@em.ie,543,186,6596,no,729
t@em.ie,544,186,6603,no,730
t@em.ie,545,186,6610,no,731
t@em.ie,546,186,6624,no,732
t@em.ie,547,186,6633,no,733
t@em.ie,548,186,6641,no,734
t@em.ie,549,186,6653,no,735
t@em.ie,550,186,6661,no,736
t@em.ie,551,186,6675,no,737
t@em.ie,552,186,6686,no,738
t@em.ie,553,186,6696,no,739
t@em.ie,554,186,6710,no,740
t@em.ie,554,187,6724,no,741
t@em.ie,554,188,6737,no,742
t@em.ie,554,189,6746,no,743
t@em.ie,554,190,6756,no,744
t@em.ie,555,190,6767,no,745
t@em.ie,556,190,6772,no,746
t@em.ie,557,190,6782,no,747
t@em.ie,557,191,6788,no,748
t@em.ie,557,192,6799,no,749
t@em.ie,558,192,6812,no,750
t@em.ie,559,192,6823,no,751
t@em.ie,559,193,6834,no,752
t@em.ie,560,193,6843,no,753
t@em.ie,560,194,6853,no,754
t@em.ie,561,194,6863,no,755
t@em.ie,561,195,6871,no,756
t@em.ie,562,195,6879,no,757
t@em.ie,562,196,6892,no,758
t@em.ie,563,196,6901,no,759
t@em.ie,564,196,6907,no,760
t@em.ie,565,196,6915,no,761
t@em.ie,566,196,6926,no,762
t@em.ie,567,196,6931,no,763
t@em.ie,568,196,6935,no,764
t@em.ie,569,196,6940,no,765
t@em.ie,570,196,6947,no,766
t@em.ie,570,197,6955,no,767
t@em.ie,571,197,6965,no,768
t@em.ie,572,197,6972,no,769
t@em.ie,573,197,6982,no,770
t@em.ie,574,197,6990,no,771
t@em.ie,574,198,7003,no,772
t@em.ie,575,198,7012,no,773
t@em.ie,575,199,7027,no,774
t@em.ie,576,199,7038,no,775
t@em.ie,577,199,7049,no,776
t@em.ie,577,200,7054,no,777
t@em.ie,578,200,7066,no,778
t@em.ie,579,200,7073,no,779
t@em.ie,580,200,7079,no,780
t@em.ie,581,200,7089,no,781
t@em.ie,582,200,7100,no,782
t@em.ie,583,200,7107,no,783
t@em.ie,584,200,7114,no,784
t@em.ie,584,201,7126,no,785
t@em.ie,585,201,7135,no,786
t@em.ie,586,201,7142,no,787
t@em.ie,586,202,7148,no,788
t@em.ie,586,203,7157,no,789
t@em.ie,587,203,7166,no,790
t@em.ie,588,203,7176,no,791
t@em.ie,588,204,7184,no,792
t@em.ie,589,204,7193,no,793
t@em.ie,590,204,7203,no,794
t@em.ie,590,205,7211,no,795
t@em.ie,591,205,7221,no,796
t@em.ie,592,205,7227,no,797
t@em.ie,593,205,7233,no,798
t@em.ie,594,205,7241,no,799
t@em.ie,595,205,7250,no,800
t@em.ie,596,205,7260,no,801
t@em.ie,597,205,7268,no,802
t@em.ie,598,205,7276,no,803
t@em.ie,599,205,7286,no,804
t@em.ie,600,205,7296,no,805
t@em.ie,600,206,7305,no,806
t@em.ie,600,207,7317,no,807
t@em.ie,601,207,7324,no,808
t@em.ie,601,208,7331,no,809
t@em.ie,602,208,7339,no,810
t@em.ie,603,208,7354,no,811
t@em.ie,604,208,7362,no,812
t@em.ie,605,208,7369,no,813
t@em.ie,606,208,7376,no,814
t@em.ie,607,208,7381,no,815
t@em.ie,608,208,7389,no,816
t@em.ie,609,208,7401,no,817
t@em.ie,610,208,7412,no,818
t@em.ie,611,208,7425,no,819
t@em.ie,612,208,7430,no,820
t@em.ie,613,208,7437,no,821
t@em.ie,614,208,7448,no,822
t@em.ie,615,208,7458,no,823
t@em.ie,616,208,7466,no,824
t@em.ie,617,208,7474,no,825
t@em.ie,618,208,7485,no,826
t@em.ie,619,208,7492,no,827
t@em.ie,620,208,7501,no,828
t@em.ie,621,208,7512,no,829
t@em.ie,622,208,7521,no,830
t@em.ie,623,208,7529,no,831
t@em.ie,624,208,7537,no,832
t@em.ie,625,208,7547,no,833
t@em.ie,626,208,7556,no,834
t@em.ie,626,209,7566,no,835
t@em.ie,627,209,7578,no,836
t@em.ie,627,210,7594,no,837
t@em.ie,628,210,7602,no,838
t@em.ie,629,210,7612,no,839
t@em.ie,630,210,7621,no,840
t@em.ie,631,210,7628,no,841
t@em.ie,632,210,7639,no,842
t@em.ie,632,211,7645,no,843
t@em.ie,632,212,7653,no,844
t@em.ie,633,212,7661,no,845
t@em.ie,634,212,7671,no,846
t@em.ie,635,212,7678,no,847
t@em.ie,636,212,7683,no,848
t@em.ie,637,212,7692,no,849
t@em.ie,638,212,7701,no,850
t@em.ie,639,212,7710,no,851
t@em.ie,640,212,7719,no,852
t@em.ie,641,212,7735,no,853
t@em.ie,642,212,7741,no,854
t@em.ie,643,212,7750,no,855
t@em.ie,644,212,7760,no,856
t@em.ie,645,212,7774,no,857
t@em.ie,646,212,7785,no,858
t@em.ie,647,212,7794,no,859
t@em.ie,647,213,7805,no,860
t@em.ie,648,213,7810,no,861
t@em.ie,648,214,7822,no,862
t@em.ie,648,215,7829,no,863
t@em.ie,649,215,7836,no,864
t@em.ie,650,215,7843,no,865
t@em.ie,651,215,7854,no,866
t@em.ie,652,215,7859,no,867
t@em.ie,653,215,7871,no,868
t@em.ie,654,215,7884,no,869
t@em.ie,654,216,7889,no,870
t@em.ie,654,217,7897,no,871
t@em.ie,655,217,7905,no,872
t@em.ie,655,218,7914,no,873
t@em.ie,655,219,7923,no,874
t@em.ie,655,220,7931,no,875
t@em.ie,656,220,7939,no,876
t@em.ie,656,221,7955,no,877
t@em.ie,656,222,7966,no,878
t@em.ie,657,222,7972,no,879
t@em.ie,658,222,7981,no,880
t@em.ie,658,223,7994,no,881
t@em.ie,659,223,8004,no,882
t@em.ie,659,224,8014,no,883
t@em.ie,660,224,8023,no,884
t@em.ie,661,224,8029,no,885
t@em.ie,662,224,8035,no,886
t@em.ie,663,224,8041,no,887
t@em.ie,664,224,8057,no,888
t@em.ie,665,224,8066,no,889
t@em.ie,666,224,8077,no,890
t@em.ie,667,224,8086,no,891
t@em.ie,667,225,8096,no,892
t@em.ie,668,225,8103,no,893
t@em.ie,669,225,8112,no,894
t@em.ie,670,225,8118,no,895
t@em.ie,670,226,8123,no,896
t@em.ie,671,226,8129,no,897
t@em.ie,672,226,8137,no,898
t@em.ie,673,226,8147,no,899
t@em.ie,674,226,8152,no,900
t@em.ie,674,227,8162,no,901
t@em.ie,674,228,8171,no,902
t@em.ie,675,228,8177,no,903
t@em.ie,676,228,8188,no,904
t@em.ie,677,228,8197,no,905
t@em.ie,678,228,8207,no,906
t@em.ie,678,229,8213,no,907
t@em.ie,679,229,8224,no,908
t@em.ie,680,229,8236,no,909
t@em.ie,680,230,8247,no,910
t@em.ie,681,230,8254,no,911
t@em.ie,682,230,8264,no,912
t@em.ie,683,230,8270,no,913
t@em.ie,684,230,8280,no,914
t@em.ie,684,231,8284,no,915
t@em.ie,685,231,8293,no,916
t@em.ie,685,232,8306,no,917
t@em.ie,686,232,8325,no,918
t@em.ie,687,232,8330,no,919
t@em.ie,687,233,8344,no,920
t@em.ie,688,233,8360,no,921
t@em.ie,689,233,8366,no,922
t@em.ie,690,233,8371,no,923
t@em.ie,691,233,8378,no,924
t@em.ie,692,233,8382,no,925
t@em.ie,692,234,8391,no,926
t@em.ie,692,235,8400,no,927
t@em.ie,693,235,8407,no,928
t@em.ie,694,235,8415,no,929
t@em.ie,695,235,8419,no,930
t@em.ie,696,235,8427,no,931
t@em.ie,697,235,8433,no,932
t@em.ie,697,236,8444,no,933
t@em.ie,698,236,8452,no,934
t@em.ie,699,236,8458,no,935
t@em.ie,700,236,8464,no,936
t@em.ie,701,236,8475,no,937
t@em.ie,702,236,8481,no,938
t@em.ie,703,236,8486,no,939
t@em.ie,704,236,8492,no,940
t@em.ie,705,236,8498,no,941
t@em.ie,706,236,8511,no,942
t@em.ie,707,236,8517,no,943
t@em.ie,707,237,8529,no,944
t@em.ie,708,237,8535,no,945
t@em.ie,708,238,8545,no,946
t@em.ie,709,238,8551,no,947
t@em.ie,710,238,8559,no,948
t@em.ie,711,238,8566,no,949
t@em.ie,712,238,8570,no,950
t@em.ie,713,238,8576,no,951
t@em.ie,714,238,8587,no,952
t@em.ie,715,238,8592,no,953
t@em.ie,716,238,8603,no,954
t@em.ie,717,238,8613,no,955
t@em.ie,718,238,8625,no,956
t@em.ie,719,238,8633,no,957
t@em.ie,720,238,8641,no,958
t@em.ie,721,238,8650,no,959
t@em.ie,722,238,8658,no,960
t@em.ie,723,238,8666,no,961
t@em.ie,723,239,8676,no,962
t@em.ie,723,240,8682,no,963
t@em.ie,724,240,8694,no,964
t@em.ie,725,240,8703,no,965
t@em.ie,726,240,8719,no,966
t@em.ie,727,240,8726,no,967
t@em.ie,727,241,8735,no,968
t@em.ie,728,241,8743,no,969
t@em.ie,729,241,8751,no,970
t@em.ie,729,242,8760,no,971
t@em.ie,730,242,8771,no,972
t@em.ie,730,243,8780,no,973
t@em.ie,731,243,8787,no,974
t@em.ie,732,243,8796,no,975
t@em.ie,733,243,8805,no,976
t@em.ie,734,243,8814,no,977
t@em.ie,735,243,8826,no,978
t@em.ie,736,243,8834,no,979
t@em.ie,737,243,8841,no,980
t@em.ie,737,244,8850,no,981
t@em.ie,738,244,8858,no,982
t@em.ie,739,244,8870,no,983
t@em.ie,740,244,8878,no,984
t@em.ie,740,245,8888,no,985
t@em.ie,741,245,8897,no,986
t@em.ie,741,246,8907,no,987
t@em.ie,742,246,8919,no,988
t@em.ie,742,247,8932,no,989
t@em.ie,742,248,8947,no,990
t@em.ie,743,248,8954,no,991
t@em.ie,744,248,8959,no,992
t@em.ie,745,248,8967,no,993
t@em.ie,746,248,8980,no,994
t@em.ie,747,248,8986,no,995
t@em.ie,748,248,8996,no,996
t@em.ie,749,248,9001,no,997
t@em.ie,750,248,9005,no,998
t@em.ie,750,249,9015,no,999
t@em.ie,751,249,9023,no,1000
t@em.ie,1,0,8,no,1
t@em.ie,1,1,15,no,2
t@em.ie,2,1,21,no,3
t@em.ie,2,2,32,no,4
t@em.ie,3,2,42,no,5
t@em.ie,4,2,47,no,6
t@em.ie,5,2,52,no,7
t@em.ie,6,2,59,no,8
t@em.ie,7,2,73,no,9
t@em.ie,8,2,80,no,10
t@em.ie,9,2,90,no,11
t@em.ie,10,2,104,no,12
t@em.ie,11,2,113,no,13
t@em.ie,12,2,124,no,14
t@em.ie,13,2,128,no,15
t@em.ie,14,2,139,no,16
t@em.ie,15,2,149,no,17
t@em.ie,15,3,160,no,18
t@em.ie,16,3,171,no,19
t@em.ie,17,3,180,no,20
t@em.ie,17,4,191,no,21
t@em.ie,17,5,201,no,22
t@em.ie,18,5,209,no,23
t@em.ie,19,5,215,no,24
t@em.ie,19,6,221,no,25
t@em.ie,20,6,227,no,26
t@em.ie,20,7,241,no,27
t@em.ie,21,7,252,no,28
t@em.ie,22,7,264,no,29
t@em.ie,23,7,271,no,30
t@em.ie,24,7,276,no,31
t@em.ie,25,7,288,no,32
t@em.ie,26,7,295,no,33
t@em.ie,27,7,302,no,34
t@em.ie,28,7,310,no,35
t@em.ie,29,7,324,no,36
t@em.ie,30,7,335,no,37
t@em.ie,31,7,342,no,38
t@em.ie,32,7,354,no,39
t@em.ie,33,7,366,no,40
t@em.ie,34,7,376,no,41
t@em.ie,35,7,383,no,42
t@em.ie,36,7,393,no,43
t@em.ie,37,7,404,no,44
t@em.ie,38,7,414,no,45
t@em.ie,39,7,423,no,46
t@em.ie,39,8,430,no,47
t@em.ie,39,9,436,no,48
t@em.ie,40,9,444,no,49
t@em.ie,41,9,453,no,50
t@em.ie,42,9,466,no,51
t@em.ie,43,9,471,no,52
t@em.ie,44,9,477,no,53
t@em.ie,45,9,490,no,54
t@em.ie,46,9,500,no,55
t@em.ie,47,9,507,no,56
t@em.ie,48,9,514,no,57
t@em.ie,49,9,518,no,58
t@em.ie,49,10,529,no,59
t@em.ie,50,10,535,no,60
t@em.ie,51,10,545,no,61
t@em.ie,52,10,551,no,62
t@em.ie,52,11,561,no,63
t@em.ie,53,11,570,no,64
t@em.ie,53,12,581,no,65
t@em.ie,53,13,589,no,66
t@em.ie,54,13,597,no,67
t@em.ie,55,13,613,no,68
t@em.ie,56,13,622,no,69
t@em.ie,57,13,629,no,70
t@em.ie,58,13,639,no,71
t@em.ie,59,13,652,no,72
t@em.ie,60,13,662,no,73
t@em.ie,61,13,668,no,74
t@em.ie,61,14,676,no,75
t@em.ie,61,15,686,no,76
t@em.ie,62,15,697,no,77
t@em.ie,63,15,703,no,78
t@em.ie,64,15,714,no,79
t@em.ie,64,16,725,no,80
t@em.ie,64,17,733,no,81
t@em.ie,64,18,749,no,82
t@em.ie,65,18,758,no,83
t@em.ie,66,18,768,no,84
t@em.ie,67,18,776,no,85
t@em.ie,67,19,788,no,86
t@em.ie,68,19,793,no,87
t@em.ie,69,19,801,no,88
t@em.ie,70,19,808,no,89
t@em.ie,71,19,814,no,90
t@em.ie,72,19,821,no,91
t@em.ie,73,19,827,no,92
t@em.ie,74,19,838,no,93
t@em.ie,74,20,847,no,94
t@em.ie,75,20,853,no,95
t@em.ie,75,21,861,no,96
t@em.ie,76,21,870,no,97
t@em.ie,77,21,877,no,98
t@em.ie,78,21,892,no,99
t@em.ie,79,21,897,no,100
t@em.ie,79,22,911,no,101
t@em.ie,80,22,924,no,102
t@em.ie,81,22,932,no,103
t@em.ie,82,22,938,no,104
t@em.ie,83,22,949,no,105
t@em.ie,84,22,958,no,106
t@em.ie,85,22,967,no,107
t@em.ie,86,22,973,no,108
t@em.ie,87,22,984,no,109
t@em.ie,88,22,995,no,110
t@em.ie,89,22,1002,no,111
t@em.ie,90,22,1013,no,112
t@em.ie,90,23,1026,no,113
t@em.ie,91,23,1036,no,114
t@em.ie,92,23,1042,no,115
t@em.ie,93,23,1051,no,116
t@em.ie,94,23,1063,no,117
t@em.ie,95,23,1074,no,118
t@em.ie,96,23,1084,no,119
t@em.ie,97,23,1089,no,120
t@em.ie,98,23,1101,no,121
t@em.ie,99,23,1109,no,122
t@em.ie,100,23,1113,no,123
t@em.ie,100,24,1122,no,124
t@em.ie,101,24,1142,no,125
t@em.ie,102,24,1154,no,126
t@em.ie,103,24,1163,no,127
t@em.ie,103,25,1178,no,128
t@em.ie,104,25,1183,no,129
t@em.ie,105,25,1202,no,130
t@em.ie,106,25,1213,no,131
t@em.ie,107,25,1223,no,132
t@em.ie,108,25,1228,no,133
t@em.ie,109,25,1234,no,134
t@em.ie,110,25,1241,no,135
t@em.ie,111,25,1249,no,136
t@em.ie,111,26,1259,no,137
t@em.ie,112,26,1276,no,138
t@em.ie,112,27,1290,no,139
t@em.ie,113,27,1300,no,140
t@em.ie,114,27,1306,no,141
t@em.ie,115,27,1318,no,142
t@em.ie,116,27,1325,no,143
t@em.ie,117,27,1331,no,144
t@em.ie,118,27,1342,no,145
t@em.ie,118,28,1352,no,146
t@em.ie,119,28,1356,no,147
t@em.ie,120,28,1360,no,148
t@em.ie,121,28,1371,no,149
t@em.ie,122,28,1379,no,150
t@em.ie,122,29,1393,no,151
t@em.ie,123,29,1400,no,152
t@em.ie,124,29,1409,no,153
t@em.ie,124,30,1417,no,154
t@em.ie,124,31,1428,no,155
t@em.ie,125,31,1434,no,156
t@em.ie,126,31,1449,no,157
t@em.ie,127,31,1455,no,158
t@em.ie,128,31,1465,no,159
t@em.ie,129,31,1474,no,160
t@em.ie,130,31,1487,no,161
t@em.ie,130,32,1495,no,162
t@em.ie,130,33,1500,no,163
t@em.ie,130,34,1511,no,164
t@em.ie,130,35,1519,no,165
t@em.ie,130,36,1531,no,166
t@em.ie,131,36,1547,no,167
t@em.ie,132,36,1559,no,168
t@em.ie,133,36,1569,no,169
t@em.ie,134,36,1581,no,170
t@em.ie,134,37,1594,no,171
t@em.ie,134,38,1605,no,172
t@em.ie,134,39,1617,no,173
t@em.ie,134,40,1627,no,174
t@em.ie,135,40,1638,no,175
t@em.ie,135,41,1653,no,176
t@em.ie,136,41,1664,no,177
t@em.ie,137,41,1675,no,178
t@em.ie,138,41,1687,no,179
t@em.ie,139,41,1696,no,180
t@em.ie,140,41,1706,no,181
t@em.ie,141,41,1714,no,182
t@em.ie,142,41,1724,no,183
t@em.ie,143,41,1732,no,184
t@em.ie,144,41,1740,no,185
t@em.ie,145,41,1747,no,186
t@em.ie,146,41,1754,no,187
t@em.ie,147,41,1762,no,188
t@em.ie,148,41,1773,no,189
t@em.ie,149,41,1785,no,190
t@em.ie,149,42,1799,no,191
t@em.ie,150,42,1804,no,192
t@em.ie,151,42,1814,no,193
t@em.ie,151,43,1820,no,194
t@em.ie,152,43,1826,no,195
t@em.ie,153,43,1833,no,196
t@em.ie,154,43,1844,no,197
t@em.ie,154,44,1857,no,198
t@em.ie,155,44,1867,no,199
t@em.ie,156,44,1875,no,200
t@em.ie,157,44,1883,no,201
t@em.ie,158,44,1891,no,202
t@em.ie,159,44,1902,no,203
t@em.ie,160,44,1907,no,204
t@em.ie,161,44,1913,no,205
t@em.ie,162,44,1924,no,206
t@em.ie,163,44,1930,no,207
t@em.ie,164,44,1939,no,208
t@em.ie,165,44,1945,no,209
t@em.ie,165,45,1953,no,210
t@em.ie,166,45,1962,no,211
t@em.ie,167,45,1968,no,212
t@em.ie,167,46,1976,no,213
t@em.ie,168,46,1990,no,214
t@em.ie,169,46,2002,no,215
t@em.ie,170,46,2008,no,216
t@em.ie,170,47,2023,no,217
t@em.ie,171,47,2032,no,218
t@em.ie,171,48,2037,no,219
t@em.ie,171,49,2048,no,220
t@em.ie,172,49,2060,no,221
t@em.ie,173,49,2071,no,222
t@em.ie,173,50,2081,no,223
t@em.ie,174,50,2089,no,224
t@em.ie,175,50,2103,no,225
t@em.ie,176,50,2109,no,226
t@em.ie,177,50,2114,no,227
t@em.ie,178,50,2124,no,228
t@em.ie,179,50,2135,no,229
t@em.ie,180,50,2147,no,230
t@em.ie,181,50,2154,no,231
t@em.ie,182,50,2164,no,232
t@em.ie,183,50,2171,no,233
t@em.ie,184,50,2185,no,234
t@em.ie,185,50,2195,no,235
t@em.ie,185,51,2203,no,236
t@em.ie,186,51,2209,no,237
t@em.ie,187,51,2216,no,238
t@em.ie,187,52,2224,no,239
t@em.ie,188,52,2233,no,240
t@em.ie,189,52,2248,no,241
t@em.ie,190,52,2254,no,242
t@em.ie,191,52,2260,no,243
t@em.ie,192,52,2266,no,244
t@em.ie,193,52,2275,no,245
t@em.ie,194,52,2284,no,246
t@em.ie,195,52,2291,no,247
t@em.ie,196,52,2298,no,248
t@em.ie,197,52,2308,no,249
t@em.ie,198,52,2315,no,250
t@em.ie,199,52,2323,no,251
t@em.ie,199,53,2336,no,252
t@em.ie,200,53,2341,no,253
t@em.ie,201,53,2349,no,254
t@em.ie,202,53,2353,no,255
t@em.ie,203,53,2370,no,256
t@em.ie,204,53,2378,no,257
t@em.ie,204,54,2388,no,258
t@em.ie,205,54,2402,no,259
t@em.ie,206,54,2410,no,260
t@em.ie,207,54,2419,no,261
t@em.ie,208,54,2425,no,262
t@em.ie,209,54,2434,no,263
t@em.ie,210,54,2441,no,264
t@em.ie,211,54,2449,no,265
t@em.ie,212,54,2455,no,266
t@em.ie,213,54,2462,no,267
t@em.ie,214,54,2471,no,268
t@em.ie,214,55,2483,no,269
t@em.ie,215,55,2492,no,270
t@em.ie,215,56,2508,no,271
t@em.ie,216,56,2517,no,272
t@em.ie,217,56,2526,no,273
t@em.ie,218,56,2532,no,274
t@em.ie,218,57,2540,no,275
t@em.ie,219,57,2550,no,276
t@em.ie,220,57,2563,no,277
t@em.ie,220,58,2575,no,278
t@em.ie,221,58,2587,no,279
t@em.ie,221,59,2596,no,280
t@em.ie,222,59,2611,no,281
t@em.ie,222,60,2624,no,282
t@em.ie,222,61,2637,no,283
t@em.ie,223,61,2645,no,284
t@em.ie,223,62,2654,no,285
t@em.ie,224,62,2664,no,286
t@em.ie,225,62,2675,no,287
t@em.ie,226,62,2684,no,288
t@em.ie,227,62,2692,no,289
t@em.ie,228,62,2699,no,290
t@em.ie,228,63,2707,no,291
t@em.ie,229,63,2719,no,292
t@em.ie,230,63,2734,no,293
t@em.ie,231,63,2740,no,294
t@em.ie,232,63,2751,no,295
t@em.ie,233,63,2761,no,296
t@em.ie,234,63,2768,no,297
t@em.ie,235,63,2775,no,298
t@em.ie,235,64,2782,no,299
t@em.ie,236,64,2788,no,300
t@em.ie,237,64,2797,no,301
t@em.ie,238,64,2806,no,302
t@em.ie,239,64,2817,no,303
t@em.ie,240,64,2835,no,304
t@em.ie,241,64,2844,no,305
t@em.ie,242,64,2853,no,306
t@em.ie,243,64,2862,no,307
t@em.ie,244,64,2874,no,308
t@em.ie,245,64,2884,no,309
t@em.ie,246,64,2891,no,310
t@em.ie,247,64,2898,no,311
t@em.ie,247,65,2914,no,312
t@em.ie,248,65,2931,no,313
t@em.ie,249,65,2935,no,314
t@em.ie,250,65,2940,no,315
t@em.ie,251,65,2945,no,316
t@em.ie,251,66,2954,no,317
t@em.ie,252,66,2963,no,318
t@em.ie,253,66,2972,no,319
t@em.ie,253,67,2979,no,320
t@em.ie,254,67,2988,no,321
t@em.ie,255,67,2997,no,322
t@em.ie,255,68,3007,no,323
t@em.ie,256,68,3013,no,324
t@em.ie,257,68,3025,no,325
t@em.ie,257,69,3040,no,326
t@em.ie,257,70,3053,no,327
t@em.ie,257,71,3071,no,328
t@em.ie,258,71,3080,no,329
t@em.ie,258,72,3089,no,330
t@em.ie,259,72,3093,no,331
t@em.ie,259,73,3105,no,332
t@em.ie,260,73,3111,no,333
t@em.ie,260,74,3116,no,334
t@em.ie,261,74,3122,no,335
t@em.ie,262,74,3128,no,336
t@em.ie,263,74,3138,no,337
t@em.ie,264,74,3144,no,338
t@em.ie,265,74,3153,no,339
t@em.ie,266,74,3161,no,340
t@em.ie,267,74,3166,no,341
t@em.ie,268,74,3173,no,342
t@em.ie,269,74,3186,no,343
t@em.ie,270,74,3201,no,344
t@em.ie,271,74,3209,no,345
t@em.ie,271,75,3222,no,346
t@em.ie,272,75,3229,no,347
t@em.ie,273,75,3241,no,348
t@em.ie,274,75,3251,no,349
t@em.ie,275,75,3262,no,350
t@em.ie,276,75,3271,no,351
t@em.ie,276,76,3282,no,352
t@em.ie,277,76,3291,no,353
t@em.ie,278,76,3297,no,354
t@em.ie,279,76,3309,no,355
t@em.ie,279,77,3316,no,356
t@em.ie,280,77,3328,no,357
t@em.ie,281,77,3340,no,358
t@em.ie,282,77,3344,no,359
t@em.ie,282,78,3349,no,360
t@em.ie,282,79,3361,no,361
t@em.ie,283,79,3370,no,362
t@em.ie,284,79,3380,no,363
t@em.ie,285,79,3388,no,364
t@em.ie,286,79,3394,no,365
t@em.ie,287,79,3405,no,366
t@em.ie,287,80,3415,no,367
t@em.ie,288,80,3423,no,368
t@em.ie,289,80,3430,no,369
t@em.ie,289,81,3444,no,370
t@em.ie,290,81,3455,no,371
t@em.ie,291,81,3460,no,372
t@em.ie,292,81,3472,no,373
t@em.ie,293,81,3479,no,374
t@em.ie,293,82,3486,no,375
t@em.ie,294,82,3495,no,376
t@em.ie,295,82,3504,no,377
t@em.ie,296,82,3516,no,378
t@em.ie,297,82,3522,no,379
t@em.ie,298,82,3529,no,380
t@em.ie,299,82,3540,no,381
t@em.ie,300,82,3550,no,382
t@em.ie,301,82,3562,no,383
t@em.ie,302,82,3571,no,384
t@em.ie,303,82,3580,no,385
t@em.ie,303,83,3595,no,386
t@em.ie,304,83,3607,no,387
t@em.ie,304,84,3619,no,388
t@em.ie,304,85,3628,no,389
t@em.ie,305,85,3637,no,390
t@em.ie,306,85,3648,no,391
t@em.ie,307,85,3652,no,392
t@em.ie,308,85,3659,no,393
t@em.ie,309,85,3664,no,394
t@em.ie,310,85,3670,no,395
t@em.ie,311,85,3683,no,396
t@em.ie,312,85,3687,no,397
t@em.ie,313,85,3696,no,398
t@em.ie,314,85,3702,no,399
t@em.ie,315,85,3711,no,400
t@em.ie,316,85,3720,no,401
t@em.ie,317,85,3726,no,402
t@em.ie,318,85,3732,no,403
t@em.ie,319,85,3746,no,404
t@em.ie,320,85,3751,no,405
t@em.ie,320,86,3758,no,406
t@em.ie,320,87,3765,no,407
t@em.ie,321,87,3774,no,408
t@em.ie,322,87,3782,no,409
t@em.ie,322,88,3790,no,410
t@em.ie,322,89,3796,no,411
t@em.ie,323,89,3801,no,412
t@em.ie,324,89,3813,no,413
t@em.ie,325,89,3824,no,414
t@em.ie,325,90,3834,no,415
t@em.ie,326,90,3841,no,416
t@em.ie,327,90,3850,no,417
t@em.ie,328,90,3855,no,418
t@em.ie,329,90,3862,no,419
t@em.ie,329,91,3876,no,420
t@em.ie,330,91,3887,no,421
t@em.ie,331,91,3893,no,422
t@em.ie,332,91,3903,no,423
t@em.ie,332,92,3912,no,424
t@em.ie,332,93,3923,no,425
t@em.ie,332,94,3936,no,426
t@em.ie,333,94,3944,no,427
t@em.ie,334,94,3950,no,428
t@em.ie,335,94,3963,no,429
t@em.ie,336,94,3969,no,430
t@em.ie,337,94,3977,no,431
t@em.ie,338,94,3984,no,432
t@em.ie,339,94,3990,no,433
t@em.ie,339,95,3999,no,434
t@em.ie,339,96,4009,no,435
t@em.ie,340,96,4019,no,436
t@em.ie,341,96,4029,no,437
t@em.ie,341,97,4044,no,438
t@em.ie,342,97,4050,no,439
t@em.ie,343,97,4058,no,440
t@em.ie,344,97,4064,no,441
t@em.ie,345,97,4080,no,442
t@em.ie,346,97,4086,no,443
t@em.ie,346,98,4093,no,444
t@em.ie,347,98,4100,no,445
t@em.ie,348,98,4111,no,446
t@em.ie,348,99,4122,no,447
t@em.ie,349,99,4130,no,448
t@em.ie,350,99,4142,no,449
t@em.ie,351,99,4151,no,450
t@em.ie,351,100,4163,no,451
t@em.ie,352,100,4170,no,452
t@em.ie,352,101,4178,no,453
t@em.ie,353,101,4185,no,454
t@em.ie,353,102,4205,no,455
t@em.ie,353,103,4213,no,456
t@em.ie,353,103,4234,yes,457
t@em.ie,354,103,4245,no,458
t@em.ie,355,103,4251,no,459
t@em.ie,356,103,4259,no,460
t@em.ie,357,103,4269,no,461
t@em.ie,357,104,4279,no,462
t@em.ie,358,104,4286,no,463
t@em.ie,359,104,4291,no,464
t@em.ie,360,104,4297,no,465
t@em.ie,360,105,4306,no,466
t@em.ie,361,105,4315,no,467
t@em.ie,361,106,4329,no,468
t@em.ie,362,106,4339,no,469
t@em.ie,363,106,4351,no,470
t@em.ie,364,106,4362,no,471
t@em.ie,365,106,4369,no,472
t@em.ie,366,106,4378,no,473
t@em.ie,366,107,4385,no,474
t@em.ie,367,107,4397,no,475
t@em.ie,368,107,4402,no,476
t@em.ie,369,107,4408,no,477
t@em.ie,369,108,4419,no,478
t@em.ie,370,108,4426,no,479
t@em.ie,370,109,4440,no,480
t@em.ie,371,109,4446,no,481
t@em.ie,372,109,4455,no,482
t@em.ie,373,109,4463,no,483
t@em.ie,373,110,4475,no,484
t@em.ie,374,110,4481,no,485
t@em.ie,375,110,4488,no,486
t@em.ie,376,110,4498,no,487
t@em.ie,376,111,4504,no,488
t@em.ie,377,111,4512,no,489
t@em.ie,377,112,4520,no,490
t@em.ie,378,112,4530,no,491
t@em.ie,379,112,4536,no,492
t@em.ie,379,113,4545,no,493
t@em.ie,380,113,4557,no,494
t@em.ie,381,113,4565,no,495
t@em.ie,382,113,4578,no,496
t@em.ie,383,113,4590,no,497
t@em.ie,384,113,4601,no,498
t@em.ie,385,113,4610,no,499
t@em.ie,386,113,4619,no,500
t@em.ie,387,113,4629,no,501
t@em.ie,388,113,4638,no,502
t@em.ie,389,113,4647,no,503
t@em.ie,390,113,4659,no,504
t@em.ie,390,114,4669,no,505
t@em.ie,391,114,4676,no,506
t@em.ie,392,114,4691,no,507
t@em.ie,393,114,4712,no,508
t@em.ie,393,115,4725,no,509
t@em.ie,394,115,4733,no,510
t@em.ie,395,115,4740,no,511
t@em.ie,396,115,4747,no,512
t@em.ie,397,115,4756,no,513
t@em.ie,398,115,4768,no,514
t@em.ie,399,115,4776,no,515
t@em.ie,399,116,4788,no,516
t@em.ie,399,117,4800,no,517
t@em.ie,400,117,4811,no,518
t@em.ie,401,117,4822,no,519
t@em.ie,401,118,4830,no,520
t@em.ie,402,118,4838,no,521
t@em.ie,402,119,4848,no,522
t@em.ie,403,119,4857,no,523
t@em.ie,404,119,4866,no,524
t@em.ie,405,119,4870,no,525
t@em.ie,406,119,4877,no,526
t@em.ie,406,120,4888,no,527
t@em.ie,407,120,4898,no,528
t@em.ie,408,120,4903,no,529
t@em.ie,409,120,4909,no,530
t@em.ie,410,120,4919,no,531
t@em.ie,410,121,4934,no,532
t@em.ie,411,121,4944,no,533
t@em.ie,412,121,4958,no,534
t@em.ie,413,121,4967,no,535
t@em.ie,414,121,4973,no,536
t@em.ie,415,121,4983,no,537
t@em.ie,416,121,4990,no,538
t@em.ie,416,122,5002,no,539
t@em.ie,417,122,5012,no,540
t@em.ie,418,122,5018,no,541
t@em.ie,419,122,5028,no,542
t@em.ie,420,122,5038,no,543
t@em.ie,420,123,5049,no,544
t@em.ie,421,123,5056,no,545
t@em.ie,422,123,5062,no,546
t@em.ie,423,123,5072,no,547
t@em.ie,424,123,5080,no,548
t@em.ie,425,123,5087,no,549
t@em.ie,425,124,5097,no,550
t@em.ie,425,125,5108,no,551
t@em.ie,426,125,5115,no,552
t@em.ie,427,125,5127,no,553
t@em.ie,428,125,5137,no,554
t@em.ie,428,126,5145,no,555
t@em.ie,429,126,5154,no,556
t@em.ie,430,126,5159,no,557
t@em.ie,431,126,5166,no,558
t@em.ie,431,127,5173,no,559
t@em.ie,432,127,5178,no,560
t@em.ie,433,127,5185,no,561
t@em.ie,434,127,5191,no,562
t@em.ie,434,128,5198,no,563
t@em.ie,435,128,5207,no,564
t@em.ie,436,128,5220,no,565
t@em.ie,437,128,5226,no,566
t@em.ie,438,128,5230,no,567
t@em.ie,439,128,5241,no,568
t@em.ie,440,128,5248,no,569
t@em.ie,440,129,5257,no,570
t@em.ie,440,130,5262,no,571
t@em.ie,441,130,5271,no,572
t@em.ie,441,131,5279,no,573
t@em.ie,442,131,5288,no,574
t@em.ie,443,131,5293,no,575
t@em.ie,444,131,5300,no,576
t@em.ie,445,131,5307,no,577
t@em.ie,445,132,5313,no,578
t@em.ie,446,132,5323,no,579
t@em.ie,446,133,5337,no,580
t@em.ie,447,133,5345,no,581
t@em.ie,448,133,5349,no,582
t@em.ie,449,133,5356,no,583
t@em.ie,450,133,5364,no,584
t@em.ie,451,133,5371,no,585
t@em.ie,452,133,5380,no,586
t@em.ie,452,134,5390,no,587
t@em.ie,453,134,5402,no,588
t@em.ie,454,134,5409,no,589
t@em.ie,454,135,5421,no,590
t@em.ie,455,135,5434,no,591
t@em.ie,456,135,5444,no,592
t@em.ie,457,135,5451,no,593
t@em.ie,458,135,5460,no,594
t@em.ie,459,135,5471,no,595
t@em.ie,460,135,5485,no,596
t@em.ie,461,135,5492,no,597
t@em.ie,461,136,5502,no,598
t@em.ie,462,136,5512,no,599
t@em.ie,463,136,5528,no,600
t@em.ie,464,136,5538,no,601
t@em.ie,465,136,5553,no,602
t@em.ie,465,137,5572,no,603
t@em.ie,466,137,5577,no,604
t@em.ie,466,138,5591,no,605
t@em.ie,467,138,5599,no,606
t@em.ie,468,138,5608,no,607
t@em.ie,469,138,5617,no,608
t@em.ie,470,138,5624,no,609
t@em.ie,471,138,5630,no,610
t@em.ie,472,138,5639,no,611
t@em.ie,472,139,5652,no,612
t@em.ie,472,140,5662,no,613
t@em.ie,473,140,5671,no,614
t@em.ie,474,140,5675,no,615
t@em.ie,475,140,5684,no,616
t@em.ie,476,140,5695,no,617
t@em.ie,477,140,5703,no,618
t@em.ie,478,140,5714,no,619
t@em.ie,479,140,5721,no,620
t@em.ie,480,140,5727,no,621
t@em.ie,481,140,5737,no,622
t@em.ie,481,141,5748,no,623
t@em.ie,482,141,5760,no,624
t@em.ie,482,142,5773,no,625
t@em.ie,483,142,5784,no,626
t@em.ie,484,142,5792,no,627
t@em.ie,484,143,5799,no,628
t@em.ie,485,143,5807,no,629
t@em.ie,486,143,5815,no,630
t@em.ie,487,143,5824,no,631
t@em.ie,488,143,5830,no,632
t@em.ie,489,143,5849,no,633
t@em.ie,490,143,5861,no,634
t@em.ie,490,144,5874,no,635
t@em.ie,491,144,5883,no,636
t@em.ie,492,144,5891,no,637
t@em.ie,493,144,5896,no,638
t@em.ie,494,144,5902,no,639
t@em.ie,495,144,5910,no,640
t@em.ie,496,144,5917,no,641
t@em.ie,497,144,5926,no,642
t@em.ie,498,144,5939,no,643
t@em.ie,498,145,5950,no,644
t@em.ie,499,145,5959,no,645
t@em.ie,500,145,5964,no,646
t@em.ie,501,145,5971,no,647
t@em.ie,502,145,5978,no,648
t@em.ie,503,145,5987,no,649
t@em.ie,504,145,5999,no,650
t@em.ie,504,146,6009,no,651
t@em.ie,505,146,6020,no,652
t@em.ie,506,146,6025,no,653
t@em.ie,506,147,6032,no,654
t@em.ie,507,147,6041,no,655
t@em.ie,507,148,6055,no,656
t@em.ie,507,149,6061,no,657
t@em.ie,508,149,6069,no,658
t@em.ie,509,149,6075,no,659
t@em.ie,509,150,6087,no,660
t@em.ie,509,150,6108,yes,661
t@em.ie,509,151,6118,no,662
t@em.ie,510,151,6125,no,663
t@em.ie,511,151,6136,no,664
t@em.ie,512,151,6142,no,665
t@em.ie,512,152,6152,no,666
t@em.ie,513,152,6161,no,667
t@em.ie,514,152,6172,no,668
t@em.ie,514,153,6188,no,669
t@em.ie,515,153,6199,no,670
t@em.ie,516,153,6207,no,671
t@em.ie,517,153,6220,no,672
t@em.ie,517,154,6232,no,673
t@em.ie,518,154,6240,no,674
t@em.ie,519,154,6244,no,675
t@em.ie,520,154,6254,no,676
t@em.ie,521,154,6260,no,677
t@em.ie,522,154,6267,no,678
t@em.ie,523,154,6279,no,679
t@em.ie,524,154,6284,no,680
t@em.ie,525,154,6292,no,681
t@em.ie,526,154,6301,no,682
t@em.ie,527,154,6310,no,683
t@em.ie,528,154,6318,no,684
t@em.ie,529,154,6330,no,685
t@em.ie,530,154,6339,no,686
t@em.ie,531,154,6350,no,687
t@em.ie,531,155,6363,no,688
t@em.ie,532,155,6371,no,689
t@em.ie,532,156,6379,no,690
t@em.ie,533,156,6388,no,691
t@em.ie,534,156,6400,no,692
t@em.ie,535,156,6411,no,693
t@em.ie,536,156,6417,no,694
t@em.ie,537,156,6426,no,695
t@em.ie,538,156,6433,no,696
t@em.ie,538,157,6437,no,697
t@em.ie,539,157,6446,no,698
t@em.ie,539,158,6456,no,699
t@em.ie,539,159,6468,no,700
t@em.ie,540,159,6474,no,701
t@em.ie,541,159,6486,no,702
t@em.ie,541,160,6498,no,703
t@em.ie,542,160,6505,no,704
t@em.ie,543,160,6512,no,705
t@em.ie,543,161,6526,no,706
t@em.ie,544,161,6533,no,707
t@em.ie,545,161,6537,no,708
t@em.ie,545,162,6549,no,709
t@em.ie,545,163,6558,no,710
t@em.ie,546,163,6566,no,711
t@em.ie,547,163,6574,no,712
t@em.ie,547,164,6587,no,713
t@em.ie,548,164,6591,no,714
t@em.ie,549,164,6605,no,715
t@em.ie,550,164,6614,no,716
t@em.ie,551,164,6621,no,717
t@em.ie,552,164,6629,no,718
t@em.ie,553,164,6641,no,719
t@em.ie,554,164,6648,no,720
t@em.ie,555,164,6654,no,721
t@em.ie,555,165,6669,no,722
t@em.ie,556,165,6683,no,723
t@em.ie,557,165,6695,no,724
t@em.ie,558,165,6699,no,725
t@em.ie,559,165,6707,no,726
t@em.ie,560,165,6714,no,727
t@em.ie,561,165,6722,no,728
t@em.ie,562,165,6732,no,729
t@em.ie,562,166,6746,no,730
t@em.ie,562,167,6754,no,731
t@em.ie,563,167,6766,no,732
t@em.ie,564,167,6776,no,733
t@em.ie,565,167,6787,no,734
t@em.ie,566,167,6798,no,735
t@em.ie,567,167,6809,no,736
t@em.ie,568,167,6822,no,737
t@em.ie,569,167,6832,no,738
t@em.ie,569,168,6840,no,739
t@em.ie,570,168,6855,no,740
t@em.ie,570,169,6866,no,741
t@em.ie,570,170,6878,no,742
t@em.ie,570,171,6885,no,743
t@em.ie,571,171,6897,no,744
t@em.ie,572,171,6911,no,745
t@em.ie,573,171,6918,no,746
t@em.ie,573,172,6929,no,747
t@em.ie,574,172,6941,no,748
t@em.ie,574,173,6956,no,749
t@em.ie,574,174,6964,no,750
t@em.ie,575,174,6974,no,751
t@em.ie,576,174,6983,no,752
t@em.ie,577,174,6991,no,753
t@em.ie,577,175,6997,no,754
t@em.ie,577,176,7007,no,755
t@em.ie,578,176,7016,no,756
t@em.ie,579,176,7036,no,757
t@em.ie,580,176,7047,no,758
t@em.ie,581,176,7056,no,759
t@em.ie,582,176,7065,no,760
t@em.ie,582,177,7073,no,761
t@em.ie,583,177,7081,no,762
t@em.ie,584,177,7085,no,763
t@em.ie,585,177,7089,no,764
t@em.ie,586,177,7098,no,765
t@em.ie,587,177,7105,no,766
t@em.ie,588,177,7115,no,767
t@em.ie,589,177,7122,no,768
t@em.ie,590,177,7130,no,769
t@em.ie,591,177,7139,no,770
t@em.ie,592,177,7150,no,771
t@em.ie,593,177,7157,no,772
t@em.ie,594,177,7166,no,773
t@em.ie,595,177,7176,no,774
t@em.ie,595,178,7187,no,775
t@em.ie,596,178,7197,no,776
t@em.ie,597,178,7202,no,777
t@em.ie,597,179,7215,no,778
t@em.ie,598,179,7227,no,779
t@em.ie,599,179,7244,no,780
t@em.ie,600,179,7251,no,781
t@em.ie,601,179,7258,no,782
t@em.ie,602,179,7270,no,783
t@em.ie,603,179,7281,no,784
t@em.ie,604,179,7288,no,785
t@em.ie,605,179,7296,no,786
t@em.ie,606,179,7301,no,787
t@em.ie,606,180,7309,no,788
t@em.ie,607,180,7319,no,789
t@em.ie,608,180,7323,no,790
t@em.ie,609,180,7328,no,791
t@em.ie,610,180,7335,no,792
t@em.ie,611,180,7343,no,793
t@em.ie,612,180,7351,no,794
t@em.ie,613,180,7355,no,795
t@em.ie,614,180,7365,no,796
t@em.ie,615,180,7379,no,797
t@em.ie,616,180,7384,no,798
t@em.ie,617,180,7396,no,799
t@em.ie,617,181,7405,no,800
t@em.ie,617,182,7417,no,801
t@em.ie,618,182,7425,no,802
t@em.ie,619,182,7433,no,803
t@em.ie,620,182,7438,no,804
t@em.ie,621,182,7447,no,805
t@em.ie,621,183,7460,no,806
t@em.ie,622,183,7467,no,807
t@em.ie,623,183,7477,no,808
t@em.ie,624,183,7486,no,809
t@em.ie,625,183,7493,no,810
t@em.ie,625,184,7500,no,811
t@em.ie,626,184,7511,no,812
t@em.ie,627,184,7519,no,813
t@em.ie,628,184,7524,no,814
t@em.ie,628,185,7535,no,815
t@em.ie,629,185,7540,no,816
t@em.ie,630,185,7549,no,817
t@em.ie,631,185,7554,no,818
t@em.ie,632,185,7563,no,819
t@em.ie,633,185,7571,no,820
t@em.ie,633,186,7580,no,821
t@em.ie,634,186,7594,no,822
t@em.ie,635,186,7602,no,823
t@em.ie,635,187,7606,no,824
t@em.ie,636,187,7618,no,825
t@em.ie,637,187,7622,no,826
t@em.ie,637,188,7636,no,827
t@em.ie,638,188,7644,no,828
t@em.ie,639,188,7648,no,829
t@em.ie,639,189,7654,no,830
t@em.ie,640,189,7660,no,831
t@em.ie,641,189,7665,no,832
t@em.ie,641,190,7678,no,833
t@em.ie,641,191,7688,no,834
t@em.ie,641,192,7694,no,835
t@em.ie,642,192,7701,no,836
t@em.ie,643,192,7712,no,837
t@em.ie,644,192,7729,no,838
t@em.ie,645,192,7742,no,839
t@em.ie,646,192,7754,no,840
t@em.ie,647,192,7766,no,841
t@em.ie,648,192,7779,no,842
t@em.ie,649,192,7786,no,843
t@em.ie,650,192,7794,no,844
t@em.ie,651,192,7803,no,845
t@em.ie,651,193,7810,no,846
t@em.ie,651,194,7817,no,847
t@em.ie,651,195,7826,no,848
t@em.ie,652,195,7834,no,849
t@em.ie,653,195,7843,no,850
t@em.ie,654,195,7849,no,851
t@em.ie,654,196,7859,no,852
t@em.ie,655,196,7867,no,853
t@em.ie,656,196,7875,no,854
t@em.ie,657,196,7887,no,855
t@em.ie,658,196,7893,no,856
t@em.ie,659,196,7902,no,857
t@em.ie,659,197,7911,no,858
t@em.ie,660,197,7923,no,859
t@em.ie,661,197,7930,no,860
t@em.ie,662,197,7940,no,861
t@em.ie,662,198,7951,no,862
t@em.ie,662,199,7962,no,863
t@em.ie,663,199,7969,no,864
t@em.ie,664,199,7974,no,865
t@em.ie,665,199,7981,no,866
t@em.ie,666,199,7992,no,867
t@em.ie,667,199,8006,no,868
t@em.ie,668,199,8012,no,869
t@em.ie,669,199,8024,no,870
t@em.ie,670,199,8032,no,871
t@em.ie,671,199,8041,no,872
t@em.ie,671,200,8047,no,873
t@em.ie,672,200,8058,no,874
t@em.ie,673,200,8068,no,875
t@em.ie,674,200,8081,no,876
t@em.ie,675,200,8095,no,877
t@em.ie,676,200,8106,no,878
t@em.ie,677,200,8117,no,879
t@em.ie,678,200,8122,no,880
t@em.ie,678,201,8136,no,881
t@em.ie,679,201,8152,no,882
t@em.ie,679,202,8161,no,883
t@em.ie,680,202,8173,no,884
t@em.ie,681,202,8181,no,885
t@em.ie,682,202,8191,no,886
t@em.ie,682,203,8200,no,887
t@em.ie,683,203,8208,no,888
t@em.ie,684,203,8216,no,889
t@em.ie,685,203,8227,no,890
t@em.ie,685,204,8240,no,891
t@em.ie,685,205,8250,no,892
t@em.ie,686,205,8257,no,893
t@em.ie,687,205,8264,no,894
t@em.ie,688,205,8269,no,895
t@em.ie,689,205,8280,no,896
t@em.ie,690,205,8289,no,897
t@em.ie,691,205,8301,no,898
t@em.ie,691,206,8314,no,899
t@em.ie,692,206,8321,no,900
t@em.ie,692,207,8335,no,901
t@em.ie,693,207,8345,no,902
t@em.ie,693,208,8363,no,903
t@em.ie,694,208,8374,no,904
t@em.ie,695,208,8379,no,905
t@em.ie,696,208,8390,no,906
t@em.ie,697,208,8401,no,907
t@em.ie,698,208,8410,no,908
t@em.ie,699,208,8418,no,909
t@em.ie,700,208,8428,no,910
t@em.ie,701,208,8434,no,911
t@em.ie,702,208,8441,no,912
t@em.ie,703,208,8453,no,913
t@em.ie,704,208,8462,no,914
t@em.ie,705,208,8468,no,915
t@em.ie,706,208,8477,no,916
t@em.ie,707,208,8484,no,917
t@em.ie,708,208,8492,no,918
t@em.ie,709,208,8502,no,919
t@em.ie,710,208,8518,no,920
t@em.ie,711,208,8530,no,921
t@em.ie,712,208,8535,no,922
t@em.ie,713,208,8547,no,923
t@em.ie,714,208,8558,no,924
t@em.ie,715,208,8563,no,925
t@em.ie,716,208,8571,no,926
t@em.ie,717,208,8577,no,927
t@em.ie,718,208,8587,no,928
t@em.ie,719,208,8598,no,929
t@em.ie,720,208,8606,no,930
t@em.ie,721,208,8617,no,931
t@em.ie,722,208,8623,no,932
t@em.ie,723,208,8628,no,933
t@em.ie,724,208,8642,no,934
t@em.ie,725,208,8650,no,935
t@em.ie,725,209,8660,no,936
t@em.ie,726,209,8669,no,937
t@em.ie,726,210,8681,no,938
t@em.ie,727,210,8687,no,939
t@em.ie,728,210,8700,no,940
t@em.ie,729,210,8709,no,941
t@em.ie,730,210,8713,no,942
t@em.ie,731,210,8732,no,943
t@em.ie,731,211,8739,no,944
t@em.ie,732,211,8743,no,945
t@em.ie,732,212,8755,no,946
t@em.ie,733,212,8767,no,947
t@em.ie,734,212,8772,no,948
t@em.ie,735,212,8785,no,949
t@em.ie,736,212,8796,no,950
t@em.ie,737,212,8802,no,951
t@em.ie,738,212,8806,no,952
t@em.ie,738,213,8822,no,953
t@em.ie,739,213,8830,no,954
t@em.ie,740,213,8839,no,955
t@em.ie,741,213,8846,no,956
t@em.ie,742,213,8855,no,957
t@em.ie,743,213,8863,no,958
t@em.ie,744,213,8870,no,959
t@em.ie,744,214,8885,no,960
t@em.ie,745,214,8889,no,961
t@em.ie,745,215,8894,no,962
t@em.ie,745,216,8907,no,963
t@em.ie,746,216,8916,no,964
t@em.ie,747,216,8923,no,965
t@em.ie,748,216,8927,no,966
t@em.ie,748,217,8941,no,967
t@em.ie,748,218,8956,no,968
t@em.ie,749,218,8964,no,969
t@em.ie,750,218,8974,no,970
t@em.ie,751,218,8981,no,971
t@em.ie,751,219,8990,no,972
t@em.ie,752,219,8998,no,973
t@em.ie,753,219,9004,no,974
t@em.ie,753,220,9016,no,975
t@em.ie,754,220,9027,no,976
t@em.ie,755,220,9039,no,977
t@em.ie,756,220,9048,no,978
t@em.ie,757,220,9059,no,979
t@em.ie,758,220,9064,no,980
t@em.ie,759,220,9072,no,981
t@em.ie,760,220,9079,no,982
t@em.ie,761,220,9086,no,983
t@em.ie,761,221,9100,no,984
t@em.ie,762,221,9108,no,985
t@em.ie,763,221,9115,no,986
t@em.ie,764,221,9122,no,987
t@em.ie,765,221,9130,no,988
t@em.ie,766,221,9137,no,989
t@em.ie,767,221,9146,no,990
t@em.ie,767,222,9157,no,991
t@em.ie,768,222,9166,no,992
t@em.ie,768,223,9180,no,993
t@em.ie,768,224,9194,no,994
t@em.ie,769,224,9210,no,995
t@em.ie,770,224,9214,no,996
t@em.ie,771,224,9218,no,997
t@em.ie,772,224,9224,no,998
t@em.ie,772,225,9237,no,999
t@em.ie,773,225,9246,no,1000
t@em.ie,0,1,15,no,1
t@em.ie,0,2,21,no,2
t@em.ie,1,2,31,no,3
t@em.ie,2,2,39,no,4
t@em.ie,3,2,47,no,5
t@em.ie,3,3,56,no,6
t@em.ie,4,3,66,no,7
t@em.ie,5,3,70,no,8
t@em.ie,6,3,74,no,9
t@em.ie,6,4,90,no,10
t@em.ie,6,5,103,no,11
t@em.ie,7,5,112,no,12
t@em.ie,8,5,124,no,13
t@em.ie,8,6,135,no,14
t@em.ie,8,7,144,no,15
t@em.ie,9,7,158,no,16
t@em.ie,10,7,170,no,17
t@em.ie,11,7,177,no,18
t@em.ie,12,7,182,no,19
t@em.ie,12,8,190,no,20
t@em.ie,12,9,196,no,21
t@em.ie,13,9,203,no,22
t@em.ie,13,10,214,no,23
t@em.ie,14,10,223,no,24
t@em.ie,15,10,235,no,25
t@em.ie,16,10,247,no,26
t@em.ie,17,10,255,no,27
t@em.ie,18,10,269,no,28
t@em.ie,18,11,279,no,29
t@em.ie,19,11,290,no,30
t@em.ie,20,11,295,no,31
t@em.ie,21,11,306,no,32
t@em.ie,22,11,314,no,33
t@em.ie,23,11,321,no,34
t@em.ie,24,11,331,no,35
t@em.ie,24,12,336,no,36
t@em.ie,25,12,342,no,37
t@em.ie,26,12,352,no,38
t@em.ie,26,13,363,no,39
t@em.ie,27,13,371,no,40
t@em.ie,28,13,382,no,41
t@em.ie,29,13,392,no,42
t@em.ie,30,13,397,no,43
t@em.ie,31,13,412,no,44
t@em.ie,31,14,417,no,45
t@em.ie,32,14,421,no,46
t@em.ie,33,14,429,no,47
t@em.ie,34,14,448,no,48
t@em.ie,34,15,463,no,49
t@em.ie,35,15,468,no,50
t@em.ie,36,15,474,no,51
t@em.ie,37,15,482,no,52
t@em.ie,38,15,491,no,53
t@em.ie,39,15,501,no,54
t@em.ie,40,15,509,no,55
t@em.ie,41,15,518,no,56
t@em.ie,41,16,529,no,57
t@em.ie,42,16,537,no,58
t@em.ie,43,16,542,no,59
t@em.ie,44,16,551,no,60
t@em.ie,45,16,561,no,61
t@em.ie,46,16,568,no,62
t@em.ie,47,16,580,no,63
t@em.ie,48,16,590,no,64
t@em.ie,49,16,599,no,65
t@em.ie,50,16,610,no,66
t@em.ie,51,16,623,no,67
t@em.ie,52,16,631,no,68
t@em.ie,53,16,637,no,69
t@em.ie,54,16,644,no,70
t@em.ie,55,16,657,no,71
t@em.ie,55,17,672,no,72
t@em.ie,56,17,682,no,73
t@em.ie,57,17,692,no,74
t@em.ie,58,17,712,no,75
t@em.ie,59,17,719,no,76
t@em.ie,60,17,728,no,77
t@em.ie,60,18,739,no,78
t@em.ie,61,18,745,no,79
t@em.ie,62,18,755,no,80
t@em.ie,63,18,763,no,81
t@em.ie,63,19,773,no,82
t@em.ie,64,19,782,no,83
t@em.ie,64,20,791,no,84
t@em.ie,65,20,797,no,85
t@em.ie,65,21,804,no,86
t@em.ie,66,21,815,no,87
t@em.ie,66,22,823,no,88
t@em.ie,66,23,832,no,89
t@em.ie,67,23,840,no,90
t@em.ie,68,23,851,no,91
t@em.ie,69,23,859,no,92
t@em.ie,69,24,868,no,93
t@em.ie,69,25,877,no,94
t@em.ie,70,25,890,no,95
t@em.ie,70,26,899,no,96
t@em.ie,71,26,908,no,97
t@em.ie,71,27,919,no,98
t@em.ie,72,27,931,no,99
t@em.ie,73,27,944,no,100
t@em.ie,74,27,950,no,101
t@em.ie,74,28,961,no,102
t@em.ie,75,28,966,no,103
t@em.ie,76,28,972,no,104
t@em.ie,77,28,981,no,105
t@em.ie,78,28,991,no,106
t@em.ie,79,28,999,no,107
t@em.ie,80,28,1009,no,108
t@em.ie,80,29,1016,no,109
t@em.ie,81,29,1023,no,110
t@em.ie,82,29,1033,no,111
t@em.ie,83,29,1040,no,112
t@em.ie,84,29,1046,no,113
t@em.ie,84,30,1054,no,114
t@em.ie,85,30,1061,no,115
t@em.ie,85,31,1066,no,116
t@em.ie,86,31,1072,no,117
t@em.ie,87,31,1081,no,118
t@em.ie,88,31,1092,no,119
t@em.ie,89,31,1099,no,120
t@em.ie,90,31,1105,no,121
t@em.ie,90,32,1116,no,122
t@em.ie,91,32,1121,no,123
t@em.ie,91,33,1133,no,124
t@em.ie,92,33,1145,no,125
t@em.ie,93,33,1152,no,126
t@em.ie,93,34,1162,no,127
t@em.ie,94,34,1169,no,128
t@em.ie,95,34,1176,no,129
t@em.ie,96,34,1186,no,130
t@em.ie,97,34,1194,no,131
t@em.ie,98,34,1201,no,132
t@em.ie,99,34,1208,no,133
t@em.ie,100,34,1213,no,134
t@em.ie,101,34,1226,no,135
t@em.ie,102,34,1232,no,136
t@em.ie,102,35,1241,no,137
t@em.ie,103,35,1252,no,138
t@em.ie,104,35,1258,no,139
t@em.ie,105,35,1265,no,140
t@em.ie,105,36,1278,no,141
t@em.ie,105,37,1293,no,142
t@em.ie,106,37,1303,no,143
t@em.ie,106,38,1310,no,144
t@em.ie,107,38,1317,no,145
t@em.ie,107,39,1325,no,146
t@em.ie,107,40,1334,no,147
t@em.ie,108,40,1340,no,148
t@em.ie,108,41,1344,no,149
t@em.ie,108,42,1353,no,150
t@em.ie,108,43,1364,no,151
t@em.ie,109,43,1383,no,152
t@em.ie,109,44,1393,no,153
t@em.ie,110,44,1404,no,154
t@em.ie,111,44,1412,no,155
t@em.ie,112,44,1420,no,156
t@em.ie,113,44,1434,no,157
t@em.ie,113,45,1444,no,158
t@em.ie,113,46,1457,no,159
t@em.ie,114,46,1466,no,160
t@em.ie,115,46,1473,no,161
t@em.ie,116,46,1478,no,162
t@em.ie,117,46,1488,no,163
t@em.ie,118,46,1498,no,164
t@em.ie,119,46,1504,no,165
t@em.ie,120,46,1512,no,166
t@em.ie,121,46,1523,no,167
t@em.ie,121,47,1539,no,168
t@em.ie,121,48,1547,no,169
t@em.ie,122,48,1557,no,170
t@em.ie,123,48,1571,no,171
t@em.ie,124,48,1582,no,172
t@em.ie,125,48,1593,no,173
t@em.ie,126,48,1601,no,174
t@em.ie,127,48,1605,no,175
t@em.ie,128,48,1613,no,176
t@em.ie,129,48,1622,no,177
t@em.ie,130,48,1626,no,178
t@em.ie,131,48,1635,no,179
t@em.ie,131,49,1645,no,180
t@em.ie,132,49,1653,no,181
t@em.ie,133,49,1662,no,182
t@em.ie,134,49,1672,no,183
t@em.ie,135,49,1681,no,184
t@em.ie,136,49,1686,no,185
t@em.ie,137,49,1692,no,186
t@em.ie,137,50,1708,no,187
t@em.ie,138,50,1717,no,188
t@em.ie,139,50,1722,no,189
t@em.ie,140,50,1727,no,190
t@em.ie,140,51,1738,no,191
t@em.ie,141,51,1744,no,192
t@em.ie,142,51,1753,no,193
t@em.ie,143,51,1768,no,194
t@em.ie,143,52,1779,no,195
t@em.ie,144,52,1788,no,196
t@em.ie,144,53,1795,no,197
t@em.ie,145,53,1801,no,198
t@em.ie,146,53,1810,no,199
t@em.ie,147,53,1822,no,200
t@em.ie,148,53,1831,no,201
t@em.ie,149,53,1837,no,202
t@em.ie,150,53,1847,no,203
t@em.ie,151,53,1858,no,204
t@em.ie,152,53,1865,no,205
t@em.ie,152,54,1880,no,206
t@em.ie,153,54,1885,no,207
t@em.ie,153,55,1899,no,208
t@em.ie,154,55,1903,no,209
t@em.ie,155,55,1910,no,210
t@em.ie,156,55,1919,no,211
t@em.ie,157,55,1928,no,212
t@em.ie,158,55,1934,no,213
t@em.ie,159,55,1939,no,214
t@em.ie,159,56,1949,no,215
t@em.ie,160,56,1957,no,216
t@em.ie,161,56,1961,no,217
t@em.ie,161,57,1970,no,218
t@em.ie,162,57,1981,no,219
t@em.ie,163,57,1985,no,220
t@em.ie,164,57,1990,no,221
t@em.ie,164,58,1999,no,222
t@em.ie,165,58,2006,no,223
t@em.ie,166,58,2012,no,224
t@em.ie,166,59,2022,no,225
t@em.ie,167,59,2036,no,226
t@em.ie,168,59,2043,no,227
t@em.ie,169,59,2056,no,228
t@em.ie,170,59,2065,no,229
t@em.ie,170,60,2073,no,230
t@em.ie,171,60,2078,no,231
t@em.ie,172,60,2084,no,232
t@em.ie,173,60,2089,no,233
t@em.ie,174,60,2095,no,234
t@em.ie,175,60,2103,no,235
t@em.ie,176,60,2110,no,236
t@em.ie,177,60,2120,no,237
t@em.ie,178,60,2127,no,238
t@em.ie,179,60,2137,no,239
t@em.ie,180,60,2144,no,240
t@em.ie,180,61,2149,no,241
t@em.ie,181,61,2162,no,242
t@em.ie,182,61,2169,no,243
t@em.ie,183,61,2174,no,244
t@em.ie,184,61,2180,no,245
t@em.ie,185,61,2187,no,246
t@em.ie,186,61,2204,no,247
t@em.ie,187,61,2210,no,248
t@em.ie,188,61,2219,no,249
t@em.ie,189,61,2233,no,250
t@em.ie,189,62,2241,no,251
t@em.ie,189,63,2253,no,252
t@em.ie,190,63,2261,no,253
t@em.ie,191,63,2270,no,254
t@em.ie,192,63,2278,no,255
t@em.ie,193,63,2289,no,256
t@em.ie,193,64,2301,no,257
t@em.ie,194,64,2314,no,258
t@em.ie,195,64,2320,no,259
t@em.ie,196,64,2326,no,260
t@em.ie,197,64,2334,no,261
t@em.ie,198,64,2345,no,262
t@em.ie,199,64,2358,no,263
t@em.ie,200,64,2365,no,264
t@em.ie,201,64,2381,no,265
t@em.ie,202,64,2388,no,266
t@em.ie,203,64,2393,no,267
t@em.ie,203,65,2400,no,268
t@em.ie,204,65,2406,no,269
t@em.ie,204,66,2415,no,270
t@em.ie,205,66,2427,no,271
t@em.ie,206,66,2435,no,272
t@em.ie,207,66,2444,no,273
t@em.ie,208,66,2452,no,274
t@em.ie,209,66,2464,no,275
t@em.ie,210,66,2470,no,276
t@em.ie,210,67,2477,no,277
t@em.ie,210,68,2486,no,278
t@em.ie,211,68,2492,no,279
t@em.ie,212,68,2505,no,280
t@em.ie,213,68,2511,no,281
t@em.ie,213,69,2518,no,282
t@em.ie,214,69,2524,no,283
t@em.ie,215,69,2532,no,284
t@em.ie,215,70,2539,no,285
t@em.ie,216,70,2546,no,286
t@em.ie,217,70,2551,no,287
t@em.ie,218,70,2559,no,288
t@em.ie,218,71,2570,no,289
t@em.ie,219,71,2579,no,290
t@em.ie,220,71,2585,no,291
t@em.ie,220,71,2606,yes,292
t@em.ie,220,72,2614,no,293
t@em.ie,220,73,2624,no,294
t@em.ie,221,73,2630,no,295
t@em.ie,222,73,2639,no,296
t@em.ie,223,73,2644,no,297
t@em.ie,223,74,2653,no,298
t@em.ie,223,75,2661,no,299
t@em.ie,224,75,2667,no,300
t@em.ie,225,75,2677,no,301
t@em.ie,225,76,2684,no,302
t@em.ie,225,77,2691,no,303
t@em.ie,225,78,2700,no,304
t@em.ie,226,78,2710,no,305
t@em.ie,227,78,2722,no,306
t@em.ie,228,78,2728,no,307
t@em.ie,229,78,2744,no,308
t@em.ie,229,79,2757,no,309
t@em.ie,230,79,2770,no,310
t@em.ie,231,79,2783,no,311
t@em.ie,232,79,2792,no,312
t@em.ie,233,79,2801,no,313
t@em.ie,233,80,2809,no,314
t@em.ie,233,81,2818,no,315
t@em.ie,234,81,2826,no,316
t@em.ie,234,82,2836,no,317
t@em.ie,235,82,2848,no,318
t@em.ie,236,82,2860,no,319
t@em.ie,237,82,2866,no,320
t@em.ie,238,82,2880,no,321
t@em.ie,238,83,2886,no,322
t@em.ie,238,83,2907,yes,323
t@em.ie,238,84,2915,no,324
t@em.ie,239,84,2924,no,325
t@em.ie,239,85,2931,no,326
t@em.ie,240,85,2938,no,327
t@em.ie,241,85,2947,no,328
t@em.ie,241,86,2958,no,329
t@em.ie,242,86,2966,no,330
t@em.ie,243,86,2977,no,331
t@em.ie,244,86,2989,no,332
t@em.ie,245,86,2997,no,333
t@em.ie,246,86,3002,no,334
t@em.ie,247,86,3008,no,335
t@em.ie,248,86,3013,no,336
t@em.ie,249,86,3025,no,337
t@em.ie,250,86,3044,no,338
t@em.ie,251,86,3055,no,339
t@em.ie,252,86,3063,no,340
t@em.ie,253,86,3069,no,341
t@em.ie,254,86,3076,no,342
t@em.ie,255,86,3086,no,343
t@em.ie,256,86,3096,no,344
t@em.ie,257,86,3107,no,345
t@em.ie,257,87,3118,no,346
t@em.ie,258,87,3129,no,347
t@em.ie,258,88,3136,no,348
t@em.ie,259,88,3140,no,349
t@em.ie,260,88,3149,no,350
t@em.ie,261,88,3159,no,351
t@em.ie,262,88,3171,no,352
t@em.ie,263,88,3178,no,353
t@em.ie,264,88,3185,no,354
t@em.ie,265,88,3191,no,355
t@em.ie,266,88,3200,no,356
t@em.ie,267,88,3214,no,357
t@em.ie,267,89,3223,no,358
t@em.ie,268,89,3232,no,359
t@em.ie,268,90,3243,no,360
t@em.ie,269,90,3249,no,361
t@em.ie,269,91,3258,no,362
t@em.ie,270,91,3265,no,363
t@em.ie,271,91,3271,no,364
t@em.ie,272,91,3285,no,365
t@em.ie,273,91,3291,no,366
t@em.ie,273,92,3309,no,367
t@em.ie,273,93,3317,no,368
t@em.ie,273,94,3324,no,369
t@em.ie,274,94,3336,no,370
t@em.ie,274,95,3349,no,371
t@em.ie,274,96,3359,no,372
t@em.ie,275,96,3370,no,373
t@em.ie,276,96,3377,no,374
t@em.ie,276,97,3383,no,375
t@em.ie,277,97,3390,no,376
t@em.ie,278,97,3400,no,377
t@em.ie,278,98,3404,no,378
t@em.ie,278,99,3413,no,379
t@em.ie,279,99,3421,no,380
t@em.ie,280,99,3428,no,381
t@em.ie,281,99,3437,no,382
t@em.ie,282,99,3446,no,383
t@em.ie,282,100,3455,no,384
t@em.ie,282,101,3469,no,385
t@em.ie,283,101,3474,no,386
t@em.ie,283,102,3486,no,387
t@em.ie,283,103,3502,no,388
t@em.ie,283,104,3512,no,389
t@em.ie,284,104,3516,no,390
t@em.ie,285,104,3534,no,391
t@em.ie,285,105,3546,no,392
t@em.ie,286,105,3556,no,393
t@em.ie,287,105,3569,no,394
t@em.ie,288,105,3577,no,395
t@em.ie,289,105,3584,no,396
t@em.ie,289,106,3591,no,397
t@em.ie,290,106,3603,no,398
t@em.ie,291,106,3612,no,399
t@em.ie,292,106,3623,no,400
t@em.ie,293,106,3630,no,401
t@em.ie,294,106,3641,no,402
t@em.ie,295,106,3649,no,403
t@em.ie,296,106,3655,no,404
t@em.ie,297,106,3667,no,405
t@em.ie,298,106,3675,no,406
t@em.ie,299,106,3683,no,407
t@em.ie,300,106,3695,no,408
t@em.ie,301,106,3703,no,409
t@em.ie,302,106,3708,no,410
t@em.ie,302,107,3714,no,411
t@em.ie,303,107,3723,no,412
t@em.ie,304,107,3732,no,413
t@em.ie,305,107,3742,no,414
t@em.ie,306,107,3747,no,415
t@em.ie,307,107,3754,no,416
t@em.ie,307,108,3760,no,417
t@em.ie,308,108,3765,no,418
t@em.ie,309,108,3777,no,419
t@em.ie,310,108,3787,no,420
t@em.ie,311,108,3797,no,421
t@em.ie,312,108,3804,no,422
t@em.ie,313,108,3809,no,423
t@em.ie,314,108,3818,no,424
t@em.ie,315,108,3825,no,425
t@em.ie,316,108,3839,no,426
t@em.ie,317,108,3850,no,427
t@em.ie,318,108,3862,no,428
t@em.ie,319,108,3867,no,429
t@em.ie,320,108,3873,no,430
t@em.ie,321,108,3881,no,431
t@em.ie,322,108,3890,no,432
t@em.ie,323,108,3898,no,433
t@em.ie,324,108,3905,no,434
t@em.ie,325,108,3913,no,435
t@em.ie,326,108,3922,no,436
t@em.ie,327,108,3929,no,437
t@em.ie,328,108,3937,no,438
t@em.ie,329,108,3949,no,439
t@em.ie,330,108,3966,no,440
t@em.ie,331,108,3980,no,441
t@em.ie,332,108,3992,no,442
t@em.ie,333,108,4004,no,443
t@em.ie,334,108,4012,no,444
t@em.ie,335,108,4023,no,445
t@em.ie,336,108,4032,no,446
t@em.ie,337,108,4039,no,447
t@em.ie,338,108,4045,no,448
t@em.ie,339,108,4053,no,449
t@em.ie,340,108,4062,no,450
t@em.ie,341,108,4067,no,451
t@em.ie,341,109,4074,no,452
t@em.ie,342,109,4084,no,453
t@em.ie,342,110,4095,no,454
t@em.ie,343,110,4105,no,455
t@em.ie,343,111,4114,no,456
t@em.ie,344,111,4120,no,457
t@em.ie,345,111,4127,no,458
t@em.ie,345,112,4135,no,459
t@em.ie,345,113,4147,no,460
t@em.ie,346,113,4159,no,461
t@em.ie,347,113,4171,no,462
t@em.ie,348,113,4180,no,463
t@em.ie,349,113,4186,no,464
t@em.ie,350,113,4196,no,465
t@em.ie,351,113,4201,no,466
t@em.ie,351,114,4213,no,467
t@em.ie,352,114,4221,no,468
t@em.ie,353,114,4229,no,469
t@em.ie,354,114,4241,no,470
t@em.ie,355,114,4250,no,471
t@em.ie,356,114,4261,no,472
t@em.ie,357,114,4266,no,473
t@em.ie,358,114,4273,no,474
t@em.ie,358,115,4281,no,475
t@em.ie,359,115,4292,no,476
t@em.ie,360,115,4298,no,477
t@em.ie,360,116,4303,no,478
t@em.ie,360,117,4321,no,479
t@em.ie,361,117,4334,no,480
t@em.ie,362,117,4338,no,481
t@em.ie,363,117,4346,no,482
t@em.ie,364,117,4356,no,483
t@em.ie,365,117,4363,no,484
t@em.ie,366,117,4371,no,485
t@em.ie,367,117,4380,no,486
t@em.ie,368,117,4389,no,487
t@em.ie,369,117,4397,no,488
t@em.ie,370,117,4410,no,489
t@em.ie,371,117,4420,no,490
t@em.ie,372,117,4426,no,491
t@em.ie,373,117,4432,no,492
t@em.ie,374,117,4436,no,493
t@em.ie,375,117,4445,no,494
t@em.ie,376,117,4455,no,495
t@em.ie,376,118,4461,no,496
t@em.ie,376,119,4465,no,497
t@em.ie,376,120,4476,no,498
t@em.ie,377,120,4489,no,499
t@em.ie,378,120,4497,no,500
t@em.ie,379,120,4504,no,501
t@em.ie,380,120,4513,no,502
t@em.ie,381,120,4520,no,503
t@em.ie,382,120,4531,no,504
t@em.ie,382,121,4541,no,505
t@em.ie,383,121,4549,no,506
t@em.ie,384,121,4561,no,507
t@em.ie,385,121,4569,no,508
t@em.ie,386,121,4580,no,509
t@em.ie,387,121,4594,no,510
t@em.ie,388,121,4601,no,511
t@em.ie,389,121,4612,no,512
t@em.ie,390,121,4621,no,513
t@em.ie,390,122,4628,no,514
t@em.ie,391,122,4642,no,515
t@em.ie,392,122,4652,no,516
t@em.ie,392,123,4664,no,517
t@em.ie,393,123,4673,no,518
t@em.ie,394,123,4682,no,519
t@em.ie,395,123,4687,no,520
t@em.ie,396,123,4697,no,521
t@em.ie,397,123,4708,no,522
t@em.ie,398,123,4714,no,523
t@em.ie,398,124,4723,no,524
t@em.ie,398,125,4731,no,525
t@em.ie,398,126,4747,no,526
t@em.ie,399,126,4753,no,527
t@em.ie,400,126,4762,no,528
t@em.ie,401,126,4767,no,529
t@em.ie,402,126,4777,no,530
t@em.ie,402,127,4786,no,531
t@em.ie,403,127,4794,no,532
t@em.ie,403,128,4801,no,533
t@em.ie,403,129,4807,no,534
t@em.ie,404,129,4818,no,535
t@em.ie,405,129,4824,no,536
t@em.ie,405,130,4830,no,537
t@em.ie,406,130,4841,no,538
t@em.ie,406,131,4850,no,539
t@em.ie,407,131,4862,no,540
t@em.ie,407,132,4872,no,541
t@em.ie,408,132,4877,no,542
t@em.ie,409,132,4886,no,543
t@em.ie,410,132,4894,no,544
t@em.ie,411,132,4903,no,545
t@em.ie,412,132,4911,no,546
t@em.ie,413,132,4920,no,547
t@em.ie,414,132,4929,no,548
t@em.ie,415,132,4935,no,549
t@em.ie,416,132,4948,no,550
t@em.ie,416,133,4958,no,551
t@em.ie,417,133,4973,no,552
t@em.ie,417,134,4983,no,553
t@em.ie,418,134,4992,no,554
t@em.ie,419,134,4996,no,555
t@em.ie,420,134,5003,no,556
t@em.ie,421,134,5017,no,557
t@em.ie,421,135,5024,no,558
t@em.ie,421,136,5033,no,559
t@em.ie,422,136,5043,no,560
t@em.ie,423,136,5056,no,561
t@em.ie,424,136,5070,no,562
t@em.ie,425,136,5079,no,563
t@em.ie,426,136,5090,no,564
t@em.ie,426,137,5105,no,565
t@em.ie,427,137,5112,no,566
t@em.ie,427,138,5122,no,567
t@em.ie,427,139,5133,no,568
t@em.ie,427,140,5143,no,569
t@em.ie,428,140,5148,no,570
t@em.ie,428,141,5162,no,571
t@em.ie,429,141,5169,no,572
t@em.ie,429,142,5178,no,573
t@em.ie,430,142,5183,no,574
t@em.ie,431,142,5191,no,575
t@em.ie,432,142,5204,no,576
t@em.ie,432,143,5214,no,577
t@em.ie,432,144,5225,no,578
t@em.ie,433,144,5231,no,579
t@em.ie,434,144,5238,no,580
t@em.ie,435,144,5247,no,581
t@em.ie,436,144,5257,no,582
t@em.ie,437,144,5263,no,583
t@em.ie,438,144,5272,no,584
t@em.ie,438,145,5279,no,585
t@em.ie,438,146,5289,no,586
t@em.ie,439,146,5296,no,587
t@em.ie,439,147,5301,no,588
t@em.ie,440,147,5316,no,589
t@em.ie,440,148,5328,no,590
t@em.ie,440,149,5337,no,591
t@em.ie,441,149,5344,no,592
t@em.ie,442,149,5355,no,593
t@em.ie,443,149,5366,no,594
t@em.ie,444,149,5381,no,595
t@em.ie,444,150,5389,no,596
t@em.ie,444,151,5399,no,597
t@em.ie,445,151,5412,no,598
t@em.ie,446,151,5420,no,599
t@em.ie,447,151,5425,no,600
t@em.ie,448,151,5432,no,601
t@em.ie,449,151,5441,no,602
t@em.ie,450,151,5449,no,603
t@em.ie,451,151,5457,no,604
t@em.ie,452,151,5464,no,605
t@em.ie,453,151,5475,no,606
t@em.ie,454,151,5486,no,607
t@em.ie,455,151,5490,no,608
t@em.ie,456,151,5496,no,609
t@em.ie,457,151,5500,no,610
t@em.ie,458,151,5511,no,611
t@em.ie,459,151,5517,no,612
t@em.ie,459,152,5527,no,613
t@em.ie,460,152,5534,no,614
t@em.ie,461,152,5542,no,615
t@em.ie,462,152,5551,no,616
t@em.ie,462,153,5558,no,617
t@em.ie,463,153,5565,no,618
t@em.ie,464,153,5578,no,619
t@em.ie,465,153,5596,no,620
t@em.ie,466,153,5606,no,621
t@em.ie,466,154,5616,no,622
t@em.ie,467,154,5623,no,623
t@em.ie,468,154,5634,no,624
t@em.ie,469,154,5643,no,625
t@em.ie,470,154,5651,no,626
t@em.ie,471,154,5661,no,627
t@em.ie,472,154,5668,no,628
t@em.ie,473,154,5676,no,629
t@em.ie,473,155,5683,no,630
t@em.ie,474,155,5697,no,631
t@em.ie,475,155,5708,no,632
t@em.ie,476,155,5713,no,633
t@em.ie,477,155,5721,no,634
t@em.ie,478,155,5730,no,635
t@em.ie,478,156,5742,no,636
t@em.ie,479,156,5750,no,637
t@em.ie,480,156,5757,no,638
t@em.ie,481,156,5764,no,639
t@em.ie,482,156,5776,no,640
t@em.ie,483,156,5785,no,641
t@em.ie,483,157,5791,no,642
t@em.ie,484,157,5799,no,643
t@em.ie,485,157,5809,no,644
t@em.ie,485,158,5817,no,645
t@em.ie,486,158,5826,no,646
t@em.ie,487,158,5836,no,647
t@em.ie,487,159,5845,no,648
t@em.ie,487,160,5856,no,649
t@em.ie,488,160,5865,no,650
t@em.ie,489,160,5873,no,651
t@em.ie,490,160,5882,no,652
t@em.ie,491,160,5889,no,653
t@em.ie,492,160,5896,no,654
t@em.ie,493,160,5906,no,655
t@em.ie,494,160,5913,no,656
t@em.ie,495,160,5922,no,657
t@em.ie,495,161,5929,no,658
t@em.ie,496,161,5941,no,659
t@em.ie,497,161,5952,no,660
t@em.ie,497,162,5960,no,661
t@em.ie,498,162,5966,no,662
t@em.ie,499,162,5972,no,663
t@em.ie,499,163,5981,no,664
t@em.ie,500,163,5990,no,665
t@em.ie,501,163,5995,no,666
t@em.ie,502,163,6004,no,667
t@em.ie,502,164,6009,no,668
t@em.ie,503,164,6017,no,669
t@em.ie,504,164,6025,no,670
t@em.ie,505,164,6033,no,671
t@em.ie,505,165,6039,no,672
t@em.ie,506,165,6044,no,673
t@em.ie,506,166,6053,no,674
t@em.ie,507,166,6062,no,675
t@em.ie,508,166,6069,no,676
t@em.ie,508,167,6076,no,677
t@em.ie,509,167,6081,no,678
t@em.ie,509,168,6098,no,679
t@em.ie,510,168,6106,no,680
t@em.ie,511,168,6116,no,681
t@em.ie,512,168,6126,no,682
t@em.ie,512,169,6138,no,683
t@em.ie,512,170,6152,no,684
t@em.ie,513,170,6161,no,685
t@em.ie,514,170,6167,no,686
t@em.ie,515,170,6175,no,687
t@em.ie,516,170,6179,no,688
t@em.ie,517,170,6183,no,689
t@em.ie,518,170,6191,no,690
t@em.ie,519,170,6201,no,691
t@em.ie,519,171,6214,no,692
t@em.ie,520,171,6231,no,693
t@em.ie,520,172,6240,no,694
t@em.ie,521,172,6253,no,695
t@em.ie,522,172,6263,no,696
t@em.ie,523,172,6267,no,697
t@em.ie,524,172,6280,no,698
t@em.ie,525,172,6293,no,699
t@em.ie,526,172,6300,no,700
t@em.ie,527,172,6310,no,701
t@em.ie,528,172,6318,no,702
t@em.ie,528,173,6337,no,703
t@em.ie,529,173,6347,no,704
t@em.ie,530,173,6356,no,705
t@em.ie,531,173,6365,no,706
t@em.ie,531,174,6372,no,707
t@em.ie,532,174,6376,no,708
t@em.ie,533,174,6383,no,709
t@em.ie,533,175,6390,no,710
t@em.ie,533,175,6411,yes,711
t@em.ie,533,176,6423,no,712
t@em.ie,534,176,6429,no,713
t@em.ie,534,177,6438,no,714
t@em.ie,535,177,6446,no,715
t@em.ie,536,177,6454,no,716
t@em.ie,537,177,6465,no,717
t@em.ie,537,178,6472,no,718
t@em.ie,538,178,6480,no,719
t@em.ie,539,178,6488,no,720
t@em.ie,540,178,6498,no,721
t@em.ie,541,178,6506,no,722
t@em.ie,542,178,6510,no,723
t@em.ie,543,178,6516,no,724
t@em.ie,544,178,6526,no,725
t@em.ie,545,178,6534,no,726
t@em.ie,546,178,6543,no,727
t@em.ie,547,178,6551,no,728
t@em.ie,547,179,6564,no,729
t@em.ie,548,179,6573,no,730
t@em.ie,549,179,6584,no,731
t@em.ie,550,179,6600,no,732
t@em.ie,550,180,6611,no,733
t@em.ie,550,181,6620,no,734
t@em.ie,551,181,6628,no,735
t@em.ie,551,182,6634,no,736
t@em.ie,552,182,6639,no,737
t@em.ie,553,182,6649,no,738
t@em.ie,553,183,6654,no,739
t@em.ie,554,183,6665,no,740
t@em.ie,555,183,6672,no,741
t@em.ie,556,183,6686,no,742
t@em.ie,557,183,6694,no,743
t@em.ie,558,183,6703,no,744
t@em.ie,559,183,6711,no,745
t@em.ie,560,183,6717,no,746
t@em.ie,561,183,6725,no,747
t@em.ie,561,184,6735,no,748
t@em.ie,562,184,6745,no,749
t@em.ie,563,184,6754,no,750
t@em.ie,564,184,6759,no,751
t@em.ie,564,185,6768,no,752
t@em.ie,565,185,6777,no,753
t@em.ie,565,186,6787,no,754
t@em.ie,566,186,6793,no,755
t@em.ie,567,186,6803,no,756
t@em.ie,567,187,6811,no,757
t@em.ie,568,187,6820,no,758
t@em.ie,569,187,6826,no,759
t@em.ie,570,187,6836,no,760
t@em.ie,570,188,6841,no,761
t@em.ie,571,188,6857,no,762
t@em.ie,572,188,6865,no,763
t@em.ie,573,188,6875,no,764
t@em.ie,574,188,6886,no,765
t@em.ie,575,188,6898,no,766
t@em.ie,575,189,6912,no,767
t@em.ie,576,189,6924,no,768
t@em.ie,577,189,6933,no,769
t@em.ie,578,189,6943,no,770
t@em.ie,578,190,6954,no,771
t@em.ie,578,191,6960,no,772
t@em.ie,579,191,6967,no,773
t@em.ie,580,191,6975,no,774
t@em.ie,580,192,6982,no,775
t@em.ie,581,192,6991,no,776
t@em.ie,582,192,7000,no,777
t@em.ie,583,192,7009,no,778
t@em.ie,584,192,7017,no,779
t@em.ie,584,193,7030,no,780
t@em.ie,585,193,7038,no,781
t@em.ie,586,193,7044,no,782
t@em.ie,587,193,7048,no,783
t@em.ie,588,193,7052,no,784
t@em.ie,589,193,7071,no,785
t@em.ie,590,193,7082,no,786
t@em.ie,591,193,7088,no,787
t@em.ie,592,193,7094,no,788
t@em.ie,593,193,7105,no,789
t@em.ie,594,193,7116,no,790
t@em.ie,595,193,7123,no,791
t@em.ie,595,194,7130,no,792
t@em.ie,596,194,7142,no,793
t@em.ie,597,194,7146,no,794
t@em.ie,597,195,7154,no,795
t@em.ie,598,195,7160,no,796
t@em.ie,599,195,7172,no,797
t@em.ie,600,195,7184,no,798
t@em.ie,601,195,7190,no,799
t@em.ie,602,195,7197,no,800
t@em.ie,603,195,7205,no,801
t@em.ie,604,195,7209,no,802
t@em.ie,604,196,7220,no,803
t@em.ie,604,197,7237,no,804
t@em.ie,605,197,7241,no,805
t@em.ie,606,197,7252,no,806
t@em.ie,607,197,7261,no,807
t@em.ie,608,197,7272,no,808
t@em.ie,608,198,7284,no,809
t@em.ie,608,199,7296,no,810
t@em.ie,608,200,7301,no,811
t@em.ie,608,201,7308,no,812
t@em.ie,608,202,7319,no,813
t@em.ie,608,203,7324,no,814
t@em.ie,608,204,7333,no,815
t@em.ie,609,204,7344,no,816
t@em.ie,609,205,7353,no,817
t@em.ie,609,206,7359,no,818
t@em.ie,610,206,7364,no,819
t@em.ie,611,206,7372,no,820
t@em.ie,612,206,7380,no,821
t@em.ie,613,206,7393,no,822
t@em.ie,614,206,7400,no,823
t@em.ie,615,206,7407,no,824
t@em.ie,616,206,7417,no,825
t@em.ie,617,206,7429,no,826
t@em.ie,617,207,7441,no,827
t@em.ie,618,207,7452,no,828
t@em.ie,619,207,7461,no,829
t@em.ie,620,207,7466,no,830
t@em.ie,621,207,7475,no,831
t@em.ie,622,207,7481,no,832
t@em.ie,623,207,7495,no,833
t@em.ie,624,207,7504,no,834
t@em.ie,625,207,7514,no,835
t@em.ie,626,207,7522,no,836
t@em.ie,627,207,7533,no,837
t@em.ie,628,207,7540,no,838
t@em.ie,629,207,7545,no,839
t@em.ie,630,207,7553,no,840
t@em.ie,631,207,7563,no,841
t@em.ie,632,207,7570,no,842
t@em.ie,632,208,7577,no,843
t@em.ie,633,208,7584,no,844
t@em.ie,634,208,7591,no,845
t@em.ie,635,208,7595,no,846
t@em.ie,636,208,7602,no,847
t@em.ie,636,209,7619,no,848
t@em.ie,637,209,7629,no,849
t@em.ie,637,210,7640,no,850
t@em.ie,638,210,7650,no,851
t@em.ie,639,210,7655,no,852
t@em.ie,640,210,7665,no,853
t@em.ie,641,210,7673,no,854
t@em.ie,642,210,7682,no,855
t@em.ie,643,210,7689,no,856
t@em.ie,644,210,7693,no,857
t@em.ie,645,210,7700,no,858
t@em.ie,645,210,7721,yes,859
t@em.ie,646,210,7732,no,860
t@em.ie,647,210,7738,no,861
t@em.ie,648,210,7746,no,862
t@em.ie,649,210,7753,no,863
t@em.ie,650,210,7758,no,864
t@em.ie,651,210,7769,no,865
t@em.ie,651,211,7775,no,866
t@em.ie,652,211,7779,no,867
t@em.ie,653,211,7787,no,868
t@em.ie,654,211,7800,no,869
t@em.ie,655,211,7813,no,870
t@em.ie,656,211,7822,no,871
t@em.ie,656,212,7832,no,872
t@em.ie,657,212,7843,no,873
t@em.ie,657,213,7856,no,874
t@em.ie,658,213,7864,no,875
t@em.ie,658,214,7874,no,876
t@em.ie,659,214,7885,no,877
t@em.ie,660,214,7897,no,878
t@em.ie,661,214,7907,no,879
t@em.ie,662,214,7916,no,880
t@em.ie,663,214,7920,no,881
t@em.ie,663,215,7932,no,882
t@em.ie,664,215,7941,no,883
t@em.ie,665,215,7947,no,884
t@em.ie,665,216,7953,no,885
t@em.ie,666,216,7960,no,886
t@em.ie,667,216,7968,no,887
t@em.ie,668,216,7983,no,888
t@em.ie,669,216,7995,no,889
t@em.ie,670,216,8005,no,890
t@em.ie,671,216,8011,no,891
t@em.ie,672,216,8019,no,892
t@em.ie,673,216,8028,no,893
t@em.ie,674,216,8039,no,894
t@em.ie,674,217,8046,no,895
t@em.ie,675,217,8056,no,896
t@em.ie,676,217,8063,no,897
t@em.ie,677,217,8075,no,898
t@em.ie,678,217,8081,no,899
t@em.ie,678,218,8092,no,900
t@em.ie,678,219,8101,no,901
t@em.ie,679,219,8110,no,902
t@em.ie,680,219,8117,no,903
t@em.ie,681,219,8124,no,904
t@em.ie,682,219,8133,no,905
t@em.ie,683,219,8142,no,906
t@em.ie,684,219,8156,no,907
t@em.ie,684,220,8167,no,908
t@em.ie,685,220,8176,no,909
t@em.ie,686,220,8193,no,910
t@em.ie,687,220,8197,no,911
t@em.ie,687,221,8203,no,912
t@em.ie,688,221,8219,no,913
t@em.ie,688,222,8226,no,914
t@em.ie,689,222,8231,no,915
t@em.ie,690,222,8239,no,916
t@em.ie,691,222,8250,no,917
t@em.ie,692,222,8264,no,918
t@em.ie,693,222,8272,no,919
t@em.ie,694,222,8282,no,920
t@em.ie,695,222,8289,no,921
t@em.ie,696,222,8301,no,922
t@em.ie,696,223,8313,no,923
t@em.ie,697,223,8322,no,924
t@em.ie,698,223,8327,no,925
t@em.ie,699,223,8336,no,926
t@em.ie,700,223,8342,no,927
t@em.ie,700,224,8353,no,928
t@em.ie,701,224,8361,no,929
t@em.ie,701,225,8371,no,930
t@em.ie,702,225,8378,no,931
t@em.ie,703,225,8392,no,932
t@em.ie,704,225,8404,no,933
t@em.ie,705,225,8409,no,934
t@em.ie,706,225,8420,no,935
t@em.ie,707,225,8432,no,936
t@em.ie,708,225,8438,no,937
t@em.ie,709,225,8449,no,938
t@em.ie,709,226,8459,no,939
t@em.ie,709,227,8470,no,940
t@em.ie,709,228,8480,no,941
t@em.ie,710,228,8486,no,942
t@em.ie,710,229,8496,no,943
t@em.ie,711,229,8507,no,944
t@em.ie,711,230,8520,no,945
t@em.ie,711,231,8528,no,946
t@em.ie,712,231,8535,no,947
t@em.ie,713,231,8548,no,948
t@em.ie,714,231,8553,no,949
t@em.ie,715,231,8560,no,950
t@em.ie,716,231,8571,no,951
t@em.ie,716,232,8578,no,952
t@em.ie,716,233,8584,no,953
t@em.ie,717,233,8595,no,954
t@em.ie,717,234,8607,no,955
t@em.ie,718,234,8611,no,956
t@em.ie,718,235,8620,no,957
t@em.ie,719,235,8630,no,958
t@em.ie,720,235,8634,no,959
t@em.ie,721,235,8641,no,960
t@em.ie,722,235,8649,no,961
t@em.ie,723,235,8660,no,962
t@em.ie,723,236,8669,no,963
t@em.ie,724,236,8673,no,964
t@em.ie,725,236,8679,no,965
t@em.ie,725,237,8698,no,966
t@em.ie,726,237,8705,no,967
t@em.ie,727,237,8719,no,968
t@em.ie,728,237,8730,no,969
t@em.ie,729,237,8736,no,970
t@em.ie,729,238,8747,no,971
t@em.ie,730,238,8761,no,972
t@em.ie,731,238,8767,no,973
t@em.ie,731,238,8788,yes,974
t@em.ie,732,238,8802,no,975
t@em.ie,732,239,8811,no,976
t@em.ie,733,239,8818,no,977
t@em.ie,733,240,8832,no,978
t@em.ie,734,240,8839,no,979
t@em.ie,734,241,8849,no,980
t@em.ie,735,241,8864,no,981
t@em.ie,735,242,8879,no,982
t@em.ie,735,243,8891,no,983
t@em.ie,736,243,8900,no,984
t@em.ie,737,243,8912,no,985
t@em.ie,737,244,8922,no,986
t@em.ie,737,245,8929,no,987
t@em.ie,738,245,8939,no,988
t@em.ie,739,245,8946,no,989
t@em.ie,740,245,8955,no,990
t@em.ie,740,246,8963,no,991
t@em.ie,741,246,8970,no,992
t@em.ie,741,247,8976,no,993
t@em.ie,741,248,8987,no,994
t@em.ie,742,248,8994,no,995
t@em.ie,743,248,8998,no,996
t@em.ie,743,249,9012,no,997
t@em.ie,743,250,9021,no,998
t@em.ie,743,251,9028,no,999
t@em.ie,743,252,9035,no,1000
t@em.ie,1,0,10,no,1
t@em.ie,1,1,17,no,2
t@em.ie,1,2,25,no,3
t@em.ie,2,2,36,no,4
t@em.ie,3,2,44,no,5
t@em.ie,3,3,53,no,6
t@em.ie,4,3,58,no,7
t@em.ie,4,4,68,no,8
t@em.ie,5,4,76,no,9
t@em.ie,5,5,85,no,10
t@em.ie,5,6,97,no,11
t@em.ie,5,7,109,no,12
t@em.ie,6,7,121,no,13
t@em.ie,7,7,128,no,14
t@em.ie,8,7,137,no,15
t@em.ie,9,7,145,no,16
t@em.ie,10,7,150,no,17
t@em.ie,11,7,159,no,18
t@em.ie,12,7,168,no,19
t@em.ie,13,7,174,no,20
t@em.ie,14,7,180,no,21
t@em.ie,15,7,185,no,22
t@em.ie,16,7,194,no,23
t@em.ie,17,7,206,no,24
t@em.ie,17,8,220,no,25
t@em.ie,18,8,228,no,26
t@em.ie,19,8,237,no,27
t@em.ie,20,8,243,no,28
t@em.ie,21,8,255,no,29
t@em.ie,22,8,266,no,30
t@em.ie,22,9,274,no,31
t@em.ie,23,9,285,no,32
t@em.ie,23,10,293,no,33
t@em.ie,24,10,305,no,34
t@em.ie,24,11,313,no,35
t@em.ie,25,11,320,no,36
t@em.ie,26,11,327,no,37
t@em.ie,27,11,336,no,38
t@em.ie,28,11,349,no,39
t@em.ie,29,11,356,no,40
t@em.ie,30,11,361,no,41
t@em.ie,30,12,370,no,42
t@em.ie,30,13,375,no,43
t@em.ie,31,13,389,no,44
t@em.ie,32,13,402,no,45
t@em.ie,32,14,413,no,46
t@em.ie,33,14,420,no,47
t@em.ie,34,14,429,no,48
t@em.ie,35,14,443,no,49
t@em.ie,36,14,455,no,50
t@em.ie,37,14,466,no,51
t@em.ie,37,15,473,no,52
t@em.ie,38,15,482,no,53
t@em.ie,38,16,494,no,54
t@em.ie,39,16,502,no,55
t@em.ie,40,16,507,no,56
t@em.ie,41,16,516,no,57
t@em.ie,42,16,522,no,58
t@em.ie,42,17,534,no,59
t@em.ie,42,18,546,no,60
t@em.ie,42,19,553,no,61
t@em.ie,42,20,563,no,62
t@em.ie,43,20,572,no,63
t@em.ie,44,20,585,no,64
t@em.ie,44,21,598,no,65
t@em.ie,45,21,606,no,66
t@em.ie,45,22,613,no,67
t@em.ie,46,22,618,no,68
t@em.ie,46,23,628,no,69
t@em.ie,46,24,634,no,70
t@em.ie,47,24,646,no,71
t@em.ie,48,24,654,no,72
t@em.ie,48,25,665,no,73
t@em.ie,49,25,669,no,74
t@em.ie,50,25,676,no,75
t@em.ie,51,25,686,no,76
t@em.ie,52,25,693,no,77
t@em.ie,53,25,700,no,78
t@em.ie,54,25,708,no,79
t@em.ie,55,25,719,no,80
t@em.ie,56,25,730,no,81
t@em.ie,57,25,736,no,82
t@em.ie,58,25,741,no,83
t@em.ie,58,26,751,no,84
t@em.ie,59,26,759,no,85
t@em.ie,60,26,764,no,86
t@em.ie,61,26,771,no,87
t@em.ie,62,26,778,no,88
t@em.ie,63,26,790,no,89
t@em.ie,63,27,798,no,90
t@em.ie,64,27,806,no,91
t@em.ie,64,28,816,no,92
t@em.ie,65,28,824,no,93
t@em.ie,66,28,833,no,94
t@em.ie,67,28,850,no,95
t@em.ie,67,29,859,no,96
t@em.ie,68,29,865,no,97
t@em.ie,69,29,877,no,98
t@em.ie,70,29,886,no,99
t@em.ie,70,30,893,no,100
t@em.ie,71,30,901,no,101
t@em.ie,72,30,910,no,102
t@em.ie,73,30,917,no,103
t@em.ie,74,30,926,no,104
t@em.ie,74,31,942,no,105
t@em.ie,74,32,952,no,106
t@em.ie,74,33,963,no,107
t@em.ie,75,33,969,no,108
t@em.ie,76,33,980,no,109
t@em.ie,76,34,990,no,110
t@em.ie,77,34,1006,no,111
t@em.ie,78,34,1011,no,112
t@em.ie,79,34,1015,no,113
t@em.ie,80,34,1023,no,114
t@em.ie,80,35,1033,no,115
t@em.ie,81,35,1042,no,116
t@em.ie,82,35,1058,no,117
t@em.ie,83,35,1062,no,118
t@em.ie,84,35,1069,no,119
t@em.ie,84,36,1078,no,120
t@em.ie,84,37,1085,no,121
t@em.ie,84,38,1091,no,122
t@em.ie,85,38,1101,no,123
t@em.ie,86,38,1109,no,124
t@em.ie,86,39,1119,no,125
t@em.ie,87,39,1127,no,126
t@em.ie,88,39,1138,no,127
t@em.ie,89,39,1148,no,128
t@em.ie,90,39,1159,no,129
t@em.ie,91,39,1165,no,130
t@em.ie,92,39,1178,no,131
t@em.ie,93,39,1191,no,132
t@em.ie,94,39,1196,no,133
t@em.ie,95,39,1201,no,134
t@em.ie,96,39,1207,no,135
t@em.ie,96,40,1218,no,136
t@em.ie,97,40,1227,no,137
t@em.ie,98,40,1233,no,138
t@em.ie,99,40,1239,no,139
t@em.ie,100,40,1246,no,140
t@em.ie,101,40,1255,no,141
t@em.ie,101,41,1261,no,142
t@em.ie,102,41,1273,no,143
t@em.ie,103,41,1282,no,144
t@em.ie,104,41,1289,no,145
t@em.ie,105,41,1295,no,146
t@em.ie,106,41,1305,no,147
t@em.ie,106,42,1314,no,148
t@em.ie,107,42,1325,no,149
t@em.ie,108,42,1332,no,150
t@em.ie,109,42,1337,no,151
t@em.ie,110,42,1347,no,152
t@em.ie,111,42,1355,no,153
t@em.ie,112,42,1367,no,154
t@em.ie,113,42,1375,no,155
t@em.ie,114,42,1385,no,156
t@em.ie,115,42,1393,no,157
t@em.ie,116,42,1404,no,158
t@em.ie,117,42,1415,no,159
t@em.ie,118,42,1422,no,160
t@em.ie,118,43,1431,no,161
t@em.ie,119,43,1438,no,162
t@em.ie,120,43,1445,no,163
t@em.ie,120,44,1459,no,164
t@em.ie,121,44,1465,no,165
t@em.ie,121,45,1474,no,166
t@em.ie,122,45,1484,no,167
t@em.ie,122,46,1494,no,168
t@em.ie,123,46,1498,no,169
t@em.ie,124,46,1509,no,170
t@em.ie,125,46,1517,no,171
t@em.ie,126,46,1521,no,172
t@em.ie,126,47,1537,no,173
t@em.ie,127,47,1545,no,174
t@em.ie,127,48,1554,no,175
t@em.ie,128,48,1561,no,176
t@em.ie,129,48,1569,no,177
t@em.ie,130,48,1576,no,178
t@em.ie,131,48,1586,no,179
t@em.ie,132,48,1596,no,180
t@em.ie,133,48,1606,no,181
t@em.ie,134,48,1616,no,182
t@em.ie,135,48,1624,no,183
t@em.ie,135,49,1630,no,184
t@em.ie,136,49,1637,no,185
t@em.ie,136,50,1644,no,186
t@em.ie,137,50,1653,no,187
t@em.ie,138,50,1660,no,188
t@em.ie,138,51,1667,no,189
t@em.ie,139,51,1678,no,190
t@em.ie,140,51,1686,no,191
t@em.ie,140,52,1699,no,192
t@em.ie,141,52,1708,no,193
t@em.ie,142,52,1720,no,194
t@em.ie,143,52,1729,no,195
t@em.ie,144,52,1735,no,196
t@em.ie,145,52,1743,no,197
t@em.ie,146,52,1754,no,198
t@em.ie,146,53,1763,no,199
t@em.ie,146,54,1771,no,200
t@em.ie,147,54,1778,no,201
t@em.ie,148,54,1783,no,202
t@em.ie,149,54,1791,no,203
t@em.ie,150,54,1799,no,204
t@em.ie,150,55,1808,no,205
t@em.ie,150,56,1821,no,206
t@em.ie,150,57,1840,no,207
t@em.ie,151,57,1847,no,208
t@em.ie,152,57,1859,no,209
t@em.ie,152,58,1869,no,210
t@em.ie,153,58,1876,no,211
t@em.ie,153,59,1884,no,212
t@em.ie,154,59,1892,no,213
t@em.ie,155,59,1910,no,214
t@em.ie,156,59,1916,no,215
t@em.ie,157,59,1927,no,216
t@em.ie,158,59,1934,no,217
t@em.ie,159,59,1943,no,218
t@em.ie,159,60,1952,no,219
t@em.ie,160,60,1962,no,220
t@em.ie,161,60,1973,no,221
t@em.ie,162,60,1982,no,222
t@em.ie,162,61,1987,no,223
t@em.ie,162,62,1995,no,224
t@em.ie,162,63,2002,no,225
t@em.ie,163,63,2011,no,226
t@em.ie,164,63,2017,no,227
t@em.ie,164,64,2026,no,228
t@em.ie,165,64,2033,no,229
t@em.ie,166,64,2037,no,230
t@em.ie,167,64,2048,no,231
t@em.ie,168,64,2057,no,232
t@em.ie,169,64,2077,no,233
t@em.ie,170,64,2090,no,234
t@em.ie,170,65,2097,no,235
t@em.ie,171,65,2104,no,236
t@em.ie,172,65,2109,no,237
t@em.ie,173,65,2114,no,238
t@em.ie,174,65,2123,no,239
t@em.ie,175,65,2131,no,240
t@em.ie,176,65,2139,no,241
t@em.ie,176,66,2147,no,242
t@em.ie,177,66,2156,no,243
t@em.ie,177,67,2171,no,244
t@em.ie,177,68,2182,no,245
t@em.ie,178,68,2193,no,246
t@em.ie,179,68,2200,no,247
t@em.ie,179,69,2210,no,248
t@em.ie,179,70,2219,no,249
t@em.ie,180,70,2223,no,250
t@em.ie,181,70,2230,no,251
t@em.ie,182,70,2237,no,252
t@em.ie,183,70,2241,no,253
t@em.ie,184,70,2251,no,254
t@em.ie,184,71,2264,no,255
t@em.ie,185,71,2272,no,256
t@em.ie,186,71,2281,no,257
t@em.ie,187,71,2293,no,258
t@em.ie,188,71,2305,no,259
t@em.ie,189,71,2313,no,260
t@em.ie,190,71,2320,no,261
t@em.ie,191,71,2327,no,262
t@em.ie,192,71,2336,no,263
t@em.ie,193,71,2340,no,264
t@em.ie,194,71,2353,no,265
t@em.ie,195,71,2362,no,266
t@em.ie,195,72,2371,no,267
t@em.ie,196,72,2378,no,268
t@em.ie,197,72,2383,no,269
t@em.ie,198,72,2396,no,270
t@em.ie,199,72,2404,no,271
t@em.ie,200,72,2412,no,272
t@em.ie,200,73,2422,no,273
t@em.ie,201,73,2429,no,274
t@em.ie,202,73,2433,no,275
t@em.ie,203,73,2444,no,276
t@em.ie,204,73,2455,no,277
t@em.ie,205,73,2464,no,278
t@em.ie,205,74,2469,no,279
t@em.ie,205,75,2479,no,280
t@em.ie,206,75,2495,no,281
t@em.ie,207,75,2506,no,282
t@em.ie,208,75,2513,no,283
t@em.ie,209,75,2520,no,284
t@em.ie,210,75,2528,no,285
t@em.ie,211,75,2535,no,286
t@em.ie,212,75,2541,no,287
t@em.ie,213,75,2552,no,288
t@em.ie,214,75,2562,no,289
t@em.ie,215,75,2569,no,290
t@em.ie,216,75,2583,no,291
t@em.ie,216,76,2594,no,292
t@em.ie,216,77,2600,no,293
t@em.ie,217,77,2613,no,294
t@em.ie,217,78,2625,no,295
t@em.ie,217,79,2633,no,296
t@em.ie,218,79,2648,no,297
t@em.ie,219,79,2654,no,298
t@em.ie,220,79,2663,no,299
t@em.ie,221,79,2671,no,300
t@em.ie,221,80,2677,no,301
t@em.ie,222,80,2682,no,302
t@em.ie,222,81,2689,no,303
t@em.ie,223,81,2693,no,304
t@em.ie,224,81,2701,no,305
t@em.ie,225,81,2715,no,306
t@em.ie,225,82,2726,no,307
t@em.ie,226,82,2737,no,308
t@em.ie,226,83,2741,no,309
t@em.ie,227,83,2749,no,310
t@em.ie,227,84,2755,no,311
t@em.ie,227,85,2761,no,312
t@em.ie,228,85,2766,no,313
t@em.ie,228,86,2774,no,314
t@em.ie,229,86,2785,no,315
t@em.ie,230,86,2795,no,316
t@em.ie,231,86,2801,no,317
t@em.ie,232,86,2807,no,318
t@em.ie,233,86,2818,no,319
t@em.ie,233,87,2829,no,320
t@em.ie,234,87,2834,no,321
t@em.ie,234,88,2848,no,322
t@em.ie,235,88,2857,no,323
t@em.ie,236,88,2870,no,324
t@em.ie,237,88,2877,no,325
t@em.ie,238,88,2885,no,326
t@em.ie,239,88,2897,no,327
t@em.ie,239,89,2906,no,328
t@em.ie,240,89,2918,no,329
t@em.ie,240,90,2927,no,330
t@em.ie,241,90,2935,no,331
t@em.ie,242,90,2942,no,332
t@em.ie,242,91,2951,no,333
t@em.ie,243,91,2958,no,334
t@em.ie,244,91,2967,no,335
t@em.ie,245,91,2976,no,336
t@em.ie,246,91,2986,no,337
t@em.ie,246,92,2991,no,338
t@em.ie,247,92,2998,no,339
t@em.ie,247,93,3003,no,340
t@em.ie,248,93,3015,no,341
t@em.ie,248,94,3031,no,342
t@em.ie,248,95,3041,no,343
t@em.ie,249,95,3050,no,344
t@em.ie,250,95,3058,no,345
t@em.ie,251,95,3065,no,346
t@em.ie,251,96,3072,no,347
t@em.ie,252,96,3076,no,348
t@em.ie,253,96,3083,no,349
t@em.ie,254,96,3095,no,350
t@em.ie,255,96,3106,no,351
t@em.ie,256,96,3115,no,352
t@em.ie,257,96,3122,no,353
t@em.ie,258,96,3133,no,354
t@em.ie,259,96,3137,no,355
t@em.ie,259,97,3144,no,356
t@em.ie,259,98,3154,no,357
t@em.ie,260,98,3161,no,358
t@em.ie,261,98,3168,no,359
t@em.ie,262,98,3176,no,360
t@em.ie,263,98,3182,no,361
t@em.ie,264,98,3195,no,362
t@em.ie,265,98,3205,no,363
t@em.ie,266,98,3211,no,364
t@em.ie,267,98,3219,no,365
t@em.ie,268,98,3228,no,366
t@em.ie,269,98,3237,no,367
t@em.ie,270,98,3243,no,368
t@em.ie,271,98,3249,no,369
t@em.ie,272,98,3257,no,370
t@em.ie,273,98,3265,no,371
t@em.ie,273,99,3274,no,372
t@em.ie,273,100,3283,no,373
t@em.ie,273,101,3291,no,374
t@em.ie,274,101,3300,no,375
t@em.ie,274,102,3312,no,376
t@em.ie,275,102,3320,no,377
t@em.ie,276,102,3328,no,378
t@em.ie,276,103,3339,no,379
t@em.ie,277,103,3350,no,380
t@em.ie,278,103,3359,no,381
t@em.ie,279,103,3368,no,382
t@em.ie,279,104,3380,no,383
t@em.ie,279,105,3386,no,384
t@em.ie,279,106,3395,no,385
t@em.ie,280,106,3404,no,386
t@em.ie,281,106,3415,no,387
t@em.ie,281,107,3427,no,388
t@em.ie,282,107,3434,no,389
t@em.ie,283,107,3439,no,390
t@em.ie,284,107,3447,no,391
t@em.ie,284,108,3463,no,392
t@em.ie,284,109,3468,no,393
t@em.ie,284,110,3481,no,394
t@em.ie,285,110,3486,no,395
t@em.ie,286,110,3500,no,396
t@em.ie,286,111,3509,no,397
t@em.ie,287,111,3521,no,398
t@em.ie,288,111,3526,no,399
t@em.ie,289,111,3539,no,400
t@em.ie,289,112,3548,no,401
t@em.ie,290,112,3554,no,402
t@em.ie,291,112,3564,no,403
t@em.ie,292,112,3577,no,404
t@em.ie,293,112,3594,no,405
t@em.ie,294,112,3604,no,406
t@em.ie,294,113,3615,no,407
t@em.ie,295,113,3628,no,408
t@em.ie,296,113,3646,no,409
t@em.ie,297,113,3652,no,410
t@em.ie,297,114,3666,no,411
t@em.ie,298,114,3673,no,412
t@em.ie,298,115,3681,no,413
t@em.ie,299,115,3693,no,414
t@em.ie,300,115,3700,no,415
t@em.ie,301,115,3709,no,416
t@em.ie,302,115,3715,no,417
t@em.ie,303,115,3724,no,418
t@em.ie,304,115,3733,no,419
t@em.ie,305,115,3742,no,420
t@em.ie,306,115,3750,no,421
t@em.ie,307,115,3758,no,422
t@em.ie,308,115,3768,no,423
t@em.ie,309,115,3776,no,424
t@em.ie,310,115,3786,no,425
t@em.ie,311,115,3793,no,426
t@em.ie,311,116,3799,no,427
t@em.ie,312,116,3806,no,428
t@em.ie,313,116,3818,no,429
t@em.ie,314,116,3828,no,430
t@em.ie,315,116,3833,no,431
t@em.ie,316,116,3840,no,432
t@em.ie,316,117,3853,no,433
t@em.ie,317,117,3861,no,434
t@em.ie,317,118,3871,no,435
t@em.ie,318,118,3881,no,436
t@em.ie,319,118,3889,no,437
t@em.ie,319,119,3901,no,438
t@em.ie,320,119,3912,no,439
t@em.ie,321,119,3918,no,440
t@em.ie,322,119,3925,no,441
t@em.ie,323,119,3933,no,442
t@em.ie,324,119,3942,no,443
t@em.ie,325,119,3949,no,444
t@em.ie,326,119,3959,no,445
t@em.ie,327,119,3973,no,446
t@em.ie,328,119,3981,no,447
t@em.ie,328,120,3993,no,448
t@em.ie,328,121,4005,no,449
t@em.ie,329,121,4015,no,450
t@em.ie,330,121,4025,no,451
t@em.ie,331,121,4031,no,452
t@em.ie,332,121,4037,no,453
t@em.ie,333,121,4053,no,454
t@em.ie,333,122,4060,no,455
t@em.ie,334,122,4071,no,456
t@em.ie,335,122,4081,no,457
t@em.ie,335,123,4088,no,458
t@em.ie,336,123,4098,no,459
t@em.ie,337,123,4105,no,460
t@em.ie,337,124,4114,no,461
t@em.ie,338,124,4125,no,462
t@em.ie,339,124,4132,no,463
t@em.ie,340,124,4140,no,464
t@em.ie,341,124,4150,no,465
t@em.ie,342,124,4158,no,466
t@em.ie,342,125,4173,no,467
t@em.ie,343,125,4187,no,468
t@em.ie,344,125,4200,no,469
t@em.ie,344,126,4213,no,470
t@em.ie,345,126,4221,no,471
t@em.ie,346,126,4231,no,472
t@em.ie,347,126,4239,no,473
t@em.ie,348,126,4245,no,474
t@em.ie,349,126,4255,no,475
t@em.ie,349,127,4260,no,476
t@em.ie,350,127,4268,no,477
t@em.ie,351,127,4276,no,478
t@em.ie,352,127,4289,no,479
t@em.ie,352,128,4299,no,480
t@em.ie,353,128,4304,no,481
t@em.ie,354,128,4310,no,482
t@em.ie,354,129,4322,no,483
t@em.ie,355,129,4330,no,484
t@em.ie,356,129,4337,no,485
t@em.ie,357,129,4345,no,486
t@em.ie,358,129,4352,no,487
t@em.ie,359,129,4361,no,488
t@em.ie,359,130,4372,no,489
t@em.ie,360,130,4379,no,490
t@em.ie,361,130,4387,no,491
t@em.ie,361,131,4391,no,492
t@em.ie,362,131,4403,no,493
t@em.ie,363,131,4407,no,494
t@em.ie,364,131,4415,no,495
t@em.ie,365,131,4423,no,496
t@em.ie,366,131,4431,no,497
t@em.ie,367,131,4440,no,498
t@em.ie,368,131,4448,no,499
t@em.ie,369,131,4457,no,500
t@em.ie,370,131,4465,no,501
t@em.ie,371,131,4471,no,502
t@em.ie,372,131,4478,no,503
t@em.ie,372,132,4491,no,504
t@em.ie,373,132,4500,no,505
t@em.ie,374,132,4506,no,506
t@em.ie,375,132,4514,no,507
t@em.ie,376,132,4525,no,508
t@em.ie,377,132,4544,no,509
t@em.ie,377,133,4550,no,510
t@em.ie,378,133,4557,no,511
t@em.ie,379,133,4565,no,512
t@em.ie,380,133,4569,no,513
t@em.ie,381,133,4576,no,514
t@em.ie,382,133,4583,no,515
t@em.ie,382,134,4593,no,516
t@em.ie,382,135,4600,no,517
t@em.ie,383,135,4612,no,518
t@em.ie,383,136,4621,no,519
t@em.ie,384,136,4631,no,520
t@em.ie,384,137,4643,no,521
t@em.ie,385,137,4654,no,522
t@em.ie,386,137,4663,no,523
t@em.ie,387,137,4668,no,524
t@em.ie,387,138,4677,no,525
t@em.ie,388,138,4692,no,526
t@em.ie,388,139,4702,no,527
t@em.ie,389,139,4711,no,528
t@em.ie,390,139,4718,no,529
t@em.ie,391,139,4729,no,530
t@em.ie,391,140,4739,no,531
t@em.ie,392,140,4748,no,532
t@em.ie,393,140,4760,no,533
t@em.ie,393,141,4770,no,534
t@em.ie,394,141,4784,no,535
t@em.ie,395,141,4793,no,536
t@em.ie,396,141,4800,no,537
t@em.ie,397,141,4811,no,538
t@em.ie,398,141,4820,no,539
t@em.ie,399,141,4832,no,540
t@em.ie,400,141,4842,no,541
t@em.ie,401,141,4848,no,542
t@em.ie,402,141,4856,no,543
t@em.ie,403,141,4861,no,544
t@em.ie,404,141,4875,no,545
t@em.ie,405,141,4883,no,546
t@em.ie,406,141,4896,no,547
t@em.ie,406,142,4912,no,548
t@em.ie,406,143,4927,no,549
t@em.ie,407,143,4935,no,550
t@em.ie,408,143,4945,no,551
t@em.ie,409,143,4953,no,552
t@em.ie,409,144,4957,no,553
t@em.ie,410,144,4967,no,554
t@em.ie,411,144,4979,no,555
t@em.ie,412,144,4989,no,556
t@em.ie,413,144,4999,no,557
t@em.ie,414,144,5006,no,558
t@em.ie,414,145,5015,no,559
t@em.ie,415,145,5024,no,560
t@em.ie,416,145,5036,no,561
t@em.ie,417,145,5043,no,562
t@em.ie,418,145,5050,no,563
t@em.ie,419,145,5055,no,564
t@em.ie,420,145,5070,no,565
t@em.ie,420,146,5079,no,566
t@em.ie,421,146,5085,no,567
t@em.ie,421,147,5095,no,568
t@em.ie,421,148,5108,no,569
t@em.ie,422,148,5117,no,570
t@em.ie,422,149,5126,no,571
t@em.ie,423,149,5133,no,572
t@em.ie,424,149,5142,no,573
t@em.ie,425,149,5152,no,574
t@em.ie,426,149,5162,no,575
t@em.ie,427,149,5170,no,576
t@em.ie,427,150,5177,no,577
t@em.ie,428,150,5182,no,578
t@em.ie,429,150,5195,no,579
t@em.ie,429,151,5206,no,580
t@em.ie,429,152,5219,no,581
t@em.ie,429,153,5234,no,582
t@em.ie,430,153,5241,no,583
t@em.ie,430,154,5248,no,584
t@em.ie,430,155,5255,no,585
t@em.ie,431,155,5260,no,586
t@em.ie,432,155,5271,no,587
t@em.ie,433,155,5276,no,588
t@em.ie,434,155,5280,no,589
t@em.ie,434,156,5288,no,590
t@em.ie,435,156,5292,no,591
t@em.ie,436,156,5299,no,592
t@em.ie,437,156,5310,no,593
t@em.ie,438,156,5318,no,594
t@em.ie,439,156,5336,no,595
t@em.ie,440,156,5348,no,596
t@em.ie,441,156,5356,no,597
t@em.ie,442,156,5363,no,598
t@em.ie,443,156,5373,no,599
t@em.ie,443,157,5385,no,600
t@em.ie,444,157,5393,no,601
t@em.ie,445,157,5404,no,602
t@em.ie,446,157,5413,no,603
t@em.ie,447,157,5419,no,604
t@em.ie,448,157,5428,no,605
t@em.ie,449,157,5432,no,606
t@em.ie,449,158,5445,no,607
t@em.ie,450,158,5450,no,608
t@em.ie,451,158,5461,no,609
t@em.ie,452,158,5469,no,610
t@em.ie,453,158,5480,no,611
t@em.ie,454,158,5485,no,612
t@em.ie,454,159,5501,no,613
t@em.ie,455,159,5511,no,614
t@em.ie,456,159,5518,no,615
t@em.ie,456,160,5527,no,616
t@em.ie,457,160,5537,no,617
t@em.ie,458,160,5550,no,618
t@em.ie,459,160,5561,no,619
t@em.ie,460,160,5567,no,620
t@em.ie,461,160,5577,no,621
t@em.ie,461,161,5588,no,622
t@em.ie,462,161,5599,no,623
t@em.ie,463,161,5609,no,624
t@em.ie,464,161,5623,no,625
t@em.ie,465,161,5630,no,626
t@em.ie,466,161,5639,no,627
t@em.ie,466,162,5646,no,628
t@em.ie,467,162,5655,no,629
t@em.ie,467,163,5663,no,630
t@em.ie,467,164,5675,no,631
t@em.ie,468,164,5684,no,632
t@em.ie,469,164,5692,no,633
t@em.ie,470,164,5702,no,634
t@em.ie,471,164,5707,no,635
t@em.ie,471,165,5719,no,636
t@em.ie,472,165,5727,no,637
t@em.ie,473,165,5739,no,638
t@em.ie,473,166,5747,no,639
t@em.ie,473,167,5755,no,640
t@em.ie,473,168,5760,no,641
t@em.ie,474,168,5764,no,642
t@em.ie,475,168,5770,no,643
t@em.ie,476,168,5777,no,644
t@em.ie,476,169,5784,no,645
t@em.ie,477,169,5792,no,646
t@em.ie,477,170,5803,no,647
t@em.ie,478,170,5812,no,648
t@em.ie,479,170,5821,no,649
t@em.ie,480,170,5830,no,650
t@em.ie,481,170,5837,no,651
t@em.ie,482,170,5843,no,652
t@em.ie,482,171,5855,no,653
t@em.ie,483,171,5868,no,654
t@em.ie,483,172,5879,no,655
t@em.ie,484,172,5889,no,656
t@em.ie,484,173,5898,no,657
t@em.ie,485,173,5907,no,658
t@em.ie,485,174,5920,no,659
t@em.ie,486,174,5931,no,660
t@em.ie,486,175,5941,no,661
t@em.ie,487,175,5947,no,662
t@em.ie,487,176,5959,no,663
t@em.ie,488,176,5975,no,664
t@em.ie,489,176,5982,no,665
t@em.ie,490,176,5988,no,666
t@em.ie,490,177,5998,no,667
t@em.ie,491,177,6003,no,668
t@em.ie,492,177,6007,no,669
t@em.ie,492,178,6013,no,670
t@em.ie,492,179,6019,no,671
t@em.ie,492,180,6030,no,672
t@em.ie,493,180,6039,no,673
t@em.ie,494,180,6046,no,674
t@em.ie,494,181,6054,no,675
t@em.ie,495,181,6064,no,676
t@em.ie,496,181,6073,no,677
t@em.ie,496,182,6082,no,678
t@em.ie,496,183,6093,no,679
t@em.ie,496,184,6102,no,680
t@em.ie,497,184,6106,no,681
t@em.ie,498,184,6116,no,682
t@em.ie,499,184,6126,no,683
t@em.ie,499,185,6134,no,684
t@em.ie,500,185,6141,no,685
t@em.ie,501,185,6151,no,686
t@em.ie,502,185,6156,no,687
t@em.ie,503,185,6165,no,688
t@em.ie,504,185,6174,no,689
t@em.ie,505,185,6180,no,690
t@em.ie,506,185,6186,no,691
t@em.ie,507,185,6192,no,692
t@em.ie,508,185,6199,no,693
t@em.ie,509,185,6210,no,694
t@em.ie,510,185,6223,no,695
t@em.ie,511,185,6234,no,696
t@em.ie,511,186,6247,no,697
t@em.ie,512,186,6261,no,698
t@em.ie,512,187,6273,no,699
t@em.ie,513,187,6279,no,700
t@em.ie,514,187,6290,no,701
t@em.ie,515,187,6294,no,702
t@em.ie,515,188,6299,no,703
t@em.ie,516,188,6307,no,704
t@em.ie,517,188,6312,no,705
t@em.ie,518,188,6318,no,706
t@em.ie,519,188,6324,no,707
t@em.ie,520,188,6333,no,708
t@em.ie,520,189,6341,no,709
t@em.ie,521,189,6351,no,710
t@em.ie,522,189,6362,no,711
t@em.ie,522,190,6375,no,712
t@em.ie,523,190,6388,no,713
t@em.ie,523,191,6398,no,714
t@em.ie,524,191,6405,no,715
t@em.ie,525,191,6416,no,716
t@em.ie,526,191,6424,no,717
t@em.ie,527,191,6435,no,718
t@em.ie,527,192,6445,no,719
t@em.ie,527,193,6450,no,720
t@em.ie,528,193,6459,no,721
t@em.ie,529,193,6467,no,722
t@em.ie,530,193,6475,no,723
t@em.ie,530,194,6487,no,724
t@em.ie,531,194,6497,no,725
t@em.ie,532,194,6503,no,726
t@em.ie,533,194,6511,no,727
t@em.ie,534,194,6515,no,728
t@em.ie,534,195,6524,no,729
t@em.ie,535,195,6533,no,730
t@em.ie,536,195,6539,no,731
t@em.ie,537,195,6547,no,732
t@em.ie,538,195,6552,no,733
t@em.ie,539,195,6557,no,734
t@em.ie,539,196,6564,no,735
t@em.ie,540,196,6574,no,736
t@em.ie,541,196,6582,no,737
t@em.ie,541,197,6596,no,738
t@em.ie,541,198,6605,no,739
t@em.ie,541,199,6614,no,740
t@em.ie,541,200,6626,no,741
t@em.ie,541,201,6637,no,742
t@em.ie,542,201,6644,no,743
t@em.ie,543,201,6652,no,744
t@em.ie,543,202,6663,no,745
t@em.ie,544,202,6669,no,746
t@em.ie,544,203,6681,no,747
t@em.ie,545,203,6686,no,748
t@em.ie,546,203,6692,no,749
t@em.ie,547,203,6699,no,750
t@em.ie,548,203,6705,no,751
t@em.ie,549,203,6712,no,752
t@em.ie,550,203,6723,no,753
t@em.ie,551,203,6731,no,754
t@em.ie,551,204,6743,no,755
t@em.ie,551,205,6754,no,756
t@em.ie,551,206,6773,no,757
t@em.ie,551,207,6782,no,758
t@em.ie,552,207,6792,no,759
t@em.ie,553,207,6797,no,760
t@em.ie,553,208,6809,no,761
t@em.ie,554,208,6825,no,762
t@em.ie,555,208,6844,no,763
t@em.ie,556,208,6853,no,764
t@em.ie,556,209,6860,no,765
t@em.ie,557,209,6868,no,766
t@em.ie,557,210,6876,no,767
t@em.ie,558,210,6884,no,768
t@em.ie,559,210,6891,no,769
t@em.ie,560,210,6895,no,770
t@em.ie,561,210,6902,no,771
t@em.ie,562,210,6911,no,772
t@em.ie,563,210,6918,no,773
t@em.ie,564,210,6923,no,774
t@em.ie,564,211,6936,no,775
t@em.ie,565,211,6944,no,776
t@em.ie,566,211,6953,no,777
t@em.ie,567,211,6963,no,778
t@em.ie,568,211,6968,no,779
t@em.ie,568,212,6974,no,780
t@em.ie,569,212,6982,no,781
t@em.ie,570,212,6991,no,782
t@em.ie,571,212,7000,no,783
t@em.ie,572,212,7006,no,784
t@em.ie,572,213,7015,no,785
t@em.ie,573,213,7022,no,786
t@em.ie,574,213,7034,no,787
t@em.ie,575,213,7042,no,788
t@em.ie,576,213,7053,no,789
t@em.ie,577,213,7068,no,790
t@em.ie,578,213,7079,no,791
t@em.ie,579,213,7091,no,792
t@em.ie,579,214,7102,no,793
t@em.ie,579,215,7113,no,794
t@em.ie,579,216,7127,no,795
t@em.ie,580,216,7137,no,796
t@em.ie,580,217,7149,no,797
t@em.ie,581,217,7157,no,798
t@em.ie,581,218,7165,no,799
t@em.ie,582,218,7179,no,800
t@em.ie,583,218,7186,no,801
t@em.ie,584,218,7195,no,802
t@em.ie,585,218,7208,no,803
t@em.ie,586,218,7215,no,804
t@em.ie,587,218,7225,no,805
t@em.ie,588,218,7233,no,806
t@em.ie,589,218,7243,no,807
t@em.ie,590,218,7248,no,808
t@em.ie,591,218,7261,no,809
t@em.ie,592,218,7267,no,810
t@em.ie,593,218,7278,no,811
t@em.ie,594,218,7287,no,812
t@em.ie,595,218,7295,no,813
t@em.ie,596,218,7300,no,814
t@em.ie,596,219,7306,no,815
t@em.ie,597,219,7318,no,816
t@em.ie,598,219,7328,no,817
t@em.ie,598,220,7337,no,818
t@em.ie,598,221,7347,no,819
t@em.ie,599,221,7353,no,820
t@em.ie,600,221,7363,no,821
t@em.ie,601,221,7369,no,822
t@em.ie,602,221,7376,no,823
t@em.ie,603,221,7389,no,824
t@em.ie,604,221,7400,no,825
t@em.ie,605,221,7410,no,826
t@em.ie,606,221,7421,no,827
t@em.ie,607,221,7428,no,828
t@em.ie,608,221,7438,no,829
t@em.ie,609,221,7445,no,830
t@em.ie,610,221,7453,no,831
t@em.ie,611,221,7461,no,832
t@em.ie,611,222,7472,no,833
t@em.ie,612,222,7480,no,834
t@em.ie,613,222,7490,no,835
t@em.ie,614,222,7504,no,836
t@em.ie,614,223,7515,no,837
t@em.ie,614,224,7520,no,838
t@em.ie,614,225,7527,no,839
t@em.ie,615,225,7535,no,840
t@em.ie,616,225,7546,no,841
t@em.ie,617,225,7560,no,842
t@em.ie,617,226,7573,no,843
t@em.ie,617,227,7584,no,844
t@em.ie,617,228,7599,no,845
t@em.ie,618,228,7606,no,846
t@em.ie,619,228,7613,no,847
t@em.ie,620,228,7626,no,848
t@em.ie,620,229,7638,no,849
t@em.ie,620,230,7645,no,850
t@em.ie,621,230,7656,no,851
t@em.ie,622,230,7667,no,852
t@em.ie,623,230,7675,no,853
t@em.ie,624,230,7687,no,854
t@em.ie,624,231,7698,no,855
t@em.ie,625,231,7709,no,856
t@em.ie,626,231,7713,no,857
t@em.ie,627,231,7723,no,858
t@em.ie,628,231,7733,no,859
t@em.ie,629,231,7739,no,860
t@em.ie,629,232,7747,no,861
t@em.ie,630,232,7757,no,862
t@em.ie,631,232,7763,no,863
t@em.ie,631,233,7771,no,864
t@em.ie,631,234,7780,no,865
t@em.ie,631,235,7791,no,866
t@em.ie,631,236,7803,no,867
t@em.ie,632,236,7810,no,868
t@em.ie,633,236,7822,no,869
t@em.ie,634,236,7832,no,870
t@em.ie,635,236,7838,no,871
t@em.ie,636,236,7845,no,872
t@em.ie,637,236,7850,no,873
t@em.ie,638,236,7862,no,874
t@em.ie,639,236,7867,no,875
t@em.ie,640,236,7876,no,876
t@em.ie,641,236,7884,no,877
t@em.ie,641,237,7893,no,878
t@em.ie,641,238,7901,no,879
t@em.ie,642,238,7909,no,880
t@em.ie,643,238,7916,no,881
t@em.ie,643,239,7926,no,882
t@em.ie,643,240,7935,no,883
t@em.ie,643,241,7946,no,884
t@em.ie,644,241,7957,no,885
t@em.ie,645,241,7967,no,886
t@em.ie,646,241,7978,no,887
t@em.ie,646,242,7991,no,888
t@em.ie,647,242,8001,no,889
t@em.ie,647,243,8010,no,890
t@em.ie,648,243,8017,no,891
t@em.ie,649,243,8029,no,892
t@em.ie,649,244,8042,no,893
t@em.ie,650,244,8050,no,894
t@em.ie,651,244,8054,no,895
t@em.ie,651,245,8060,no,896
t@em.ie,652,245,8070,no,897
t@em.ie,652,246,8078,no,898
t@em.ie,653,246,8087,no,899
t@em.ie,654,246,8097,no,900
t@em.ie,655,246,8108,no,901
t@em.ie,656,246,8127,no,902
t@em.ie,657,246,8132,no,903
t@em.ie,658,246,8142,no,904
t@em.ie,658,247,8154,no,905
t@em.ie,659,247,8162,no,906
t@em.ie,660,247,8170,no,907
t@em.ie,660,248,8179,no,908
t@em.ie,661,248,8186,no,909
t@em.ie,662,248,8193,no,910
t@em.ie,662,249,8208,no,911
t@em.ie,663,249,8221,no,912
t@em.ie,664,249,8231,no,913
t@em.ie,665,249,8239,no,914
t@em.ie,666,249,8252,no,915
t@em.ie,667,249,8264,no,916
t@em.ie,668,249,8271,no,917
t@em.ie,669,249,8279,no,918
t@em.ie,670,249,8287,no,919
t@em.ie,671,249,8291,no,920
t@em.ie,672,249,8298,no,921
t@em.ie,672,250,8309,no,922
t@em.ie,672,251,8319,no,923
t@em.ie,672,252,8328,no,924
t@em.ie,673,252,8337,no,925
t@em.ie,673,253,8348,no,926
t@em.ie,673,254,8361,no,927
t@em.ie,674,254,8369,no,928
t@em.ie,674,255,8379,no,929
t@em.ie,675,255,8389,no,930
t@em.ie,675,256,8399,no,931
t@em.ie,675,256,8420,yes,932
t@em.ie,676,256,8432,no,933
t@em.ie,677,256,8438,no,934
t@em.ie,678,256,8458,no,935
t@em.ie,679,256,8464,no,936
t@em.ie,680,256,8473,no,937
t@em.ie,681,256,8479,no,938
t@em.ie,681,257,8487,no,939
t@em.ie,682,257,8494,no,940
t@em.ie,683,257,8502,no,941
t@em.ie,683,258,8516,no,942
t@em.ie,683,259,8524,no,943
t@em.ie,684,259,8530,no,944
t@em.ie,685,259,8535,no,945
t@em.ie,685,260,8541,no,946
t@em.ie,686,260,8550,no,947
t@em.ie,687,260,8561,no,948
t@em.ie,688,260,8571,no,949
t@em.ie,689,260,8582,no,950
t@em.ie,690,260,8593,no,951
t@em.ie,690,261,8601,no,952
t@em.ie,690,262,8610,no,953
t@em.ie,690,263,8618,no,954
t@em.ie,691,263,8627,no,955
t@em.ie,691,264,8638,no,956
t@em.ie,692,264,8654,no,957
t@em.ie,693,264,8661,no,958
t@em.ie,694,264,8667,no,959
t@em.ie,694,265,8676,no,960
t@em.ie,695,265,8684,no,961
t@em.ie,695,266,8693,no,962
t@em.ie,696,266,8700,no,963
t@em.ie,697,266,8707,no,964
t@em.ie,698,266,8712,no,965
t@em.ie,699,266,8719,no,966
t@em.ie,699,267,8723,no,967
t@em.ie,700,267,8732,no,968
t@em.ie,701,267,8740,no,969
t@em.ie,701,268,8752,no,970
t@em.ie,701,269,8759,no,971
t@em.ie,702,269,8765,no,972
t@em.ie,703,269,8775,no,973
t@em.ie,703,270,8784,no,974
t@em.ie,704,270,8794,no,975
t@em.ie,704,271,8807,no,976
t@em.ie,704,272,8819,no,977
t@em.ie,705,272,8825,no,978
t@em.ie,706,272,8831,no,979
t@em.ie,707,272,8840,no,980
t@em.ie,708,272,8852,no,981
t@em.ie,708,273,8862,no,982
t@em.ie,708,274,8870,no,983
t@em.ie,708,275,8882,no,984
t@em.ie,709,275,8893,no,985
t@em.ie,710,275,8900,no,986
t@em.ie,710,276,8907,no,987
t@em.ie,711,276,8914,no,988
t@em.ie,712,276,8921,no,989
t@em.ie,713,276,8928,no,990
t@em.ie,714,276,8937,no,991
t@em.ie,715,276,8944,no,992
t@em.ie,716,276,8949,no,993
t@em.ie,717,276,8956,no,994
t@em.ie,718,276,8967,no,995
t@em.ie,718,277,8974,no,996
t@em.ie,719,277,8978,no,997
t@em.ie,720,277,8986,no,998
t@em.ie,721,277,8994,no,999
t@em.ie,721,278,9000,no,1000
t@em.ie,1,0,9,no,1
t@em.ie,2,0,18,no,2
t@em.ie,2,1,25,no,3
t@em.ie,3,1,38,no,4
t@em.ie,3,2,46,no,5
t@em.ie,3,3,55,no,6
t@em.ie,4,3,66,no,7
t@em.ie,5,3,83,no,8
t@em.ie,6,3,93,no,9
t@em.ie,7,3,98,no,10
t@em.ie,8,3,105,no,11
t@em.ie,8,4,115,no,12
t@em.ie,9,4,125,no,13
t@em.ie,10,4,135,no,14
t@em.ie,11,4,143,no,15
t@em.ie,12,4,152,no,16
t@em.ie,13,4,158,no,17
t@em.ie,13,5,162,no,18
t@em.ie,14,5,172,no,19
t@em.ie,15,5,183,no,20
t@em.ie,15,6,197,no,21
t@em.ie,15,7,206,no,22
t@em.ie,16,7,218,no,23
t@em.ie,17,7,225,no,24
t@em.ie,17,8,232,no,25
t@em.ie,18,8,238,no,26
t@em.ie,19,8,244,no,27
t@em.ie,20,8,256,no,28
t@em.ie,21,8,263,no,29
t@em.ie,22,8,268,no,30
t@em.ie,23,8,274,no,31
t@em.ie,23,9,280,no,32
t@em.ie,24,9,292,no,33
t@em.ie,24,10,297,no,34
t@em.ie,25,10,308,no,35
t@em.ie,26,10,320,no,36
t@em.ie,26,11,328,no,37
t@em.ie,27,11,334,no,38
t@em.ie,28,11,341,no,39
t@em.ie,29,11,350,no,40
t@em.ie,29,12,362,no,41
t@em.ie,29,13,368,no,42
t@em.ie,29,14,374,no,43
t@em.ie,29,15,384,no,44
t@em.ie,30,15,391,no,45
t@em.ie,31,15,400,no,46
t@em.ie,32,15,411,no,47
t@em.ie,33,15,419,no,48
t@em.ie,34,15,426,no,49
t@em.ie,35,15,437,no,50
t@em.ie,35,16,453,no,51
t@em.ie,36,16,461,no,52
t@em.ie,36,17,474,no,53
t@em.ie,37,17,480,no,54
t@em.ie,37,18,490,no,55
t@em.ie,37,19,501,no,56
t@em.ie,38,19,514,no,57
t@em.ie,38,20,521,no,58
t@em.ie,39,20,528,no,59
t@em.ie,40,20,534,no,60
t@em.ie,41,20,542,no,61
t@em.ie,42,20,546,no,62
t@em.ie,43,20,559,no,63
t@em.ie,44,20,565,no,64
t@em.ie,45,20,573,no,65
t@em.ie,45,21,583,no,66
t@em.ie,46,21,589,no,67
t@em.ie,47,21,602,no,68
t@em.ie,48,21,606,no,69
t@em.ie,49,21,612,no,70
t@em.ie,50,21,619,no,71
t@em.ie,51,21,627,no,72
t@em.ie,52,21,636,no,73
t@em.ie,52,22,646,no,74
t@em.ie,53,22,651,no,75
t@em.ie,54,22,657,no,76
t@em.ie,55,22,664,no,77
t@em.ie,56,22,675,no,78
t@em.ie,57,22,681,no,79
t@em.ie,57,23,691,no,80
t@em.ie,57,24,704,no,81
t@em.ie,58,24,713,no,82
t@em.ie,59,24,723,no,83
t@em.ie,60,24,735,no,84
t@em.ie,60,25,743,no,85
t@em.ie,60,26,752,no,86
t@em.ie,61,26,759,no,87
t@em.ie,62,26,767,no,88
t@em.ie,63,26,775,no,89
t@em.ie,63,27,785,no,90
t@em.ie,63,28,792,no,91
t@em.ie,63,29,807,no,92
t@em.ie,64,29,817,no,93
t@em.ie,65,29,824,no,94
t@em.ie,65,30,837,no,95
t@em.ie,66,30,843,no,96
t@em.ie,66,31,852,no,97
t@em.ie,67,31,860,no,98
t@em.ie,67,32,868,no,99
t@em.ie,68,32,874,no,100
t@em.ie,69,32,884,no,101
t@em.ie,70,32,895,no,102
t@em.ie,71,32,906,no,103
t@em.ie,72,32,914,no,104
t@em.ie,72,33,927,no,105
t@em.ie,73,33,936,no,106
t@em.ie,74,33,941,no,107
t@em.ie,75,33,957,no,108
t@em.ie,75,34,968,no,109
t@em.ie,76,34,972,no,110
t@em.ie,77,34,979,no,111
t@em.ie,77,35,985,no,112
t@em.ie,78,35,995,no,113
t@em.ie,78,36,1009,no,114
t@em.ie,79,36,1018,no,115
t@em.ie,80,36,1023,no,116
t@em.ie,81,36,1029,no,117
t@em.ie,82,36,1038,no,118
t@em.ie,83,36,1051,no,119
t@em.ie,83,37,1060,no,120
t@em.ie,84,37,1071,no,121
t@em.ie,85,37,1076,no,122
t@em.ie,86,37,1084,no,123
t@em.ie,87,37,1091,no,124
t@em.ie,87,38,1099,no,125
t@em.ie,88,38,1108,no,126
t@em.ie,89,38,1118,no,127
t@em.ie,90,38,1128,no,128
t@em.ie,90,39,1138,no,129
t@em.ie,91,39,1144,no,130
t@em.ie,92,39,1150,no,131
t@em.ie,92,40,1160,no,132
t@em.ie,93,40,1171,no,133
t@em.ie,94,40,1176,no,134
t@em.ie,95,40,1185,no,135
t@em.ie,96,40,1193,no,136
t@em.ie,97,40,1198,no,137
t@em.ie,98,40,1206,no,138
t@em.ie,99,40,1214,no,139
t@em.ie,100,40,1222,no,140
t@em.ie,101,40,1229,no,141
t@em.ie,102,40,1240,no,142
t@em.ie,103,40,1247,no,143
t@em.ie,104,40,1255,no,144
t@em.ie,105,40,1262,no,145
t@em.ie,106,40,1272,no,146
t@em.ie,107,40,1279,no,147
t@em.ie,108,40,1291,no,148
t@em.ie,108,41,1300,no,149
t@em.ie,108,42,1311,no,150
t@em.ie,109,42,1322,no,151
t@em.ie,110,42,1330,no,152
t@em.ie,111,42,1341,no,153
t@em.ie,112,42,1350,no,154
t@em.ie,113,42,1359,no,155
t@em.ie,114,42,1369,no,156
t@em.ie,115,42,1379,no,157
t@em.ie,115,43,1385,no,158
t@em.ie,116,43,1395,no,159
t@em.ie,117,43,1406,no,160
t@em.ie,118,43,1413,no,161
t@em.ie,119,43,1419,no,162
t@em.ie,119,44,1430,no,163
t@em.ie,120,44,1436,no,164
t@em.ie,121,44,1450,no,165
t@em.ie,122,44,1459,no,166
t@em.ie,123,44,1468,no,167
t@em.ie,124,44,1477,no,168
t@em.ie,124,45,1486,no,169
t@em.ie,124,46,1495,no,170
t@em.ie,124,47,1505,no,171
t@em.ie,125,47,1514,no,172
t@em.ie,126,47,1532,no,173
t@em.ie,126,48,1536,no,174
t@em.ie,126,49,1547,no,175
t@em.ie,127,49,1553,no,176
t@em.ie,128,49,1570,no,177
t@em.ie,129,49,1584,no,178
t@em.ie,130,49,1590,no,179
t@em.ie,131,49,1597,no,180
t@em.ie,132,49,1605,no,181
t@em.ie,132,50,1616,no,182
t@em.ie,133,50,1623,no,183
t@em.ie,134,50,1633,no,184
t@em.ie,134,51,1642,no,185
t@em.ie,135,51,1647,no,186
t@em.ie,136,51,1652,no,187
t@em.ie,136,52,1661,no,188
t@em.ie,136,53,1667,no,189
t@em.ie,137,53,1680,no,190
t@em.ie,138,53,1690,no,191
t@em.ie,138,54,1700,no,192
t@em.ie,139,54,1711,no,193
t@em.ie,139,55,1719,no,194
t@em.ie,140,55,1727,no,195
t@em.ie,141,55,1733,no,196
t@em.ie,142,55,1742,no,197
t@em.ie,143,55,1757,no,198
t@em.ie,144,55,1769,no,199
t@em.ie,145,55,1777,no,200
t@em.ie,145,56,1789,no,201
t@em.ie,146,56,1796,no,202
t@em.ie,147,56,1806,no,203
t@em.ie,148,56,1815,no,204
t@em.ie,149,56,1821,no,205
t@em.ie,149,57,1834,no,206
t@em.ie,150,57,1844,no,207
t@em.ie,151,57,1854,no,208
t@em.ie,151,58,1865,no,209
t@em.ie,152,58,1874,no,210
t@em.ie,153,58,1880,no,211
t@em.ie,154,58,1892,no,212
t@em.ie,155,58,1904,no,213
t@em.ie,155,59,1913,no,214
t@em.ie,155,60,1922,no,215
t@em.ie,155,61,1929,no,216
t@em.ie,156,61,1936,no,217
t@em.ie,157,61,1940,no,218
t@em.ie,158,61,1949,no,219
t@em.ie,159,61,1959,no,220
t@em.ie,160,61,1964,no,221
t@em.ie,161,61,1972,no,222
t@em.ie,162,61,1982,no,223
t@em.ie,162,62,1996,no,224
t@em.ie,162,63,2003,no,225
t@em.ie,162,64,2016,no,226
t@em.ie,163,64,2022,no,227
t@em.ie,163,65,2032,no,228
t@em.ie,164,65,2047,no,229
t@em.ie,165,65,2056,no,230
t@em.ie,166,65,2065,no,231
t@em.ie,166,66,2076,no,232
t@em.ie,166,67,2087,no,233
t@em.ie,166,68,2097,no,234
t@em.ie,167,68,2109,no,235
t@em.ie,167,69,2121,no,236
t@em.ie,168,69,2127,no,237
t@em.ie,169,69,2136,no,238
t@em.ie,170,69,2144,no,239
t@em.ie,171,69,2151,no,240
t@em.ie,172,69,2159,no,241
t@em.ie,173,69,2165,no,242
t@em.ie,174,69,2175,no,243
t@em.ie,175,69,2184,no,244
t@em.ie,176,69,2192,no,245
t@em.ie,177,69,2200,no,246
t@em.ie,177,70,2208,no,247
t@em.ie,177,71,2221,no,248
t@em.ie,178,71,2231,no,249
t@em.ie,179,71,2238,no,250
t@em.ie,180,71,2249,no,251
t@em.ie,180,72,2257,no,252
t@em.ie,181,72,2265,no,253
t@em.ie,182,72,2275,no,254
t@em.ie,183,72,2283,no,255
t@em.ie,184,72,2287,no,256
t@em.ie,185,72,2291,no,257
t@em.ie,185,73,2304,no,258
t@em.ie,186,73,2309,no,259
t@em.ie,187,73,2315,no,260
t@em.ie,188,73,2330,no,261
t@em.ie,188,74,2339,no,262
t@em.ie,189,74,2345,no,263
t@em.ie,190,74,2356,no,264
t@em.ie,191,74,2363,no,265
t@em.ie,192,74,2372,no,266
t@em.ie,193,74,2382,no,267
t@em.ie,194,74,2389,no,268
t@em.ie,195,74,2393,no,269
t@em.ie,196,74,2397,no,270
t@em.ie,196,75,2408,no,271
t@em.ie,197,75,2416,no,272
t@em.ie,197,76,2432,no,273
t@em.ie,197,77,2440,no,274
t@em.ie,198,77,2447,no,275
t@em.ie,199,77,2456,no,276
t@em.ie,200,77,2466,no,277
t@em.ie,201,77,2472,no,278
t@em.ie,201,78,2483,no,279
t@em.ie,201,79,2491,no,280
t@em.ie,202,79,2497,no,281
t@em.ie,203,79,2508,no,282
t@em.ie,204,79,2522,no,283
t@em.ie,204,80,2530,no,284
t@em.ie,205,80,2539,no,285
t@em.ie,206,80,2555,no,286
t@em.ie,207,80,2562,no,287
t@em.ie,208,80,2568,no,288
t@em.ie,209,80,2577,no,289
t@em.ie,210,80,2586,no,290
t@em.ie,211,80,2592,no,291
t@em.ie,212,80,2600,no,292
t@em.ie,213,80,2604,no,293
t@em.ie,214,80,2609,no,294
t@em.ie,215,80,2619,no,295
t@em.ie,216,80,2630,no,296
t@em.ie,217,80,2637,no,297
t@em.ie,217,81,2647,no,298
t@em.ie,218,81,2661,no,299
t@em.ie,219,81,2671,no,300
t@em.ie,220,81,2678,no,301
t@em.ie,221,81,2688,no,302
t@em.ie,222,81,2701,no,303
t@em.ie,223,81,2709,no,304
t@em.ie,224,81,2721,no,305
t@em.ie,224,82,2734,no,306
t@em.ie,225,82,2739,no,307
t@em.ie,226,82,2750,no,308
t@em.ie,227,82,2759,no,309
t@em.ie,228,82,2765,no,310
t@em.ie,229,82,2769,no,311
t@em.ie,230,82,2780,no,312
t@em.ie,231,82,2793,no,313
t@em.ie,232,82,2805,no,314
t@em.ie,232,83,2820,no,315
t@em.ie,233,83,2828,no,316
t@em.ie,234,83,2838,no,317
t@em.ie,235,83,2842,no,318
t@em.ie,235,84,2852,no,319
t@em.ie,236,84,2858,no,320
t@em.ie,236,85,2875,no,321
t@em.ie,237,85,2886,no,322
t@em.ie,237,86,2899,no,323
t@em.ie,238,86,2908,no,324
t@em.ie,238,87,2921,no,325
t@em.ie,239,87,2934,no,326
t@em.ie,240,87,2948,no,327
t@em.ie,241,87,2959,no,328
t@em.ie,242,87,2969,no,329
t@em.ie,242,88,2978,no,330
t@em.ie,242,89,2983,no,331
t@em.ie,243,89,2991,no,332
t@em.ie,243,90,3003,no,333
t@em.ie,244,90,3009,no,334
t@em.ie,245,90,3015,no,335
t@em.ie,246,90,3028,no,336
t@em.ie,247,90,3034,no,337
t@em.ie,248,90,3040,no,338
t@em.ie,249,90,3045,no,339
t@em.ie,249,91,3055,no,340
t@em.ie,250,91,3063,no,341
t@em.ie,251,91,3072,no,342
t@em.ie,252,91,3085,no,343
t@em.ie,253,91,3094,no,344
t@em.ie,254,91,3100,no,345
t@em.ie,254,92,3111,no,346
t@em.ie,255,92,3122,no,347
t@em.ie,255,93,3131,no,348
t@em.ie,256,93,3140,no,349
t@em.ie,256,94,3147,no,350
t@em.ie,257,94,3156,no,351
t@em.ie,258,94,3165,no,352
t@em.ie,259,94,3170,no,353
t@em.ie,260,94,3181,no,354
t@em.ie,261,94,3200,no,355
t@em.ie,261,95,3219,no,356
t@em.ie,262,95,3230,no,357
t@em.ie,263,95,3237,no,358
t@em.ie,264,95,3244,no,359
t@em.ie,265,95,3252,no,360
t@em.ie,266,95,3258,no,361
t@em.ie,266,96,3268,no,362
t@em.ie,267,96,3277,no,363
t@em.ie,268,96,3284,no,364
t@em.ie,268,97,3297,no,365
t@em.ie,269,97,3303,no,366
t@em.ie,270,97,3311,no,367
t@em.ie,271,97,3319,no,368
t@em.ie,272,97,3331,no,369
t@em.ie,273,97,3340,no,370
t@em.ie,273,98,3354,no,371
t@em.ie,273,99,3363,no,372
t@em.ie,274,99,3373,no,373
t@em.ie,275,99,3382,no,374
t@em.ie,276,99,3393,no,375
t@em.ie,277,99,3400,no,376
t@em.ie,278,99,3406,no,377
t@em.ie,279,99,3415,no,378
t@em.ie,280,99,3424,no,379
t@em.ie,281,99,3430,no,380
t@em.ie,282,99,3445,no,381
t@em.ie,283,99,3455,no,382
t@em.ie,284,99,3462,no,383
t@em.ie,284,100,3473,no,384
t@em.ie,284,101,3483,no,385
t@em.ie,285,101,3492,no,386
t@em.ie,286,101,3503,no,387
t@em.ie,287,101,3510,no,388
t@em.ie,288,101,3519,no,389
t@em.ie,289,101,3525,no,390
t@em.ie,289,102,3538,no,391
t@em.ie,289,103,3547,no,392
t@em.ie,290,103,3555,no,393
t@em.ie,291,103,3569,no,394
t@em.ie,292,103,3576,no,395
t@em.ie,293,103,3585,no,396
t@em.ie,294,103,3593,no,397
t@em.ie,295,103,3598,no,398
t@em.ie,296,103,3602,no,399
t@em.ie,297,103,3612,no,400
t@em.ie,298,103,3619,no,401
t@em.ie,298,104,3635,no,402
t@em.ie,298,105,3643,no,403
t@em.ie,299,105,3652,no,404
t@em.ie,299,106,3660,no,405
t@em.ie,300,106,3666,no,406
t@em.ie,301,106,3674,no,407
t@em.ie,301,107,3684,no,408
t@em.ie,302,107,3693,no,409
t@em.ie,303,107,3703,no,410
t@em.ie,303,108,3714,no,411
t@em.ie,304,108,3722,no,412
t@em.ie,305,108,3730,no,413
t@em.ie,306,108,3742,no,414
t@em.ie,307,108,3751,no,415
t@em.ie,308,108,3761,no,416
t@em.ie,308,109,3773,no,417
t@em.ie,308,110,3780,no,418
t@em.ie,309,110,3792,no,419
t@em.ie,309,111,3803,no,420
t@em.ie,310,111,3808,no,421
t@em.ie,310,112,3825,no,422
t@em.ie,311,112,3838,no,423
t@em.ie,311,113,3852,no,424
t@em.ie,312,113,3862,no,425
t@em.ie,313,113,3869,no,426
t@em.ie,314,113,3877,no,427
t@em.ie,315,113,3886,no,428
t@em.ie,316,113,3892,no,429
t@em.ie,317,113,3899,no,430
t@em.ie,318,113,3905,no,431
t@em.ie,319,113,3916,no,432
t@em.ie,320,113,3921,no,433
t@em.ie,321,113,3930,no,434
t@em.ie,322,113,3939,no,435
t@em.ie,323,113,3945,no,436
t@em.ie,323,114,3950,no,437
t@em.ie,324,114,3960,no,438
t@em.ie,325,114,3970,no,439
t@em.ie,325,115,3980,no,440
t@em.ie,325,116,3993,no,441
t@em.ie,326,116,4001,no,442
t@em.ie,327,116,4017,no,443
t@em.ie,328,116,4034,no,444
t@em.ie,329,116,4039,no,445
t@em.ie,330,116,4045,no,446
t@em.ie,331,116,4050,no,447
t@em.ie,332,116,4056,no,448
t@em.ie,333,116,4066,no,449
t@em.ie,333,117,4073,no,450
t@em.ie,334,117,4077,no,451
t@em.ie,335,117,4082,no,452
t@em.ie,335,118,4093,no,453
t@em.ie,336,118,4100,no,454
t@em.ie,337,118,4107,no,455
t@em.ie,337,119,4114,no,456
t@em.ie,338,119,4121,no,457
t@em.ie,338,120,4130,no,458
t@em.ie,339,120,4148,no,459
t@em.ie,340,120,4156,no,460
t@em.ie,341,120,4163,no,461
t@em.ie,341,121,4170,no,462
t@em.ie,342,121,4186,no,463
t@em.ie,342,122,4198,no,464
t@em.ie,343,122,4205,no,465
t@em.ie,344,122,4212,no,466
t@em.ie,345,122,4228,no,467
t@em.ie,346,122,4239,no,468
t@em.ie,347,122,4247,no,469
t@em.ie,348,122,4261,no,470
t@em.ie,349,122,4281,no,471
t@em.ie,350,122,4291,no,472
t@em.ie,350,123,4305,no,473
t@em.ie,351,123,4314,no,474
t@em.ie,352,123,4320,no,475
t@em.ie,353,123,4327,no,476
t@em.ie,354,123,4336,no,477
t@em.ie,355,123,4341,no,478
t@em.ie,356,123,4350,no,479
t@em.ie,357,123,4358,no,480
t@em.ie,357,124,4369,no,481
t@em.ie,358,124,4378,no,482
t@em.ie,359,124,4383,no,483
t@em.ie,360,124,4391,no,484
t@em.ie,361,124,4400,no,485
t@em.ie,362,124,4416,no,486
t@em.ie,363,124,4423,no,487
t@em.ie,363,125,4434,no,488
t@em.ie,364,125,4440,no,489
t@em.ie,365,125,4448,no,490
t@em.ie,366,125,4452,no,491
t@em.ie,367,125,4461,no,492
t@em.ie,368,125,4468,no,493
t@em.ie,369,125,4480,no,494
t@em.ie,370,125,4490,no,495
t@em.ie,371,125,4499,no,496
t@em.ie,372,125,4506,no,497
t@em.ie,372,126,4514,no,498
t@em.ie,373,126,4527,no,499
t@em.ie,374,126,4535,no,500
t@em.ie,374,127,4543,no,501
t@em.ie,375,127,4551,no,502
t@em.ie,376,127,4558,no,503
t@em.ie,377,127,4570,no,504
t@em.ie,378,127,4580,no,505
t@em.ie,379,127,4588,no,506
t@em.ie,379,128,4597,no,507
t@em.ie,380,128,4603,no,508
t@em.ie,381,128,4614,no,509
t@em.ie,382,128,4622,no,510
t@em.ie,382,129,4634,no,511
t@em.ie,383,129,4644,no,512
t@em.ie,383,130,4655,no,513
t@em.ie,384,130,4663,no,514
t@em.ie,385,130,4669,no,515
t@em.ie,386,130,4685,no,516
t@em.ie,386,131,4700,no,517
t@em.ie,387,131,4710,no,518
t@em.ie,387,132,4718,no,519
t@em.ie,388,132,4726,no,520
t@em.ie,389,132,4735,no,521
t@em.ie,390,132,4746,no,522
t@em.ie,391,132,4754,no,523
t@em.ie,392,132,4765,no,524
t@em.ie,393,132,4773,no,525
t@em.ie,394,132,4786,no,526
t@em.ie,394,133,4793,no,527
t@em.ie,395,133,4804,no,528
t@em.ie,396,133,4810,no,529
t@em.ie,397,133,4819,no,530
t@em.ie,398,133,4824,no,531
t@em.ie,399,133,4833,no,532
t@em.ie,400,133,4842,no,533
t@em.ie,401,133,4847,no,534
t@em.ie,401,134,4857,no,535
t@em.ie,402,134,4862,no,536
t@em.ie,402,135,4868,no,537
t@em.ie,402,136,4882,no,538
t@em.ie,402,137,4889,no,539
t@em.ie,403,137,4903,no,540
t@em.ie,404,137,4912,no,541
t@em.ie,405,137,4921,no,542
t@em.ie,406,137,4927,no,543
t@em.ie,406,138,4943,no,544
t@em.ie,406,139,4954,no,545
t@em.ie,406,140,4963,no,546
t@em.ie,407,140,4974,no,547
t@em.ie,407,141,4983,no,548
t@em.ie,407,142,4993,no,549
t@em.ie,408,142,5000,no,550
t@em.ie,409,142,5009,no,551
t@em.ie,409,143,5015,no,552
t@em.ie,410,143,5020,no,553
t@em.ie,411,143,5033,no,554
t@em.ie,412,143,5038,no,555
t@em.ie,413,143,5045,no,556
t@em.ie,414,143,5051,no,557
t@em.ie,415,143,5058,no,558
t@em.ie,415,144,5071,no,559
t@em.ie,416,144,5079,no,560
t@em.ie,417,144,5088,no,561
t@em.ie,418,144,5101,no,562
t@em.ie,419,144,5112,no,563
t@em.ie,420,144,5122,no,564
t@em.ie,420,145,5132,no,565
t@em.ie,421,145,5151,no,566
t@em.ie,422,145,5159,no,567
t@em.ie,422,146,5168,no,568
t@em.ie,423,146,5176,no,569
t@em.ie,424,146,5180,no,570
t@em.ie,425,146,5188,no,571
t@em.ie,426,146,5194,no,572
t@em.ie,427,146,5203,no,573
t@em.ie,428,146,5211,no,574
t@em.ie,429,146,5216,no,575
t@em.ie,430,146,5220,no,576
t@em.ie,431,146,5230,no,577
t@em.ie,432,146,5236,no,578
t@em.ie,432,147,5251,no,579
t@em.ie,432,148,5258,no,580
t@em.ie,433,148,5266,no,581
t@em.ie,434,148,5271,no,582
t@em.ie,435,148,5277,no,583
t@em.ie,435,149,5292,no,584
t@em.ie,435,150,5302,no,585
t@em.ie,435,151,5308,no,586
t@em.ie,435,152,5321,no,587
t@em.ie,436,152,5336,no,588
t@em.ie,436,153,5346,no,589
t@em.ie,437,153,5350,no,590
t@em.ie,438,153,5358,no,591
t@em.ie,439,153,5363,no,592
t@em.ie,440,153,5370,no,593
t@em.ie,441,153,5378,no,594
t@em.ie,441,154,5387,no,595
t@em.ie,442,154,5396,no,596
t@em.ie,443,154,5408,no,597
t@em.ie,444,154,5413,no,598
t@em.ie,445,154,5424,no,599
t@em.ie,446,154,5435,no,600
t@em.ie,447,154,5448,no,601
t@em.ie,448,154,5460,no,602
t@em.ie,449,154,5470,no,603
t@em.ie,449,155,5479,no,604
t@em.ie,450,155,5490,no,605
t@em.ie,451,155,5498,no,606
t@em.ie,452,155,5508,no,607
t@em.ie,453,155,5516,no,608
t@em.ie,454,155,5524,no,609
t@em.ie,455,155,5533,no,610
t@em.ie,456,155,5540,no,611
t@em.ie,457,155,5548,no,612
t@em.ie,458,155,5555,no,613
t@em.ie,459,155,5562,no,614
t@em.ie,460,155,5576,no,615
t@em.ie,461,155,5585,no,616
t@em.ie,461,156,5598,no,617
t@em.ie,461,157,5611,no,618
t@em.ie,462,157,5623,no,619
t@em.ie,463,157,5635,no,620
t@em.ie,464,157,5643,no,621
t@em.ie,465,157,5653,no,622
t@em.ie,466,157,5657,no,623
t@em.ie,467,157,5662,no,624
t@em.ie,468,157,5670,no,625
t@em.ie,469,157,5674,no,626
t@em.ie,470,157,5689,no,627
t@em.ie,471,157,5702,no,628
t@em.ie,471,158,5709,no,629
t@em.ie,472,158,5720,no,630
t@em.ie,473,158,5726,no,631
t@em.ie,474,158,5740,no,632
t@em.ie,475,158,5752,no,633
t@em.ie,476,158,5757,no,634
t@em.ie,477,158,5771,no,635
t@em.ie,478,158,5783,no,636
t@em.ie,479,158,5791,no,637
t@em.ie,480,158,5802,no,638
t@em.ie,481,158,5813,no,639
t@em.ie,482,158,5820,no,640
t@em.ie,483,158,5840,no,641
t@em.ie,484,158,5847,no,642
t@em.ie,485,158,5857,no,643
t@em.ie,486,158,5863,no,644
t@em.ie,487,158,5876,no,645
t@em.ie,487,159,5885,no,646
t@em.ie,487,160,5898,no,647
t@em.ie,488,160,5909,no,648
t@em.ie,489,160,5920,no,649
t@em.ie,490,160,5930,no,650
t@em.ie,491,160,5939,no,651
t@em.ie,492,160,5944,no,652
t@em.ie,492,161,5959,no,653
t@em.ie,493,161,5965,no,654
t@em.ie,494,161,5982,no,655
t@em.ie,494,162,5993,no,656
t@em.ie,495,162,5998,no,657
t@em.ie,496,162,6004,no,658
t@em.ie,497,162,6011,no,659
t@em.ie,497,163,6021,no,660
t@em.ie,497,164,6032,no,661
t@em.ie,498,164,6041,no,662
t@em.ie,499,164,6048,no,663
t@em.ie,500,164,6058,no,664
t@em.ie,500,165,6070,no,665
t@em.ie,500,166,6078,no,666
t@em.ie,500,167,6091,no,667
t@em.ie,501,167,6099,no,668
t@em.ie,502,167,6109,no,669
t@em.ie,503,167,6122,no,670
t@em.ie,504,167,6134,no,671
t@em.ie,504,168,6145,no,672
t@em.ie,505,168,6154,no,673
t@em.ie,506,168,6159,no,674
t@em.ie,506,169,6168,no,675
t@em.ie,507,169,6180,no,676
t@em.ie,508,169,6186,no,677
t@em.ie,509,169,6191,no,678
t@em.ie,510,169,6199,no,679
t@em.ie,510,170,6210,no,680
t@em.ie,511,170,6221,no,681
t@em.ie,512,170,6226,no,682
t@em.ie,513,170,6233,no,683
t@em.ie,513,171,6238,no,684
t@em.ie,514,171,6253,no,685
t@em.ie,515,171,6264,no,686
t@em.ie,516,171,6272,no,687
t@em.ie,517,171,6281,no,688
t@em.ie,518,171,6288,no,689
t@em.ie,518,172,6298,no,690
t@em.ie,519,172,6309,no,691
t@em.ie,520,172,6317,no,692
t@em.ie,521,172,6325,no,693
t@em.ie,521,173,6333,no,694
t@em.ie,522,173,6342,no,695
t@em.ie,522,174,6348,no,696
t@em.ie,523,174,6355,no,697
t@em.ie,523,175,6363,no,698
t@em.ie,524,175,6370,no,699
t@em.ie,524,176,6379,no,700
t@em.ie,525,176,6387,no,701
t@em.ie,525,177,6393,no,702
t@em.ie,526,177,6401,no,703
t@em.ie,527,177,6419,no,704
t@em.ie,527,178,6428,no,705
t@em.ie,528,178,6437,no,706
t@em.ie,529,178,6447,no,707
t@em.ie,530,178,6457,no,708
t@em.ie,531,178,6462,no,709
t@em.ie,532,178,6474,no,710
t@em.ie,532,179,6484,no,711
t@em.ie,532,180,6493,no,712
t@em.ie,533,180,6503,no,713
t@em.ie,534,180,6507,no,714
t@em.ie,534,181,6515,no,715
t@em.ie,535,181,6520,no,716
t@em.ie,536,181,6532,no,717
t@em.ie,537,181,6541,no,718
t@em.ie,537,182,6550,no,719
t@em.ie,537,183,6565,no,720
t@em.ie,537,184,6574,no,721
t@em.ie,537,185,6581,no,722
t@em.ie,538,185,6594,no,723
t@em.ie,538,186,6601,no,724
t@em.ie,538,187,6609,no,725
t@em.ie,538,188,6618,no,726
t@em.ie,539,188,6625,no,727
t@em.ie,540,188,6630,no,728
t@em.ie,541,188,6636,no,729
t@em.ie,542,188,6644,no,730
t@em.ie,543,188,6650,no,731
t@em.ie,544,188,6656,no,732
t@em.ie,545,188,6666,no,733
t@em.ie,546,188,6673,no,734
t@em.ie,547,188,6679,no,735
t@em.ie,548,188,6690,no,736
t@em.ie,549,188,6698,no,737
t@em.ie,550,188,6705,no,738
t@em.ie,550,189,6714,no,739
t@em.ie,551,189,6721,no,740
t@em.ie,552,189,6736,no,741
t@em.ie,553,189,6746,no,742
t@em.ie,553,190,6756,no,743
t@em.ie,554,190,6764,no,744
t@em.ie,555,190,6779,no,745
t@em.ie,556,190,6797,no,746
t@em.ie,557,190,6804,no,747
t@em.ie,558,190,6812,no,748
t@em.ie,558,191,6825,no,749
t@em.ie,559,191,6831,no,750
t@em.ie,559,192,6844,no,751
t@em.ie,560,192,6856,no,752
t@em.ie,561,192,6864,no,753
t@em.ie,561,193,6873,no,754
t@em.ie,562,193,6878,no,755
t@em.ie,563,193,6886,no,756
t@em.ie,563,194,6899,no,757
t@em.ie,564,194,6903,no,758
t@em.ie,564,195,6910,no,759
t@em.ie,565,195,6916,no,760
t@em.ie,566,195,6923,no,761
t@em.ie,567,195,6931,no,762
t@em.ie,568,195,6936,no,763
t@em.ie,569,195,6945,no,764
t@em.ie,570,195,6950,no,765
t@em.ie,571,195,6955,no,766
t@em.ie,572,195,6964,no,767
t@em.ie,572,196,6972,no,768
t@em.ie,572,197,6980,no,769
t@em.ie,572,198,6990,no,770
t@em.ie,573,198,6998,no,771
t@em.ie,574,198,7005,no,772
t@em.ie,575,198,7012,no,773
t@em.ie,576,198,7024,no,774
t@em.ie,577,198,7032,no,775
t@em.ie,578,198,7037,no,776
t@em.ie,578,199,7052,no,777
t@em.ie,579,199,7059,no,778
t@em.ie,580,199,7064,no,779
t@em.ie,581,199,7069,no,780
t@em.ie,582,199,7076,no,781
t@em.ie,583,199,7088,no,782
t@em.ie,583,200,7095,no,783
t@em.ie,584,200,7104,no,784
t@em.ie,585,200,7113,no,785
t@em.ie,586,200,7125,no,786
t@em.ie,587,200,7131,no,787
t@em.ie,587,201,7142,no,788
t@em.ie,588,201,7156,no,789
t@em.ie,588,202,7163,no,790
t@em.ie,589,202,7168,no,791
t@em.ie,589,203,7180,no,792
t@em.ie,590,203,7187,no,793
t@em.ie,591,203,7198,no,794
t@em.ie,592,203,7207,no,795
t@em.ie,593,203,7212,no,796
t@em.ie,594,203,7221,no,797
t@em.ie,595,203,7231,no,798
t@em.ie,595,204,7241,no,799
t@em.ie,596,204,7253,no,800
t@em.ie,597,204,7263,no,801
t@em.ie,597,205,7273,no,802
t@em.ie,598,205,7279,no,803
t@em.ie,599,205,7286,no,804
t@em.ie,600,205,7297,no,805
t@em.ie,600,206,7309,no,806
t@em.ie,601,206,7316,no,807
t@em.ie,602,206,7329,no,808
t@em.ie,603,206,7340,no,809
t@em.ie,603,207,7347,no,810
t@em.ie,604,207,7357,no,811
t@em.ie,605,207,7371,no,812
t@em.ie,606,207,7378,no,813
t@em.ie,607,207,7387,no,814
t@em.ie,608,207,7392,no,815
t@em.ie,609,207,7404,no,816
t@em.ie,609,208,7412,no,817
t@em.ie,610,208,7418,no,818
t@em.ie,611,208,7429,no,819
t@em.ie,612,208,7439,no,820
t@em.ie,613,208,7452,no,821
t@em.ie,614,208,7463,no,822
t@em.ie,614,209,7471,no,823
t@em.ie,614,210,7478,no,824
t@em.ie,614,211,7487,no,825
t@em.ie,614,212,7499,no,826
t@em.ie,615,212,7504,no,827
t@em.ie,616,212,7512,no,828
t@em.ie,617,212,7516,no,829
t@em.ie,617,213,7525,no,830
t@em.ie,618,213,7531,no,831
t@em.ie,619,213,7542,no,832
t@em.ie,619,214,7553,no,833
t@em.ie,620,214,7561,no,834
t@em.ie,621,214,7572,no,835
t@em.ie,622,214,7579,no,836
t@em.ie,623,214,7587,no,837
t@em.ie,624,214,7595,no,838
t@em.ie,625,214,7604,no,839
t@em.ie,625,215,7613,no,840
t@em.ie,626,215,7623,no,841
t@em.ie,627,215,7627,no,842
t@em.ie,628,215,7637,no,843
t@em.ie,629,215,7642,no,844
t@em.ie,629,216,7652,no,845
t@em.ie,630,216,7662,no,846
t@em.ie,631,216,7673,no,847
t@em.ie,631,217,7686,no,848
t@em.ie,632,217,7697,no,849
t@em.ie,633,217,7706,no,850
t@em.ie,634,217,7717,no,851
t@em.ie,635,217,7723,no,852
t@em.ie,636,217,7732,no,853
t@em.ie,637,217,7740,no,854
t@em.ie,638,217,7749,no,855
t@em.ie,639,217,7755,no,856
t@em.ie,640,217,7765,no,857
t@em.ie,641,217,7772,no,858
t@em.ie,642,217,7784,no,859
t@em.ie,643,217,7792,no,860
t@em.ie,643,218,7805,no,861
t@em.ie,644,218,7813,no,862
t@em.ie,645,218,7822,no,863
t@em.ie,645,219,7828,no,864
t@em.ie,646,219,7838,no,865
t@em.ie,646,220,7847,no,866
t@em.ie,646,221,7858,no,867
t@em.ie,647,221,7864,no,868
t@em.ie,647,222,7874,no,869
t@em.ie,648,222,7881,no,870
t@em.ie,649,222,7891,no,871
t@em.ie,649,223,7900,no,872
t@em.ie,649,224,7911,no,873
t@em.ie,649,225,7922,no,874
t@em.ie,649,226,7930,no,875
t@em.ie,649,227,7939,no,876
t@em.ie,650,227,7952,no,877
t@em.ie,650,228,7958,no,878
t@em.ie,651,228,7963,no,879
t@em.ie,652,228,7971,no,880
t@em.ie,653,228,7979,no,881
t@em.ie,654,228,7987,no,882
t@em.ie,655,228,7991,no,883
t@em.ie,656,228,7999,no,884
t@em.ie,656,229,8007,no,885
t@em.ie,657,229,8016,no,886
t@em.ie,658,229,8027,no,887
t@em.ie,659,229,8036,no,888
t@em.ie,660,229,8045,no,889
t@em.ie,661,229,8054,no,890
t@em.ie,662,229,8066,no,891
t@em.ie,662,230,8073,no,892
t@em.ie,663,230,8083,no,893
t@em.ie,663,231,8091,no,894
t@em.ie,664,231,8096,no,895
t@em.ie,665,231,8108,no,896
t@em.ie,666,231,8117,no,897
t@em.ie,667,231,8129,no,898
t@em.ie,668,231,8137,no,899
t@em.ie,668,232,8146,no,900
t@em.ie,669,232,8155,no,901
t@em.ie,670,232,8164,no,902
t@em.ie,671,232,8171,no,903
t@em.ie,672,232,8179,no,904
t@em.ie,672,233,8187,no,905
t@em.ie,673,233,8196,no,906
t@em.ie,674,233,8205,no,907
t@em.ie,674,234,8213,no,908
t@em.ie,675,234,8225,no,909
t@em.ie,676,234,8237,no,910
t@em.ie,677,234,8249,no,911
t@em.ie,677,235,8256,no,912
t@em.ie,678,235,8262,no,913
t@em.ie,678,236,8269,no,914
t@em.ie,679,236,8275,no,915
t@em.ie,680,236,8285,no,916
t@em.ie,680,237,8292,no,917
t@em.ie,680,238,8301,no,918
t@em.ie,681,238,8311,no,919
t@em.ie,682,238,8319,no,920
t@em.ie,683,238,8326,no,921
t@em.ie,684,238,8334,no,922
t@em.ie,685,238,8341,no,923
t@em.ie,685,239,8352,no,924
t@em.ie,686,239,8360,no,925
t@em.ie,687,239,8366,no,926
t@em.ie,688,239,8375,no,927
t@em.ie,689,239,8380,no,928
t@em.ie,690,239,8386,no,929
t@em.ie,690,240,8398,no,930
t@em.ie,691,240,8419,no,931
t@em.ie,692,240,8425,no,932
t@em.ie,692,241,8436,no,933
t@em.ie,693,241,8446,no,934
t@em.ie,694,241,8453,no,935
t@em.ie,695,241,8461,no,936
t@em.ie,696,241,8468,no,937
t@em.ie,697,241,8478,no,938
t@em.ie,698,241,8484,no,939
t@em.ie,699,241,8489,no,940
t@em.ie,699,242,8494,no,941
t@em.ie,700,242,8501,no,942
t@em.ie,700,243,8510,no,943
t@em.ie,700,244,8521,no,944
t@em.ie,701,244,8531,no,945
t@em.ie,702,244,8539,no,946
t@em.ie,703,244,8548,no,947
t@em.ie,704,244,8559,no,948
t@em.ie,705,244,8566,no,949
t@em.ie,706,244,8575,no,950
t@em.ie,707,244,8581,no,951
t@em.ie,708,244,8591,no,952
t@em.ie,708,245,8601,no,953
t@em.ie,709,245,8613,no,954
t@em.ie,710,245,8620,no,955
t@em.ie,711,245,8628,no,956
t@em.ie,712,245,8632,no,957
t@em.ie,713,245,8639,no,958
t@em.ie,714,245,8646,no,959
t@em.ie,714,246,8651,no,960
t@em.ie,715,246,8661,no,961
t@em.ie,716,246,8671,no,962
t@em.ie,717,246,8678,no,963
t@em.ie,718,246,8688,no,964
t@em.ie,719,246,8696,no,965
t@em.ie,720,246,8706,no,966
t@em.ie,721,246,8712,no,967
t@em.ie,721,247,8727,no,968
t@em.ie,721,248,8735,no,969
t@em.ie,721,249,8748,no,970
t@em.ie,722,249,8759,no,971
t@em.ie,722,250,8769,no,972
t@em.ie,723,250,8777,no,973
t@em.ie,724,250,8791,no,974
t@em.ie,725,250,8801,no,975
t@em.ie,726,250,8813,no,976
t@em.ie,726,251,8818,no,977
t@em.ie,727,251,8828,no,978
t@em.ie,728,251,8836,no,979
t@em.ie,729,251,8844,no,980
t@em.ie,730,251,8854,no,981
t@em.ie,731,251,8864,no,982
t@em.ie,731,252,8877,no,983
t@em.ie,732,252,8883,no,984
t@em.ie,733,252,8888,no,985
t@em.ie,734,252,8897,no,986
t@em.ie,734,253,8906,no,987
t@em.ie,734,254,8924,no,988
t@em.ie,735,254,8930,no,989
t@em.ie,736,254,8936,no,990
t@em.ie,736,255,8941,no,991
t@em.ie,737,255,8948,no,992
t@em.ie,738,255,8957,no,993
t@em.ie,739,255,8968,no,994
t@em.ie,740,255,8982,no,995
t@em.ie,741,255,8986,no,996
t@em.ie,742,255,8992,no,997
t@em.ie,743,255,8999,no,998
t@em.ie,744,255,9006,no,999
t@em.ie,745,255,9017,no,1000
t@em.ie,1,0,7,no,1
t@em.ie,2,0,16,no,2
t@em.ie,3,0,21,no,3
t@em.ie,4,0,32,no,4
t@em.ie,4,1,42,no,5
t@em.ie,4,1,63,yes,6
t@em.ie,5,1,71,no,7
t@em.ie,5,2,80,no,8
t@em.ie,6,2,87,no,9
t@em.ie,6,3,103,no,10
t@em.ie,6,4,117,no,11
t@em.ie,6,5,129,no,12
t@em.ie,7,5,137,no,13
t@em.ie,8,5,143,no,14
t@em.ie,9,5,152,no,15
t@em.ie,9,6,167,no,16
t@em.ie,10,6,174,no,17
t@em.ie,10,7,185,no,18
t@em.ie,11,7,193,no,19
t@em.ie,11,8,201,no,20
t@em.ie,12,8,212,no,21
t@em.ie,13,8,220,no,22
t@em.ie,14,8,227,no,23
t@em.ie,15,8,234,no,24
t@em.ie,16,8,243,no,25
t@em.ie,16,9,249,no,26
t@em.ie,17,9,260,no,27
t@em.ie,17,10,269,no,28
t@em.ie,18,10,275,no,29
t@em.ie,19,10,287,no,30
t@em.ie,20,10,292,no,31
t@em.ie,21,10,305,no,32
t@em.ie,22,10,313,no,33
t@em.ie,22,11,317,no,34
t@em.ie,23,11,321,no,35
t@em.ie,24,11,328,no,36
t@em.ie,25,11,334,no,37
t@em.ie,26,11,342,no,38
t@em.ie,27,11,354,no,39
t@em.ie,27,12,361,no,40
t@em.ie,28,12,371,no,41
t@em.ie,29,12,382,no,42
t@em.ie,30,12,389,no,43
t@em.ie,31,12,394,no,44
t@em.ie,31,13,403,no,45
t@em.ie,32,13,413,no,46
t@em.ie,33,13,420,no,47
t@em.ie,34,13,431,no,48
t@em.ie,35,13,440,no,49
t@em.ie,36,13,447,no,50
t@em.ie,36,14,459,no,51
t@em.ie,37,14,465,no,52
t@em.ie,37,15,474,no,53
t@em.ie,38,15,483,no,54
t@em.ie,39,15,488,no,55
t@em.ie,40,15,497,no,56
t@em.ie,40,16,507,no,57
t@em.ie,41,16,516,no,58
t@em.ie,41,17,530,no,59
t@em.ie,42,17,544,no,60
t@em.ie,43,17,553,no,61
t@em.ie,44,17,559,no,62
t@em.ie,45,17,566,no,63
t@em.ie,46,17,577,no,64
t@em.ie,47,17,586,no,65
t@em.ie,48,17,592,no,66
t@em.ie,48,18,600,no,67
t@em.ie,49,18,605,no,68
t@em.ie,49,19,612,no,69
t@em.ie,50,19,627,no,70
t@em.ie,50,20,636,no,71
t@em.ie,51,20,644,no,72
t@em.ie,52,20,656,no,73
t@em.ie,53,20,669,no,74
t@em.ie,54,20,679,no,75
t@em.ie,55,20,688,no,76
t@em.ie,56,20,694,no,77
t@em.ie,57,20,699,no,78
t@em.ie,58,20,704,no,79
t@em.ie,59,20,715,no,80
t@em.ie,60,20,724,no,81
t@em.ie,61,20,735,no,82
t@em.ie,61,21,743,no,83
t@em.ie,62,21,747,no,84
t@em.ie,63,21,755,no,85
t@em.ie,63,22,769,no,86
t@em.ie,64,22,776,no,87
t@em.ie,65,22,787,no,88
t@em.ie,66,22,799,no,89
t@em.ie,67,22,808,no,90
t@em.ie,68,22,821,no,91
t@em.ie,68,23,826,no,92
t@em.ie,68,24,837,no,93
t@em.ie,69,24,845,no,94
t@em.ie,70,24,856,no,95
t@em.ie,71,24,864,no,96
t@em.ie,71,25,870,no,97
t@em.ie,71,26,878,no,98
t@em.ie,71,27,888,no,99
t@em.ie,72,27,899,no,100
t@em.ie,73,27,907,no,101
t@em.ie,73,28,916,no,102
t@em.ie,73,29,922,no,103
t@em.ie,74,29,926,no,104
t@em.ie,75,29,939,no,105
t@em.ie,76,29,948,no,106
t@em.ie,77,29,956,no,107
t@em.ie,78,29,966,no,108
t@em.ie,79,29,976,no,109
t@em.ie,80,29,983,no,110
t@em.ie,81,29,994,no,111
t@em.ie,82,29,1003,no,112
t@em.ie,82,30,1008,no,113
t@em.ie,83,30,1017,no,114
t@em.ie,84,30,1028,no,115
t@em.ie,84,31,1035,no,116
t@em.ie,85,31,1041,no,117
t@em.ie,86,31,1047,no,118
t@em.ie,87,31,1051,no,119
t@em.ie,88,31,1059,no,120
t@em.ie,89,31,1067,no,121
t@em.ie,89,32,1075,no,122
t@em.ie,90,32,1080,no,123
t@em.ie,91,32,1090,no,124
t@em.ie,92,32,1096,no,125
t@em.ie,93,32,1105,no,126
t@em.ie,94,32,1112,no,127
t@em.ie,95,32,1123,no,128
t@em.ie,96,32,1128,no,129
t@em.ie,96,33,1142,no,130
t@em.ie,97,33,1152,no,131
t@em.ie,98,33,1157,no,132
t@em.ie,98,34,1166,no,133
t@em.ie,99,34,1176,no,134
t@em.ie,100,34,1196,no,135
t@em.ie,101,34,1201,no,136
t@em.ie,102,34,1206,no,137
t@em.ie,102,35,1218,no,138
t@em.ie,103,35,1227,no,139
t@em.ie,104,35,1238,no,140
t@em.ie,105,35,1249,no,141
t@em.ie,106,35,1261,no,142
t@em.ie,107,35,1270,no,143
t@em.ie,108,35,1276,no,144
t@em.ie,109,35,1286,no,145
t@em.ie,110,35,1291,no,146
t@em.ie,111,35,1297,no,147
t@em.ie,112,35,1303,no,148
t@em.ie,113,35,1314,no,149
t@em.ie,113,36,1328,no,150
t@em.ie,114,36,1337,no,151
t@em.ie,115,36,1356,no,152
t@em.ie,116,36,1364,no,153
t@em.ie,116,37,1375,no,154
t@em.ie,117,37,1382,no,155
t@em.ie,118,37,1386,no,156
t@em.ie,119,37,1401,no,157
t@em.ie,119,38,1409,no,158
t@em.ie,120,38,1418,no,159
t@em.ie,121,38,1429,no,160
t@em.ie,122,38,1447,no,161
t@em.ie,123,38,1459,no,162
t@em.ie,124,38,1465,no,163
t@em.ie,125,38,1477,no,164
t@em.ie,126,38,1484,no,165
t@em.ie,126,39,1493,no,166
t@em.ie,127,39,1503,no,167
t@em.ie,127,40,1512,no,168
t@em.ie,127,41,1526,no,169
t@em.ie,128,41,1536,no,170
t@em.ie,129,41,1544,no,171
t@em.ie,130,41,1559,no,172
t@em.ie,131,41,1565,no,173
t@em.ie,132,41,1571,no,174
t@em.ie,132,42,1584,no,175
t@em.ie,133,42,1590,no,176
t@em.ie,134,42,1595,no,177
t@em.ie,135,42,1600,no,178
t@em.ie,135,43,1607,no,179
t@em.ie,136,43,1618,no,180
t@em.ie,136,44,1629,no,181
t@em.ie,137,44,1636,no,182
t@em.ie,138,44,1644,no,183
t@em.ie,139,44,1650,no,184
t@em.ie,140,44,1660,no,185
t@em.ie,140,45,1672,no,186
t@em.ie,141,45,1678,no,187
t@em.ie,142,45,1692,no,188
t@em.ie,143,45,1700,no,189
t@em.ie,144,45,1710,no,190
t@em.ie,145,45,1720,no,191
t@em.ie,145,46,1732,no,192
t@em.ie,146,46,1742,no,193
t@em.ie,147,46,1755,no,194
t@em.ie,148,46,1763,no,195
t@em.ie,149,46,1767,no,196
t@em.ie,150,46,1779,no,197
t@em.ie,151,46,1787,no,198
t@em.ie,152,46,1799,no,199
t@em.ie,153,46,1810,no,200
t@em.ie,153,47,1819,no,201
t@em.ie,154,47,1832,no,202
t@em.ie,155,47,1845,no,203
t@em.ie,156,47,1853,no,204
t@em.ie,157,47,1859,no,205
t@em.ie,158,47,1867,no,206
t@em.ie,159,47,1877,no,207
t@em.ie,160,47,1888,no,208
t@em.ie,161,47,1897,no,209
t@em.ie,162,47,1904,no,210
t@em.ie,163,47,1912,no,211
t@em.ie,164,47,1918,no,212
t@em.ie,164,48,1928,no,213
t@em.ie,165,48,1934,no,214
t@em.ie,166,48,1943,no,215
t@em.ie,167,48,1958,no,216
t@em.ie,168,48,1967,no,217
t@em.ie,168,49,1975,no,218
t@em.ie,169,49,1981,no,219
t@em.ie,170,49,1992,no,220
t@em.ie,171,49,2002,no,221
t@em.ie,171,50,2010,no,222
t@em.ie,172,50,2019,no,223
t@em.ie,172,51,2030,no,224
t@em.ie,173,51,2040,no,225
t@em.ie,174,51,2048,no,226
t@em.ie,175,51,2054,no,227
t@em.ie,176,51,2065,no,228
t@em.ie,177,51,2080,no,229
t@em.ie,178,51,2089,no,230
t@em.ie,179,51,2099,no,231
t@em.ie,179,52,2111,no,232
t@em.ie,179,53,2123,no,233
t@em.ie,180,53,2130,no,234
t@em.ie,181,53,2137,no,235
t@em.ie,182,53,2144,no,236
t@em.ie,182,54,2155,no,237
t@em.ie,183,54,2166,no,238
t@em.ie,184,54,2172,no,239
t@em.ie,185,54,2177,no,240
t@em.ie,186,54,2186,no,241
t@em.ie,186,55,2196,no,242
t@em.ie,187,55,2207,no,243
t@em.ie,187,56,2218,no,244
t@em.ie,188,56,2226,no,245
t@em.ie,189,56,2237,no,246
t@em.ie,189,57,2249,no,247
t@em.ie,190,57,2260,no,248
t@em.ie,190,58,2265,no,249
t@em.ie,190,59,2273,no,250
t@em.ie,191,59,2282,no,251
t@em.ie,191,60,2295,no,252
t@em.ie,192,60,2304,no,253
t@em.ie,193,60,2316,no,254
t@em.ie,193,61,2327,no,255
t@em.ie,193,62,2339,no,256
t@em.ie,193,63,2351,no,257
t@em.ie,193,64,2360,no,258
t@em.ie,194,64,2366,no,259
t@em.ie,195,64,2372,no,260
t@em.ie,195,65,2382,no,261
t@em.ie,196,65,2388,no,262
t@em.ie,196,66,2395,no,263
t@em.ie,196,67,2403,no,264
t@em.ie,197,67,2410,no,265
t@em.ie,197,68,2419,no,266
t@em.ie,197,69,2429,no,267
t@em.ie,197,70,2440,no,268
t@em.ie,198,70,2446,no,269
t@em.ie,198,71,2453,no,270
t@em.ie,199,71,2461,no,271
t@em.ie,200,71,2466,no,272
t@em.ie,201,71,2473,no,273
t@em.ie,201,72,2486,no,274
t@em.ie,202,72,2493,no,275
t@em.ie,203,72,2498,no,276
t@em.ie,203,73,2506,no,277
t@em.ie,204,73,2512,no,278
t@em.ie,205,73,2520,no,279
t@em.ie,206,73,2529,no,280
t@em.ie,207,73,2545,no,281
t@em.ie,208,73,2559,no,282
t@em.ie,209,73,2567,no,283
t@em.ie,210,73,2575,no,284
t@em.ie,211,73,2584,no,285
t@em.ie,211,74,2595,no,286
t@em.ie,212,74,2603,no,287
t@em.ie,213,74,2609,no,288
t@em.ie,213,75,2620,no,289
t@em.ie,214,75,2626,no,290
t@em.ie,215,75,2638,no,291
t@em.ie,216,75,2648,no,292
t@em.ie,217,75,2655,no,293
t@em.ie,217,76,2666,no,294
t@em.ie,217,77,2675,no,295
t@em.ie,218,77,2679,no,296
t@em.ie,219,77,2685,no,297
t@em.ie,220,77,2694,no,298
t@em.ie,221,77,2706,no,299
t@em.ie,222,77,2718,no,300
t@em.ie,223,77,2725,no,301
t@em.ie,224,77,2735,no,302
t@em.ie,225,77,2746,no,303
t@em.ie,225,78,2757,no,304
t@em.ie,226,78,2764,no,305
t@em.ie,226,79,2773,no,306
t@em.ie,226,80,2788,no,307
t@em.ie,227,80,2797,no,308
t@em.ie,228,80,2803,no,309
t@em.ie,229,80,2816,no,310
t@em.ie,230,80,2827,no,311
t@em.ie,231,80,2832,no,312
t@em.ie,232,80,2837,no,313
t@em.ie,233,80,2846,no,314
t@em.ie,234,80,2854,no,315
t@em.ie,235,80,2868,no,316
t@em.ie,235,81,2878,no,317
t@em.ie,236,81,2887,no,318
t@em.ie,237,81,2897,no,319
t@em.ie,237,82,2911,no,320
t@em.ie,238,82,2916,no,321
t@em.ie,238,83,2925,no,322
t@em.ie,239,83,2937,no,323
t@em.ie,240,83,2945,no,324
t@em.ie,241,83,2955,no,325
t@em.ie,242,83,2962,no,326
t@em.ie,242,84,2973,no,327
t@em.ie,243,84,2982,no,328
t@em.ie,244,84,2993,no,329
t@em.ie,244,85,3006,no,330
t@em.ie,245,85,3014,no,331
t@em.ie,246,85,3020,no,332
t@em.ie,247,85,3032,no,333
t@em.ie,248,85,3046,no,334
t@em.ie,249,85,3060,no,335
t@em.ie,250,85,3074,no,336
t@em.ie,251,85,3085,no,337
t@em.ie,252,85,3100,no,338
t@em.ie,253,85,3106,no,339
t@em.ie,254,85,3114,no,340
t@em.ie,255,85,3119,no,341
t@em.ie,256,85,3126,no,342
t@em.ie,257,85,3134,no,343
t@em.ie,258,85,3140,no,344
t@em.ie,259,85,3150,no,345
t@em.ie,260,85,3161,no,346
t@em.ie,260,86,3169,no,347
t@em.ie,261,86,3176,no,348
t@em.ie,262,86,3182,no,349
t@em.ie,263,86,3192,no,350
t@em.ie,264,86,3199,no,351
t@em.ie,265,86,3206,no,352
t@em.ie,265,87,3219,no,353
t@em.ie,265,88,3235,no,354
t@em.ie,265,89,3242,no,355
t@em.ie,266,89,3250,no,356
t@em.ie,267,89,3258,no,357
t@em.ie,268,89,3262,no,358
t@em.ie,268,90,3274,no,359
t@em.ie,268,91,3284,no,360
t@em.ie,269,91,3295,no,361
t@em.ie,270,91,3307,no,362
t@em.ie,270,92,3319,no,363
t@em.ie,270,93,3330,no,364
t@em.ie,271,93,3347,no,365
t@em.ie,272,93,3354,no,366
t@em.ie,272,94,3360,no,367
t@em.ie,273,94,3370,no,368
t@em.ie,274,94,3376,no,369
t@em.ie,274,95,3383,no,370
t@em.ie,275,95,3389,no,371
t@em.ie,276,95,3397,no,372
t@em.ie,277,95,3407,no,373
t@em.ie,277,96,3421,no,374
t@em.ie,278,96,3428,no,375
t@em.ie,279,96,3436,no,376
t@em.ie,280,96,3442,no,377
t@em.ie,281,96,3447,no,378
t@em.ie,282,96,3458,no,379
t@em.ie,282,97,3472,no,380
t@em.ie,282,98,3485,no,381
t@em.ie,282,99,3497,no,382
t@em.ie,282,100,3510,no,383
t@em.ie,283,100,3519,no,384
t@em.ie,284,100,3524,no,385
t@em.ie,284,101,3532,no,386
t@em.ie,285,101,3543,no,387
t@em.ie,286,101,3554,no,388
t@em.ie,286,102,3565,no,389
t@em.ie,287,102,3574,no,390
t@em.ie,288,102,3581,no,391
t@em.ie,288,103,3590,no,392
t@em.ie,289,103,3602,no,393
t@em.ie,290,103,3608,no,394
t@em.ie,291,103,3613,no,395
t@em.ie,292,103,3620,no,396
t@em.ie,293,103,3632,no,397
t@em.ie,294,103,3643,no,398
t@em.ie,295,103,3655,no,399
t@em.ie,295,104,3668,no,400
t@em.ie,296,104,3675,no,401
t@em.ie,297,104,3684,no,402
t@em.ie,298,104,3694,no,403
t@em.ie,299,104,3699,no,404
t@em.ie,299,105,3708,no,405
t@em.ie,299,106,3721,no,406
t@em.ie,300,106,3736,no,407
t@em.ie,301,106,3742,no,408
t@em.ie,302,106,3753,no,409
t@em.ie,303,106,3757,no,410
t@em.ie,304,106,3763,no,411
t@em.ie,305,106,3769,no,412
t@em.ie,306,106,3773,no,413
t@em.ie,307,106,3783,no,414
t@em.ie,307,107,3791,no,415
t@em.ie,308,107,3801,no,416
t@em.ie,309,107,3809,no,417
t@em.ie,310,107,3817,no,418
t@em.ie,310,108,3822,no,419
t@em.ie,311,108,3829,no,420
t@em.ie,312,108,3840,no,421
t@em.ie,313,108,3853,no,422
t@em.ie,314,108,3863,no,423
t@em.ie,315,108,3871,no,424
t@em.ie,316,108,3881,no,425
t@em.ie,317,108,3888,no,426
t@em.ie,317,109,3897,no,427
t@em.ie,318,109,3906,no,428
t@em.ie,319,109,3914,no,429
t@em.ie,320,109,3926,no,430
t@em.ie,321,109,3933,no,431
t@em.ie,322,109,3941,no,432
t@em.ie,323,109,3952,no,433
t@em.ie,323,110,3958,no,434
t@em.ie,323,111,3971,no,435
t@em.ie,324,111,3978,no,436
t@em.ie,325,111,3986,no,437
t@em.ie,326,111,3994,no,438
t@em.ie,327,111,4003,no,439
t@em.ie,328,111,4012,no,440
t@em.ie,329,111,4018,no,441
t@em.ie,330,111,4027,no,442
t@em.ie,331,111,4035,no,443
t@em.ie,332,111,4044,no,444
t@em.ie,333,111,4055,no,445
t@em.ie,334,111,4060,no,446
t@em.ie,335,111,4073,no,447
t@em.ie,335,112,4083,no,448
t@em.ie,336,112,4091,no,449
t@em.ie,337,112,4099,no,450
t@em.ie,337,113,4105,no,451
t@em.ie,337,114,4112,no,452
t@em.ie,337,115,4119,no,453
t@em.ie,337,116,4131,no,454
t@em.ie,337,117,4140,no,455
t@em.ie,338,117,4149,no,456
t@em.ie,339,117,4154,no,457
t@em.ie,340,117,4162,no,458
t@em.ie,340,118,4168,no,459
t@em.ie,340,119,4182,no,460
t@em.ie,340,120,4196,no,461
t@em.ie,341,120,4205,no,462
t@em.ie,341,121,4214,no,463
t@em.ie,342,121,4218,no,464
t@em.ie,343,121,4224,no,465
t@em.ie,344,121,4233,no,466
t@em.ie,344,122,4245,no,467
t@em.ie,344,123,4255,no,468
t@em.ie,345,123,4262,no,469
t@em.ie,346,123,4273,no,470
t@em.ie,347,123,4284,no,471
t@em.ie,347,124,4292,no,472
t@em.ie,348,124,4301,no,473
t@em.ie,349,124,4309,no,474
t@em.ie,350,124,4320,no,475
t@em.ie,351,124,4329,no,476
t@em.ie,351,125,4342,no,477
t@em.ie,352,125,4352,no,478
t@em.ie,353,125,4357,no,479
t@em.ie,353,126,4365,no,480
t@em.ie,354,126,4370,no,481
t@em.ie,355,126,4376,no,482
t@em.ie,355,127,4385,no,483
t@em.ie,356,127,4397,no,484
t@em.ie,357,127,4405,no,485
t@em.ie,357,128,4412,no,486
t@em.ie,357,129,4422,no,487
t@em.ie,358,129,4438,no,488
t@em.ie,358,130,4450,no,489
t@em.ie,358,131,4459,no,490
t@em.ie,359,131,4464,no,491
t@em.ie,359,132,4472,no,492
t@em.ie,360,132,4479,no,493
t@em.ie,361,132,4493,no,494
t@em.ie,362,132,4501,no,495
t@em.ie,363,132,4507,no,496
t@em.ie,364,132,4519,no,497
t@em.ie,365,132,4529,no,498
t@em.ie,365,133,4540,no,499
t@em.ie,366,133,4546,no,500
t@em.ie,367,133,4553,no,501
t@em.ie,367,134,4568,no,502
t@em.ie,368,134,4579,no,503
t@em.ie,369,134,4585,no,504
t@em.ie,370,134,4597,no,505
t@em.ie,371,134,4606,no,506
t@em.ie,372,134,4613,no,507
t@em.ie,373,134,4618,no,508
t@em.ie,374,134,4625,no,509
t@em.ie,375,134,4632,no,510
t@em.ie,375,135,4643,no,511
t@em.ie,376,135,4657,no,512
t@em.ie,376,136,4664,no,513
t@em.ie,377,136,4672,no,514
t@em.ie,378,136,4683,no,515
t@em.ie,378,137,4696,no,516
t@em.ie,378,138,4706,no,517
t@em.ie,379,138,4719,no,518
t@em.ie,380,138,4726,no,519
t@em.ie,381,138,4733,no,520
t@em.ie,382,138,4749,no,521
t@em.ie,382,139,4759,no,522
t@em.ie,382,140,4771,no,523
t@em.ie,382,141,4780,no,524
t@em.ie,382,142,4788,no,525
t@em.ie,382,143,4797,no,526
t@em.ie,383,143,4806,no,527
t@em.ie,384,143,4813,no,528
t@em.ie,384,144,4825,no,529
t@em.ie,385,144,4838,no,530
t@em.ie,386,144,4846,no,531
t@em.ie,387,144,4856,no,532
t@em.ie,388,144,4867,no,533
t@em.ie,389,144,4874,no,534
t@em.ie,390,144,4882,no,535
t@em.ie,391,144,4891,no,536
t@em.ie,391,145,4901,no,537
t@em.ie,392,145,4911,no,538
t@em.ie,393,145,4916,no,539
t@em.ie,393,146,4923,no,540
t@em.ie,394,146,4933,no,541
t@em.ie,395,146,4938,no,542
t@em.ie,395,147,4950,no,543
t@em.ie,396,147,4957,no,544
t@em.ie,397,147,4963,no,545
t@em.ie,397,148,4976,no,546
t@em.ie,397,149,4983,no,547
t@em.ie,398,149,4994,no,548
t@em.ie,399,149,5005,no,549
t@em.ie,400,149,5016,no,550
t@em.ie,401,149,5025,no,551
t@em.ie,402,149,5036,no,552
t@em.ie,403,149,5042,no,553
t@em.ie,403,150,5050,no,554
t@em.ie,404,150,5054,no,555
t@em.ie,405,150,5063,no,556
t@em.ie,405,151,5072,no,557
t@em.ie,406,151,5081,no,558
t@em.ie,407,151,5090,no,559
t@em.ie,408,151,5098,no,560
t@em.ie,409,151,5104,no,561
t@em.ie,410,151,5116,no,562
t@em.ie,411,151,5126,no,563
t@em.ie,412,151,5136,no,564
t@em.ie,413,151,5142,no,565
t@em.ie,414,151,5147,no,566
t@em.ie,415,151,5155,no,567
t@em.ie,416,151,5160,no,568
t@em.ie,417,151,5170,no,569
t@em.ie,417,152,5175,no,570
t@em.ie,417,153,5182,no,571
t@em.ie,418,153,5188,no,572
t@em.ie,419,153,5196,no,573
t@em.ie,420,153,5202,no,574
t@em.ie,421,153,5210,no,575
t@em.ie,421,154,5219,no,576
t@em.ie,422,154,5228,no,577
t@em.ie,422,155,5239,no,578
t@em.ie,423,155,5250,no,579
t@em.ie,424,155,5257,no,580
t@em.ie,425,155,5262,no,581
t@em.ie,426,155,5271,no,582
t@em.ie,427,155,5281,no,583
t@em.ie,428,155,5288,no,584
t@em.ie,429,155,5302,no,585
t@em.ie,430,155,5315,no,586
t@em.ie,431,155,5326,no,587
t@em.ie,432,155,5338,no,588
t@em.ie,432,156,5347,no,589
t@em.ie,433,156,5354,no,590
t@em.ie,434,156,5367,no,591
t@em.ie,435,156,5375,no,592
t@em.ie,436,156,5383,no,593
t@em.ie,436,157,5391,no,594
t@em.ie,437,157,5401,no,595
t@em.ie,438,157,5409,no,596
t@em.ie,439,157,5421,no,597
t@em.ie,439,158,5434,no,598
t@em.ie,439,159,5439,no,599
t@em.ie,440,159,5448,no,600
t@em.ie,441,159,5455,no,601
t@em.ie,442,159,5468,no,602
t@em.ie,443,159,5472,no,603
t@em.ie,444,159,5477,no,604
t@em.ie,444,160,5486,no,605
t@em.ie,445,160,5492,no,606
t@em.ie,446,160,5502,no,607
t@em.ie,447,160,5510,no,608
t@em.ie,447,161,5523,no,609
t@em.ie,447,162,5530,no,610
t@em.ie,447,163,5539,no,611
t@em.ie,448,163,5549,no,612
t@em.ie,449,163,5555,no,613
t@em.ie,450,163,5563,no,614
t@em.ie,450,164,5576,no,615
t@em.ie,451,164,5584,no,616
t@em.ie,451,165,5594,no,617
t@em.ie,452,165,5605,no,618
t@em.ie,452,166,5616,no,619
t@em.ie,453,166,5623,no,620
t@em.ie,453,167,5629,no,621
t@em.ie,454,167,5641,no,622
t@em.ie,455,167,5654,no,623
t@em.ie,456,167,5665,no,624
t@em.ie,457,167,5678,no,625
t@em.ie,457,168,5689,no,626
t@em.ie,457,169,5701,no,627
t@em.ie,458,169,5715,no,628
t@em.ie,459,169,5722,no,629
t@em.ie,460,169,5726,no,630
t@em.ie,460,170,5733,no,631
t@em.ie,461,170,5742,no,632
t@em.ie,462,170,5752,no,633
t@em.ie,463,170,5763,no,634
t@em.ie,464,170,5774,no,635
t@em.ie,464,171,5787,no,636
t@em.ie,465,171,5803,no,637
t@em.ie,465,172,5812,no,638
t@em.ie,466,172,5820,no,639
t@em.ie,467,172,5827,no,640
t@em.ie,468,172,5837,no,641
t@em.ie,468,173,5844,no,642
t@em.ie,469,173,5852,no,643
t@em.ie,469,174,5865,no,644
t@em.ie,470,174,5872,no,645
t@em.ie,470,175,5881,no,646
t@em.ie,471,175,5885,no,647
t@em.ie,471,176,5892,no,648
t@em.ie,471,177,5906,no,649
t@em.ie,472,177,5913,no,650
t@em.ie,473,177,5921,no,651
t@em.ie,473,178,5930,no,652
t@em.ie,474,178,5940,no,653
t@em.ie,474,179,5958,no,654
t@em.ie,475,179,5962,no,655
t@em.ie,476,179,5971,no,656
t@em.ie,477,179,5982,no,657
t@em.ie,478,179,5994,no,658
t@em.ie,478,180,6005,no,659
t@em.ie,479,180,6017,no,660
t@em.ie,480,180,6023,no,661
t@em.ie,481,180,6030,no,662
t@em.ie,481,181,6037,no,663
t@em.ie,482,181,6049,no,664
t@em.ie,482,182,6056,no,665
t@em.ie,483,182,6068,no,666
t@em.ie,484,182,6076,no,667
t@em.ie,485,182,6089,no,668
t@em.ie,486,182,6094,no,669
t@em.ie,487,182,6101,no,670
t@em.ie,488,182,6113,no,671
t@em.ie,489,182,6120,no,672
t@em.ie,490,182,6129,no,673
t@em.ie,491,182,6138,no,674
t@em.ie,492,182,6143,no,675
t@em.ie,493,182,6149,no,676
t@em.ie,493,183,6159,no,677
t@em.ie,494,183,6168,no,678
t@em.ie,495,183,6175,no,679
t@em.ie,496,183,6183,no,680
t@em.ie,497,183,6193,no,681
t@em.ie,498,183,6206,no,682
t@em.ie,499,183,6218,no,683
t@em.ie,500,183,6225,no,684
t@em.ie,501,183,6229,no,685
t@em.ie,502,183,6238,no,686
t@em.ie,503,183,6253,no,687
t@em.ie,504,183,6259,no,688
t@em.ie,505,183,6265,no,689
t@em.ie,506,183,6284,no,690
t@em.ie,507,183,6293,no,691
t@em.ie,507,184,6302,no,692
t@em.ie,508,184,6309,no,693
t@em.ie,509,184,6315,no,694
t@em.ie,510,184,6324,no,695
t@em.ie,511,184,6331,no,696
t@em.ie,512,184,6342,no,697
t@em.ie,513,184,6355,no,698
t@em.ie,513,185,6368,no,699
t@em.ie,514,185,6378,no,700
t@em.ie,515,185,6385,no,701
t@em.ie,516,185,6393,no,702
t@em.ie,516,186,6404,no,703
t@em.ie,517,186,6410,no,704
t@em.ie,518,186,6423,no,705
t@em.ie,519,186,6433,no,706
t@em.ie,520,186,6441,no,707
t@em.ie,521,186,6452,no,708
t@em.ie,522,186,6457,no,709
t@em.ie,523,186,6467,no,710
t@em.ie,524,186,6477,no,711
t@em.ie,525,186,6484,no,712
t@em.ie,525,187,6492,no,713
t@em.ie,525,188,6503,no,714
t@em.ie,525,189,6514,no,715
t@em.ie,526,189,6523,no,716
t@em.ie,527,189,6529,no,717
t@em.ie,528,189,6534,no,718
t@em.ie,528,190,6547,no,719
t@em.ie,529,190,6557,no,720
t@em.ie,529,191,6567,no,721
t@em.ie,530,191,6574,no,722
t@em.ie,531,191,6579,no,723
t@em.ie,532,191,6588,no,724
t@em.ie,533,191,6595,no,725
t@em.ie,533,192,6606,no,726
t@em.ie,533,193,6614,no,727
t@em.ie,533,194,6625,no,728
t@em.ie,534,194,6629,no,729
t@em.ie,535,194,6640,no,730
t@em.ie,536,194,6646,no,731
t@em.ie,537,194,6651,no,732
t@em.ie,537,195,6669,no,733
t@em.ie,538,195,6679,no,734
t@em.ie,539,195,6688,no,735
t@em.ie,540,195,6694,no,736
t@em.ie,541,195,6705,no,737
t@em.ie,542,195,6712,no,738
t@em.ie,543,195,6720,no,739
t@em.ie,544,195,6730,no,740
t@em.ie,545,195,6736,no,741
t@em.ie,545,196,6748,no,742
t@em.ie,546,196,6760,no,743
t@em.ie,547,196,6768,no,744
t@em.ie,548,196,6778,no,745
t@em.ie,549,196,6786,no,746
t@em.ie,550,196,6797,no,747
t@em.ie,551,196,6803,no,748
t@em.ie,552,196,6814,no,749
t@em.ie,552,197,6820,no,750
t@em.ie,553,197,6826,no,751
t@em.ie,554,197,6830,no,752
t@em.ie,555,197,6836,no,753
t@em.ie,555,198,6844,no,754
t@em.ie,556,198,6852,no,755
t@em.ie,557,198,6861,no,756
t@em.ie,557,199,6871,no,757
t@em.ie,558,199,6880,no,758
t@em.ie,558,200,6884,no,759
t@em.ie,558,201,6890,no,760
t@em.ie,559,201,6903,no,761
t@em.ie,560,201,6912,no,762
t@em.ie,561,201,6920,no,763
t@em.ie,562,201,6931,no,764
t@em.ie,562,202,6945,no,765
t@em.ie,563,202,6949,no,766
t@em.ie,564,202,6958,no,767
t@em.ie,564,203,6966,no,768
t@em.ie,564,204,6979,no,769
t@em.ie,565,204,6984,no,770
t@em.ie,566,204,6992,no,771
t@em.ie,567,204,6997,no,772
t@em.ie,567,205,7006,no,773
t@em.ie,568,205,7012,no,774
t@em.ie,569,205,7018,no,775
t@em.ie,570,205,7024,no,776
t@em.ie,570,206,7035,no,777
t@em.ie,571,206,7040,no,778
t@em.ie,572,206,7053,no,779
t@em.ie,573,206,7066,no,780
t@em.ie,574,206,7074,no,781
t@em.ie,574,207,7084,no,782
t@em.ie,575,207,7091,no,783
t@em.ie,576,207,7097,no,784
t@em.ie,576,208,7106,no,785
t@em.ie,577,208,7113,no,786
t@em.ie,578,208,7122,no,787
t@em.ie,578,209,7135,no,788
t@em.ie,578,210,7144,no,789
t@em.ie,579,210,7154,no,790
t@em.ie,580,210,7162,no,791
t@em.ie,581,210,7174,no,792
t@em.ie,582,210,7181,no,793
t@em.ie,583,210,7189,no,794
t@em.ie,584,210,7198,no,795
t@em.ie,585,210,7206,no,796
t@em.ie,586,210,7214,no,797
t@em.ie,587,210,7220,no,798
t@em.ie,587,211,7232,no,799
t@em.ie,588,211,7241,no,800
t@em.ie,589,211,7250,no,801
t@em.ie,590,211,7256,no,802
t@em.ie,591,211,7264,no,803
t@em.ie,592,211,7272,no,804
t@em.ie,593,211,7278,no,805
t@em.ie,594,211,7285,no,806
t@em.ie,595,211,7294,no,807
t@em.ie,596,211,7304,no,808
t@em.ie,597,211,7312,no,809
t@em.ie,597,212,7318,no,810
t@em.ie,598,212,7323,no,811
t@em.ie,599,212,7329,no,812
t@em.ie,599,213,7335,no,813
t@em.ie,600,213,7342,no,814
t@em.ie,601,213,7350,no,815
t@em.ie,602,213,7368,no,816
t@em.ie,603,213,7376,no,817
t@em.ie,604,213,7389,no,818
t@em.ie,604,214,7405,no,819
t@em.ie,605,214,7414,no,820
t@em.ie,606,214,7423,no,821
t@em.ie,607,214,7434,no,822
t@em.ie,608,214,7447,no,823
t@em.ie,609,214,7457,no,824
t@em.ie,610,214,7467,no,825
t@em.ie,611,214,7474,no,826
t@em.ie,611,215,7488,no,827
t@em.ie,612,215,7496,no,828
t@em.ie,613,215,7502,no,829
t@em.ie,614,215,7507,no,830
t@em.ie,615,215,7511,no,831
t@em.ie,616,215,7521,no,832
t@em.ie,617,215,7529,no,833
t@em.ie,618,215,7536,no,834
t@em.ie,618,216,7543,no,835
t@em.ie,619,216,7552,no,836
t@em.ie,619,217,7561,no,837
t@em.ie,619,218,7568,no,838
t@em.ie,619,219,7582,no,839
t@em.ie,619,220,7592,no,840
t@em.ie,620,220,7600,no,841
t@em.ie,621,220,7605,no,842
t@em.ie,622,220,7612,no,843
t@em.ie,623,220,7621,no,844
t@em.ie,623,221,7637,no,845
t@em.ie,624,221,7646,no,846
t@em.ie,625,221,7653,no,847
t@em.ie,625,222,7660,no,848
t@em.ie,626,222,7666,no,849
t@em.ie,627,222,7673,no,850
t@em.ie,628,222,7680,no,851
t@em.ie,629,222,7689,no,852
t@em.ie,630,222,7699,no,853
t@em.ie,631,222,7714,no,854
t@em.ie,632,222,7723,no,855
t@em.ie,632,223,7733,no,856
t@em.ie,632,224,7743,no,857
t@em.ie,633,224,7752,no,858
t@em.ie,634,224,7761,no,859
t@em.ie,635,224,7767,no,860
t@em.ie,635,225,7781,no,861
t@em.ie,636,225,7791,no,862
t@em.ie,637,225,7796,no,863
t@em.ie,638,225,7802,no,864
t@em.ie,639,225,7807,no,865
t@em.ie,639,226,7817,no,866
t@em.ie,640,226,7825,no,867
t@em.ie,640,227,7839,no,868
t@em.ie,641,227,7850,no,869
t@em.ie,642,227,7857,no,870
t@em.ie,643,227,7864,no,871
t@em.ie,644,227,7872,no,872
t@em.ie,645,227,7889,no,873
t@em.ie,645,228,7899,no,874
t@em.ie,646,228,7909,no,875
t@em.ie,647,228,7917,no,876
t@em.ie,648,228,7927,no,877
t@em.ie,649,228,7938,no,878
t@em.ie,649,229,7952,no,879
t@em.ie,650,229,7961,no,880
t@em.ie,651,229,7966,no,881
t@em.ie,652,229,7974,no,882
t@em.ie,653,229,7979,no,883
t@em.ie,653,230,7991,no,884
t@em.ie,654,230,7997,no,885
t@em.ie,654,231,8006,no,886
t@em.ie,654,232,8018,no,887
t@em.ie,655,232,8022,no,888
t@em.ie,656,232,8034,no,889
t@em.ie,657,232,8039,no,890
t@em.ie,658,232,8055,no,891
t@em.ie,659,232,8064,no,892
t@em.ie,660,232,8071,no,893
t@em.ie,661,232,8078,no,894
t@em.ie,662,232,8089,no,895
t@em.ie,663,232,8095,no,896
t@em.ie,664,232,8101,no,897
t@em.ie,665,232,8108,no,898
t@em.ie,665,233,8120,no,899
t@em.ie,666,233,8130,no,900
t@em.ie,667,233,8141,no,901
t@em.ie,668,233,8152,no,902
t@em.ie,669,233,8163,no,903
t@em.ie,670,233,8170,no,904
t@em.ie,671,233,8178,no,905
t@em.ie,672,233,8185,no,906
t@em.ie,672,234,8200,no,907
t@em.ie,673,234,8208,no,908
t@em.ie,674,234,8218,no,909
t@em.ie,675,234,8227,no,910
t@em.ie,675,235,8240,no,911
t@em.ie,676,235,8247,no,912
t@em.ie,676,236,8263,no,913
t@em.ie,677,236,8269,no,914
t@em.ie,678,236,8275,no,915
t@em.ie,678,237,8285,no,916
t@em.ie,679,237,8299,no,917
t@em.ie,680,237,8305,no,918
t@em.ie,681,237,8313,no,919
t@em.ie,682,237,8320,no,920
t@em.ie,682,238,8329,no,921
t@em.ie,683,238,8337,no,922
t@em.ie,684,238,8354,no,923
t@em.ie,685,238,8362,no,924
t@em.ie,686,238,8370,no,925
t@em.ie,686,239,8380,no,926
t@em.ie,687,239,8391,no,927
t@em.ie,688,239,8397,no,928
t@em.ie,689,239,8406,no,929
t@em.ie,690,239,8414,no,930
t@em.ie,691,239,8426,no,931
t@em.ie,691,240,8436,no,932
t@em.ie,692,240,8455,no,933
t@em.ie,693,240,8467,no,934
t@em.ie,694,240,8475,no,935
t@em.ie,695,240,8484,no,936
t@em.ie,696,240,8501,no,937
t@em.ie,697,240,8510,no,938
t@em.ie,697,241,8515,no,939
t@em.ie,697,242,8527,no,940
t@em.ie,698,242,8532,no,941
t@em.ie,699,242,8540,no,942
t@em.ie,699,243,8550,no,943
t@em.ie,700,243,8559,no,944
t@em.ie,701,243,8565,no,945
t@em.ie,702,243,8574,no,946
t@em.ie,703,243,8579,no,947
t@em.ie,704,243,8586,no,948
t@em.ie,704,244,8599,no,949
t@em.ie,705,244,8604,no,950
t@em.ie,706,244,8613,no,951
t@em.ie,707,244,8624,no,952
t@em.ie,708,244,8634,no,953
t@em.ie,709,244,8643,no,954
t@em.ie,710,244,8649,no,955
t@em.ie,711,244,8655,no,956
t@em.ie,712,244,8662,no,957
t@em.ie,713,244,8669,no,958
t@em.ie,714,244,8677,no,959
t@em.ie,715,244,8683,no,960
t@em.ie,716,244,8693,no,961
t@em.ie,717,244,8713,no,962
t@em.ie,718,244,8719,no,963
t@em.ie,718,245,8731,no,964
t@em.ie,719,245,8738,no,965
t@em.ie,720,245,8746,no,966
t@em.ie,721,245,8754,no,967
t@em.ie,722,245,8761,no,968
t@em.ie,722,246,8770,no,969
t@em.ie,723,246,8781,no,970
t@em.ie,724,246,8787,no,971
t@em.ie,725,246,8796,no,972
t@em.ie,725,247,8807,no,973
t@em.ie,726,247,8814,no,974
t@em.ie,727,247,8821,no,975
t@em.ie,727,248,8829,no,976
t@em.ie,728,248,8836,no,977
t@em.ie,728,249,8852,no,978
t@em.ie,728,250,8857,no,979
t@em.ie,729,250,8864,no,980
t@em.ie,730,250,8869,no,981
t@em.ie,731,250,8879,no,982
t@em.ie,731,251,8886,no,983
t@em.ie,731,252,8900,no,984
t@em.ie,732,252,8908,no,985
t@em.ie,733,252,8916,no,986
t@em.ie,734,252,8921,no,987
t@em.ie,735,252,8930,no,988
t@em.ie,736,252,8939,no,989
t@em.ie,736,253,8948,no,990
t@em.ie,737,253,8956,no,991
t@em.ie,738,253,8964,no,992
t@em.ie,739,253,8971,no,993
t@em.ie,740,253,8982,no,994
t@em.ie,740,254,8993,no,995
t@em.ie,741,254,9005,no,996
t@em.ie,741,255,9012,no,997
t@em.ie,741,256,9028,no,998
t@em.ie,741,257,9033,no,999
t@em.ie,742,257,9043,no,1000
